117383
117385
117387
117389
117390
117392
117393
117394
117395
117396
117398
117400
117401
117402
117403
117405
117406
117408
117410
117419
117420
117428
117434
117436
117437
117438
117439
117440
117441
117442
117446
117447
117450
117451
117452
117453
117454
117455
117456
117457
117459
117460
117461
117462
117463
117464
117465
117474
117475
117477
117479
117480
117481
117483
117484
117485
117486
117487
117488
117489
117492
117493
117494
117495
117496
117497
117498
117500
117501
117502
117504
117506
117508
117509
117510
117511
117512
117523
117527
117536
117537
117538
117539
117548
117549
117553
117554
117555
117556
117557
117558
117559
117560
117561
117562
117563
117564
117565
117566
117567
117568
117569
117570
117572
117574
117575
117576
117577
117579
117580
117583
117586
117587
117588
117589
117590
117591
117598
117600
117601
117604
117606
117609
117610
117611
117612
117613
117614
117615
117616
117619
117620
117627
117630
117631
117632
117636
117637
117638
117639
117642
117643
117644
117645
117646
117648
117649
117650
117651
117652
117653
117654
117655
117656
117658
117659
117661
117662
117666
117667
117668
117669
117670
117671
117672
117673
117674
117675
117676
117677
117678
117679
117680
117681
117682
117683
117684
117685
117686
117687
117689
117690
117691
117695
117696
117697
117698
117699
117700
117701
117704
117705
117706
117707
117709
117718
117720
117721
117722
117723
117725
117726
117728
117729
117730
117731
117732
117733
117735
117736
117737
117740
117743
117744
117745
117746
117747
117748
117749
117750
117752
117753
117754
117760
117761
117762
117765
117766
117767
117771
117775
117776
117780
117782
117783
117784
117785
117787
117788
117789
117790
117791
117793
117794
117795
117799
117801
117802
117804
117805
117807
117816
117819
117821
117822
117823
117824
117826
117827
117828
117829
117830
117832
117833
117834
117835
117836
117837
117838
117843
117844
117845
117847
117848
117850
117851
117852
117853
117854
117856
117857
117858
117859
117860
117861
117863
117864
117866
117867
117868
117869
117870
117871
117872
117873
117875
117876
117878
117879
117880
117881
117882
117885
117886
117888
117889
117890
117891
117892
117893
117897
117898
117899
117900
117903
117904
117905
117906
117916
117917
117919
117920
117921
117922
117923
117924
117925
117944
117945
117946
117947
117948
117949
117950
117952
117953
117957
117958
117959
117960
117961
117962
117963
117964
117965
117966
117967
117969
117971
117972
117973
117974
117975
117976
117977
117978
117979
117980
117981
117983
117985
117987
117989
117990
117991
117993
117994
117995
117996
117997
117998
118006
118007
118008
118009
118010
118012
118013
118014
118016
118017
118018
118019
118020
118021
118022
118023
118024
118025
118027
118028
118032
118033
118034
118035
118036
118038
118039
118044
118046
118047
118048
118049
118052
118053
118057
118058
118060
118061
118062
118063
118064
118066
118067
118068
118069
118070
118073
118076
118077
118078
118081
118082
118083
118085
118086
118087
118088
118089
118090
118091
118094
118095
118096
118097
118098
118195
118197
118207
118210
118214
118218
118219
118225
118226
118232
118235
118238
118242
118258
118260
118261
118263
118276
118306
118307
118310
118311
118313
118314
118315
118319
118321
118322
118324
118326
118327
118328
118329
118330
118331
118332
118333
118334
118335
118337
118338
118339
118340
118341
118342
118345
118346
118347
118348
118349
118350
118351
118352
118353
118354
118355
118356
118357
118358
118359
118360
118361
118362
118363
118364
118365
118366
118377
118378
118379
118380
118381
118382
118383
118384
118385
118386
118387
118388
118389
118390
118391
118392
118393
118394
118395
118396
118397
118399
118400
118401
118402
118404
118405
118406
118407
118409
118410
118411
118412
118413
118414
118415
118416
118417
118418
118420
118423
118433
118434
118446
118448
118450
118454
118455
118457
118458
118459
118460
118461
118468
118469
118470
118471
118472
118473
118478
118479
118480
118481
118483
118484
118485
118493
118494
118495
118496
118497
118498
118499
118501
118502
118503
118504
118505
118506
118507
118519
118520
118521
118522
118523
118525
118526
118527
118528
118529
118530
118532
118533
118534
118535
118536
118537
118538
118539
118540
118541
118542
118544
118545
118548
118549
118550
118551
118554
118555
118556
118557
118558
118559
118560
118561
118562
118563
118565
118566
118567
118568
118570
118571
118572
118573
118574
118575
118577
118578
118579
118580
118593
118594
118595
118596
118597
118598
118599
118600
118601
118602
118603
118604
118606
118607
118608
118609
118610
118611
118612
118613
118614
118615
118616
118617
118618
118619
118620
118621
118622
118623
118624
118625
118626
118627
118628
118629
118631
118632
118633
118634
118638
118640
118642
118643
118644
118645
118646
118648
118649
118652
118653
118654
118655
118656
118657
118658
118668
118670
118671
118672
118676
118677
118678
118680
118681
118682
118685
118686
118687
118688
118692
118693
118694
118695
118696
118698
118699
118705
118706
118709
118710
118711
118713
118715
118716
118717
118722
118725
118729
118730
118732
118734
118736
118737
118738
118739
118740
118742
118743
118744
118745
118746
118748
118749
118750
118751
118756
118757
118758
118759
118760
118761
118771
118772
118773
118774
118776
118777
118778
118779
118780
118781
118782
118785
118787
118788
118789
118790
118792
118793
118794
118795
118796
118797
118798
118800
118801
118805
118806
118807
118808
118809
118810
118811
118812
118813
118814
118816
118817
118818
118819
118820
118821
118822
118823
118824
118825
118826
118827
118828
118829
118830
118831
118832
118833
118834
118835
118836
118837
118838
118839
118840
118841
118842
118843
118844
118845
118846
118855
118856
118858
118859
118860
118861
118862
118863
118864
118865
118866
118867
118870
118871
118872
118873
118874
118876
118877
118878
118879
118880
118881
118882
118883
118884
118887
118888
118889
118890
118891
118892
118893
118894
118895
118896
118897
118898
118899
118900
118901
118902
118903
118904
118905
118906
118907
118908
118909
118910
118911
118912
118913
118914
118915
118916
118917
118927
118928
118929
118930
118931
118932
118933
118934
118935
118936
118937
118940
118941
118942
118943
118944
118950
118953
118954
118955
118956
118957
118958
118959
118960
118961
118962
118969
118972
118973
118974
118975
118976
118977
118978
118979
118980
118981
118982
118983
118984
118985
118986
118988
118989
118990
118991
118992
118993
118994
119004
119006
119007
119008
119009
119010
119011
119014
119015
119016
119017
119018
119019
119020
119024
119025
119027
119028
119034
119035
119036
119037
119038
119039
119040
119041
119042
119043
119045
119052
119053
119054
119055
119056
119057
119058
119060
119061
119062
119063
119064
119065
119066
119067
119068
119069
119070
119078
119079
119080
119082
119083
119085
119087
119088
119089
119090
119091
119092
119093
119094
119096
119097
119098
119099
119100
119101
119102
119103
119104
119105
119106
119107
119109
119110
119111
119114
119115
119116
119117
119118
119119
119121
119122
119123
119124
119125
119126
119127
119128
119132
119133
119134
119135
119136
119137
119138
119139
119151
119152
119153
119154
119155
119156
119157
119158
119159
119160
119161
119162
119163
119164
119165
119167
119173
119174
119175
119176
119177
119178
119179
119180
119181
119182
119188
119189
119191
119193
119194
119195
119200
119204
119206
119207
119211
119212
119213
119214
119215
119216
119218
119219
119220
119222
119223
119224
119225
119238
119239
119240
119241
119242
119243
119244
119245
119246
119247
119248
119249
119250
119251
119252
119253
119254
119255
119256
119257
119260
119261
119262
119263
119264
119265
119266
119267
119268
119269
119270
119272
119274
119275
119278
119280
119281
119282
119283
119285
119286
119287
119288
119289
119290
119291
119292
119293
119296
119297
119298
119299
119300
119301
119302
119303
119304
119305
119306
119307
119308
119309
119310
119311
119312
119313
119326
119327
119328
119329
119332
119333
119334
119335
119336
119337
119338
119339
119341
119343
119344
119345
119346
119347
119349
119351
119352
119353
119355
119358
119362
119363
119364
119366
119372
119373
119374
119375
119377
119378
119379
119380
119383
119387
119392
119393
119394
119406
119408
119409
119410
119411
119412
119413
119414
119415
119416
119418
119419
119420
119421
119422
119424
119425
119426
119427
119428
119429
119430
119431
119432
119433
119434
119435
119436
119437
119438
119439
119445
119446
119447
119448
119449
119450
119451
119452
119453
119454
119458
119459
119460
119461
119462
119463
119464
119465
119466
119467
119468
119469
119470
119475
119476
119484
119485
119486
119487
119488
119489
119491
119492
119493
119494
119495
119496
119497
119498
119499
119500
119501
119502
119503
119504
119505
119507
119508
119509
119510
119511
119512
119513
119514
119515
119516
119517
119518
119520
119521
119522
119523
119524
119525
119526
119527
119528
119529
119530
119531
119532
119533
119534
119535
119536
119546
119547
119548
119549
119550
119551
119552
119553
119554
119555
119556
119557
119558
119559
119560
119561
119562
119563
119570
119571
119573
119574
119575
119577
119578
119580
119582
119583
119584
119585
119587
119588
119597
119598
119599
119601
119602
119603
119604
119605
119607
119608
119609
119610
119611
119612
119613
119614
119615
119616
119617
119618
119620
119621
119622
119623
119624
119625
119626
119627
119628
119629
119630
119631
119632
119633
119634
119635
119636
119637
119638
119650
119651
119652
119653
119654
119655
119656
119657
119658
119659
119662
119663
119664
119665
119666
119667
119668
119669
119670
119671
119672
119673
119674
119675
119676
119677
119678
119679
119680
119681
119682
119683
119684
119685
119686
119687
119688
119689
119690
119691
119692
119693
119694
119695
119696
119697
119698
119699
119700
119701
119702
119703
119704
119705
119706
119707
119708
119709
119710
119711
119712
119724
119725
119726
119727
119728
119729
119730
119731
119732
119733
119734
119735
119737
119738
119739
119740
119741
119742
119743
119744
119745
119746
119747
119748
119749
119750
119751
119752
119753
119754
119755
119756
119757
119758
119759
119760
119761
119762
119763
119764
119765
119766
119767
119768
119769
119777
119778
119779
119780
119781
119782
119783
119784
119786
119787
119788
119790
119791
119792
119793
119794
119796
119797
119798
119799
119800
119801
119802
119803
119804
119805
119806
119807
119808
119809
119810
119811
119812
119813
119814
119816
119817
119821
119822
119823
119824
119826
119827
119836
119837
119838
119839
119840
119841
119842
119843
119844
119845
119846
119847
119848
119849
119850
119851
119852
119853
119855
119857
119858
119859
119860
119862
119863
119864
119865
119866
119867
119868
119869
119870
119871
119872
119873
119874
119876
119877
119878
119879
119881
119886
119889
119899
119900
119901
119902
119903
119904
119906
119907
119908
119909
119910
119911
119912
119913
119914
119915
119916
119917
119918
119919
119920
119921
119922
119923
119924
119925
119926
119930
119931
119932
119933
119934
119936
119937
119938
119940
119941
119943
119944
119945
119946
119947
119948
119950
119959
119960
119961
119962
119963
119966
119967
119968
119969
119972
119973
119974
119977
119978
119980
119982
119983
119984
119985
119987
119988
119993
119994
119998
119999
120003
120007
120018
120019
120020
120021
120022
120023
120024
120025
120026
120027
120028
120029
120030
120031
120032
120033
120034
120035
120036
120037
120038
120039
120040
120041
120042
120044
120045
120046
120047
120048
120049
120050
120051
120052
120053
120054
120056
120059
120060
120062
120063
120064
120067
120068
120069
120077
120078
120081
120130
120131
120132
120134
120135
120137
120138
120139
120140
120141
120142
120143
120144
120145
120146
120147
120148
120149
120150
120151
120152
120154
120155
120156
120157
120158
120159
120160
120161
120162
120164
120165
120166
120167
120168
120191
120192
120193
120194
120195
120197
120199
120200
120201
120202
120203
120204
120205
120206
120207
120208
120209
120212
120213
120214
120215
120216
120217
120218
120219
120220
120221
120222
120223
120224
120225
120226
120227
120228
120229
120230
120232
120233
120234
120237
120238
120239
120241
120242
120243
120244
120245
120246
120247
120248
120249
120251
120252
120253
120262
120263
120264
120265
120266
120267
120268
120269
120271
120272
120273
120274
120275
120277
120280
120281
120282
120284
120285
120287
120291
120292
120293
120294
120295
120302
120305
120306
120315
120316
120317
120318
120319
120320
120321
120322
120323
120324
120325
120327
120329
120330
120331
120334
120335
120337
120338
120339
120340
120341
120342
120343
120344
120345
120347
120348
120351
120352
120353
120354
120355
120356
120357
120358
120360
120363
120365
120366
120367
120370
120371
120372
120374
120375
120378
120379
120386
120387
120388
120393
120394
120395
120396
120397
120398
120399
120400
120401
120402
120403
120404
120405
120407
120408
120409
120410
120411
120412
120413
120414
120415
120418
120419
120420
120421
120423
120424
120425
120426
120427
120428
120429
120430
120431
120432
120433
120434
120435
120436
120438
120439
120440
120441
120442
120443
120444
120446
120449
120451
120452
120453
120454
120455
120456
120457
120459
120460
120463
120464
120473
120474
120476
120478
120479
120480
120481
120482
120483
120484
120485
120486
120488
120489
120490
120491
120492
120493
120495
120497
120499
120502
120504
120505
120506
120508
120510
120512
120513
120516
120517
120518
120520
120521
120522
120523
120524
120525
120527
120528
120529
120530
120533
120534
120538
120539
120556
120557
120558
120565
120566
120567
120568
120569
120570
120571
120572
120573
120574
120576
120577
120578
120580
120581
120585
120586
120588
120590
120591
120592
120593
120594
120596
120598
120603
120612
120613
120614
120615
120617
120618
120619
120620
120621
120867
120875
120876
120883
120894
120908
120910
120911
120914
120915
120917
120918
120919
120920
120921
120922
120923
120924
120925
120926
120927
120928
120929
120930
120932
120933
120934
120935
120936
120937
120939
120940
120941
120942
120943
120944
120945
120946
120947
120948
120949
120950
120951
120952
120954
120955
120956
120957
120961
120962
120963
120964
120965
120966
120981
120982
120984
120987
120998
121001
121003
121004
121006
121007
121009
121012
121014
121016
121017
121018
121019
121020
121021
121024
121025
121026
121028
121029
121030
121031
121032
121033
121036
121038
121040
121041
121042
121045
121046
121047
121048
121049
121051
121052
121053
121054
121055
121057
121058
121059
121060
121061
121062
121063
121064
121066
121067
121068
121069
121071
121074
121075
121076
121077
121078
121080
121082
121083
121084
121085
121086
121087
121088
121090
121091
121092
121093
121094
121095
121096
121097
121100
121101
121102
121103
121104
121105
121121
121122
121123
121124
121125
121126
121127
121128
121130
121131
121132
121133
121134
121135
121136
121137
121138
121139
121142
121143
121144
121145
121146
121147
121149
121150
121151
121152
121154
121155
121156
121157
121160
121162
121163
121164
121165
121166
121167
121168
121169
121170
121171
121172
121173
121174
121175
121176
121177
121178
121182
121183
121184
121185
121186
121187
121188
121189
121190
121191
121192
121193
121195
121196
121197
121198
121199
121200
121201
121202
121203
121204
121205
121206
121207
121208
121210
121211
121212
121213
121214
121215
121216
121217
121218
121219
121220
121221
121222
121226
121227
121228
121229
121230
121231
121233
121234
121235
121236
121237
121238
121239
121240
121241
121260
121261
121262
121263
121265
121266
121267
121268
121269
121270
121271
121272
121273
121274
121276
121277
121278
121279
121280
121281
121284
121285
121286
121287
121288
121289
121290
121291
121292
121295
121297
121298
121299
121300
121301
121302
121303
121304
121305
121306
121307
121308
121312
121313
121315
121317
121318
121319
121320
121321
121322
121323
121324
121330
121332
121333
121335
121336
121337
121338
121339
121340
121341
121349
121350
121352
121354
121355
121356
121357
121358
121359
121360
121361
121363
121364
121365
121367
121368
121369
121370
121371
121372
121373
121374
121376
121377
121379
121380
121382
121384
121385
121386
121387
121388
121389
121390
121391
121392
121393
121394
121395
121397
121398
121399
121400
121401
121402
121403
121404
121405
121406
121409
121410
121411
121412
121415
121416
121417
121418
121419
121420
121423
121424
121425
121426
121427
121428
121429
121430
121431
121432
121433
121434
121435
121437
121438
121439
121440
121441
121443
121444
121445
121463
121465
121466
121467
121468
121469
121470
121471
121472
121473
121474
121475
121476
121477
121478
121479
121480
121481
121482
121483
121484
121485
121486
121487
121488
121489
121490
121492
121493
121494
121495
121496
121497
121498
121499
121500
121501
121502
121503
121504
121505
121506
121507
121508
121509
121510
121513
121514
121515
121516
121517
121518
121519
121521
121522
121523
121524
121525
121526
121529
121530
121531
121532
121533
121534
121535
121536
121537
121538
121539
121540
121555
121556
121557
121558
121559
121560
121561
121562
121563
121564
121565
121566
121567
121569
121570
121571
121572
121574
121575
121576
121577
121578
121579
121580
121581
121582
121583
121584
121585
121586
121587
121588
121589
121590
121591
121592
121593
121595
121596
121597
121598
121599
121600
121601
121602
121603
121604
121605
121606
121607
121608
121609
121610
121611
121612
121613
121614
121615
121616
121617
121618
121619
121620
121621
121623
121624
121625
121626
121629
121633
121634
121635
121636
121637
121638
121639
121641
121642
121645
121648
121649
121656
121657
121658
121659
121660
121661
121662
121664
121665
121667
121668
121669
121670
121671
121672
121673
121674
121675
121676
121677
121678
121679
121680
121681
121682
121683
121684
121685
121686
121687
121688
121689
121690
121691
121692
121693
121694
121695
121696
121697
121698
121699
121700
121701
121708
121709
121712
121713
121714
121715
121716
121717
121718
121719
121720
121721
121722
121723
121724
121725
121726
121727
121728
121729
121730
121731
121732
121733
121734
121735
121736
121737
121738
121739
121740
121741
121742
121744
121751
121752
121753
121754
121755
121756
121759
121760
121761
121762
121764
121765
121766
121767
121768
121769
121770
121771
121773
121774
121775
121777
121778
121779
121780
121781
121782
121783
121784
121785
121786
121787
121788
121789
121790
121791
121793
121794
121795
121796
121797
121798
121802
121803
121804
121805
121806
121807
121808
121809
121811
121812
121813
121814
121815
121816
121817
121819
121820
121821
121822
121823
121831
121832
121833
121834
121835
121836
121838
121839
121840
121843
121844
121845
121846
121847
121848
121849
121850
121851
121852
121853
121854
121855
121856
121858
121859
121860
121861
121862
121863
121864
121865
121866
121867
121868
121869
121870
121871
121872
121873
121874
121875
121876
121877
121878
121880
121881
121882
121883
121884
121885
121886
121887
121888
121890
121891
121893
121895
121896
121897
121898
121899
121902
121905
121906
121907
121908
121910
121918
121919
121920
121921
121922
121923
121924
121925
121926
121927
121928
121929
121930
121931
121932
121933
121934
121935
121936
121937
121938
121939
121940
121941
121942
121943
121944
121945
121946
121947
121948
121949
121950
121952
121959
121960
121961
121962
121963
121964
121965
121967
121968
121969
121970
121971
121972
121973
121974
121975
121976
121977
121978
121979
121980
121981
121982
121983
121984
121992
121993
121994
121995
122004
122006
122010
122011
122013
122014
122015
122016
122017
122018
122019
122020
122021
122022
122023
122024
122025
122026
122027
122028
122029
122030
122031
122032
122033
122034
122035
122036
122037
122038
122039
122040
122041
122042
122043
122044
122045
122046
122047
122048
122054
122058
122060
122062
122069
122081
122082
122083
122084
122085
122086
122087
122088
122089
122090
122091
122093
122094
122095
122096
122098
122099
122100
122101
122102
122103
122104
122105
122106
122107
122108
122110
122111
122112
122113
122114
122115
122116
122117
122118
122119
122121
122122
122123
122124
122125
122126
122127
122128
122129
122130
122131
122132
122133
122134
122135
122136
122137
122138
122139
122140
122141
122142
122143
122144
122145
122146
122148
122149
122157
122158
122160
122161
122162
122163
122164
122165
122166
122167
122169
122170
122171
122172
122173
122175
122176
122177
122178
122179
122180
122181
122182
122183
122184
122185
122186
122188
122189
122190
122192
122193
122194
122198
122199
122200
122203
122204
122206
122208
122209
122211
122223
122224
122225
122226
122227
122228
122229
122230
122232
122233
122234
122235
122236
122237
122238
122239
122240
122241
122242
122243
122244
122245
122246
122247
122248
122251
122252
122253
122254
122262
122263
122264
122265
122266
122267
122268
122269
122270
122271
122272
122273
122274
122275
122276
122277
122278
122279
122280
122281
122282
122284
122285
122286
122287
122288
122289
122290
122291
122292
122293
122294
122295
122296
122297
122298
122299
122300
122301
122303
122304
122305
122306
122307
122309
122310
122311
122312
122323
122324
122325
122326
122327
122328
122329
122331
122332
122333
122334
122335
122336
122337
122338
122339
122340
122341
122342
122343
122344
122345
122346
122347
122348
122349
122350
122351
122352
122353
122354
122355
122356
122357
122358
122359
122360
122362
122363
122364
122365
122366
122367
122368
122369
122370
122371
122372
122373
122374
122375
122376
122377
122378
122379
122380
122381
122392
122393
122394
122395
122397
122398
122399
122404
122405
122406
122407
122408
122409
122410
122411
122412
122413
122414
122415
122416
122417
122418
122419
122420
122421
122425
122426
122427
122428
122429
122430
122431
122432
122433
122434
122435
122436
122437
122438
122439
122440
122441
122442
122443
122444
122445
122446
122447
122448
122449
122450
122458
122459
122460
122461
122463
122464
122466
122467
122468
122469
122470
122471
122472
122473
122474
122476
122477
122478
122479
122480
122481
122482
122483
122484
122485
122487
122488
122489
122490
122491
122492
122493
122495
122496
122497
122498
122499
122500
122501
122502
122503
122504
122505
122506
122508
122509
122510
122514
122515
122516
122517
122518
122519
122520
122521
122529
122530
122531
122532
122533
122534
122537
122539
122541
122542
122543
122544
122545
122546
122547
122549
122550
122551
122553
122554
122555
122556
122557
122558
122559
122560
122562
122563
122564
122565
122566
122567
122568
122569
122570
122571
122572
122574
122576
122583
122584
122585
122586
122587
122588
122589
122590
122591
122592
122593
122594
122595
122596
122600
122601
122602
122603
122604
122605
122606
122607
122608
122609
122610
122611
122612
122613
122614
122615
122616
122617
122618
122619
122621
122622
122623
122624
122625
122627
122628
122629
122630
122631
122632
122633
122634
122635
122636
122637
122638
122639
122640
122642
122643
122644
122651
122652
122653
122654
122655
122656
122657
122658
122666
122667
122668
122669
122671
122672
122673
122674
122677
122678
122679
122680
122681
122682
122683
122684
122685
122686
122687
122689
122690
122691
122692
122693
122694
122695
122696
122697
122698
122699
122700
122703
122707
122708
122709
122710
122714
122715
122716
122717
122718
122719
122720
122721
122722
122723
122724
122728
122729
122730
122731
122732
122733
122734
122735
122736
122737
122738
122739
122740
122753
122754
122755
122760
122761
122763
122764
122766
122767
122768
122769
122770
122771
122772
122773
122774
122775
122776
122777
122779
122780
122781
122782
122784
122785
122786
122787
122788
122789
122790
122791
122792
122793
122794
122795
122796
122797
122798
122799
122801
122804
122805
122806
122808
122809
122812
122813
122814
122815
122816
122817
122818
122819
122821
122823
122824
122825
122826
122827
122828
122829
122830
122831
122832
122845
122847
122848
122849
122850
122851
122852
122855
122857
122859
122861
122862
122863
122864
122865
122866
122868
122871
122873
122876
122877
122879
122880
122881
122884
122885
122890
122891
122892
122894
122895
122896
122897
122898
122900
122907
122923
122924
122925
122926
122927
122928
122936
122941
122942
122943
122945
122947
122949
122950
122953
122954
122955
122956
122957
122958
122959
122962
122963
122964
122965
122966
122968
122969
122970
122973
122974
122975
122977
122978
122983
122984
122985
122986
122989
122990
122991
122992
122993
122995
123005
123006
123007
123008
123009
123011
123012
123016
123017
123018
123019
123021
123022
123023
123024
123026
123027
123028
123029
123030
123031
123039
123040
123043
123044
123045
123046
123047
123048
123053
123054
123057
123058
123059
123060
123061
123062
123063
123064
123065
123068
123069
123070
123071
123072
123073
123074
123075
123076
123077
123078
123079
123080
123089
123090
123091
123092
123095
123096
123097
123098
123099
123100
123101
123102
123103
123104
123106
123107
123109
123110
123111
123112
123113
123114
123115
123116
123117
123118
123119
123120
123121
123122
123123
123124
123127
123128
123129
123130
123131
123132
123133
123134
123135
123136
123137
123138
123139
123140
123141
123142
123149
123150
123151
123153
123154
123155
123156
123157
123158
123159
123160
123161
123162
123163
123164
123165
123166
123168
123170
123171
123172
123173
123174
123175
123176
123180
123181
123182
123183
123184
123185
123186
123187
123188
123189
123190
123191
123192
123193
123194
123195
123197
123198
123199
123200
123201
123202
123203
123205
123206
123207
123208
123209
123210
123211
123218
123223
123224
123225
123226
123227
123228
123229
123231
123235
123236
123237
123238
123239
123240
123241
123242
123243
123244
123245
123246
123247
123248
123249
123250
123259
123263
123264
123265
123266
123269
123270
123273
123274
123275
123277
123278
123279
123280
123283
123285
123286
123287
123288
123289
123290
123291
123299
123301
123302
123303
123304
123305
123306
123307
123308
123309
123310
123311
123313
123314
123325
123326
123330
123331
123332
123333
123334
123335
123336
123337
123338
123339
123340
123341
123342
123343
123344
123347
123349
123351
123352
123353
123354
123355
123356
123357
123358
123359
123361
123362
123364
123372
123373
123374
123375
123376
123377
123378
123379
123380
123383
123384
123385
123386
123387
123388
123390
123393
123394
123395
123396
123397
123399
123400
123404
123405
123406
123407
123409
123410
123411
123412
123427
123428
123429
123431
123432
123434
123435
123436
123438
123439
123440
123441
123442
123445
123447
123448
123449
123456
123457
123458
123459
123460
123463
123466
123471
123472
123473
123474
123475
123476
123477
123479
123480
123481
123487
123488
123489
123490
123491
123492
123493
123494
123495
123496
123497
123498
123499
123500
123501
123502
123503
123504
123505
123506
123507
123508
123509
123510
123511
123512
123513
123514
123515
123517
123518
123519
123520
123521
123522
123523
123524
123525
123527
123528
123530
123531
123532
123533
123534
123541
123543
123544
123545
123546
123547
123548
123549
123550
123551
123552
123553
123554
123555
123556
123558
123559
123560
123561
123562
123563
123564
123566
123567
123568
123569
123570
123571
123573
123577
123581
123582
123583
123585
123586
123589
123591
123592
123593
123594
123595
123596
123597
123598
123599
123600
123601
123602
123605
123607
123608
123609
123610
123611
123612
123613
123614
123616
123626
123627
123628
123629
123630
123631
123632
123634
123635
123636
123637
123638
123639
123640
123641
123642
123643
123644
123646
123647
123651
123655
123656
123657
123659
123660
123691
123692
123693
123694
123695
123696
123698
123699
123700
123701
123703
123705
123706
123707
123708
123713
123714
123715
123717
123727
123728
123735
123736
123737
123738
123739
123740
123742
123743
123744
123745
123746
123747
123748
123749
123752
123753
123754
123755
123762
123763
123764
123765
123766
123767
123768
123769
123770
123771
123773
123774
123775
123776
123777
123778
123779
123780
123781
123782
123783
123785
123786
123787
123788
123789
123790
123791
123792
123793
123794
123795
123796
123797
123798
123799
123800
123801
123802
123803
123804
123805
123806
123807
123809
123810
123811
123812
123813
123814
123815
123816
123817
123818
123819
123820
123821
123822
123823
123824
123825
123826
123827
123828
123829
123830
123831
123832
123833
123834
123835
123836
123843
123844
123848
123849
123850
123851
123852
123853
123854
123855
123856
123857
123858
123859
123860
123861
123862
123863
123864
123865
123866
123867
123868
123869
123870
123871
123873
123875
123877
123878
123879
123881
123886
123890
123891
123892
123893
123894
123895
123896
123897
123898
123899
123900
123901
123902
123903
123904
123905
123906
123907
123912
123915
123916
123917
123918
123919
123920
123921
123922
123923
123924
123926
123928
123938
123939
123940
123941
123942
123943
123944
123945
123946
123947
123948
123949
123952
123955
123956
123957
123958
123959
123960
123961
123962
123963
123964
123965
123966
123967
123969
123971
123977
123979
123980
123981
123982
123983
123984
123985
123986
123989
123990
123991
123992
123993
123994
123996
123997
123998
123999
124000
124001
124002
124004
124005
124006
124007
124008
124009
124010
124011
124012
124013
124014
124016
124017
124018
124027
124028
124029
124030
124031
124032
124036
124037
124038
124039
124041
124042
124045
124052
124053
124054
124055
124057
124058
124059
124060
124061
124062
124063
124064
124065
124066
124067
124070
124071
124072
124073
124074
124075
124076
124077
124080
124081
124082
124083
124085
124086
124087
124088
124089
124090
124091
124092
124093
124094
124095
124096
124097
124098
124099
124100
124101
124102
124103
124104
124105
124106
124107
124108
124117
124118
124122
124123
124124
124125
124126
124127
124128
124129
124130
124131
124132
124133
124134
124135
124136
124137
124144
124145
124146
124147
124148
124149
124150
124151
124152
124154
124155
124156
124158
124159
124160
124161
124162
124163
124164
124165
124166
124167
124169
124170
124171
124173
124174
124175
124176
124178
124179
124180
124182
124183
124185
124186
124187
124189
124190
124191
124193
124194
124195
124196
124197
124200
124201
124202
124204
124212
124213
124214
124218
124219
124220
124221
124222
124223
124226
124227
124228
124229
124231
124232
124234
124235
124236
124237
124238
124239
124240
124241
124242
124245
124246
124247
124248
124249
124250
124251
124255
124261
124262
124469
124477
124502
124507
124508
124509
124510
124511
124512
124514
124518
124519
124535
124539
124548
124552
124556
124558
124561
124562
124563
124565
124567
124570
124572
124577
124578
124581
124582
124584
124585
124586
124588
124590
124593
124609
124610
124611
124612
124618
124621
124622
124624
124625
124627
124628
124630
124631
124632
124635
124636
124638
124639
124641
124642
124645
124647
124650
124651
124652
124655
124656
124658
124660
124663
124665
124666
124667
124668
124669
124671
124672
124673
124674
124675
124676
124677
124678
124686
124687
124690
124692
124693
124694
124695
124696
124699
124700
124702
124703
124704
124705
124706
124707
124708
124709
124710
124711
124712
124713
124715
124716
124717
124718
124719
124721
124722
124724
124725
124726
124728
124729
124730
124731
124732
124738
124742
124743
124744
124745
124750
124751
124752
124755
124756
124757
124758
124759
124762
124763
124765
124767
124768
124771
124772
124773
124774
124775
124776
124777
124778
124779
124780
124781
124782
124783
124784
124785
124786
124787
124788
124789
124790
124791
124792
124793
124794
124795
124796
124797
124798
124799
124800
124801
124802
124803
124804
124805
124806
124807
124808
124809
124810
124811
124812
124813
124814
124815
124816
124817
124818
124819
124820
124821
124822
124823
124824
124825
124826
124827
124828
124829
124830
124831
124832
124833
124834
124835
124836
124837
124906
124909
124913
124917
124918
124922
124924
124925
124926
124927
124928
124929
124930
124931
124932
124933
124934
124935
124937
124938
124939
124941
124942
124943
124944
124945
124946
124947
124948
124950
124951
124952
124953
124954
124955
124956
124957
124958
124959
124960
124961
124962
124963
124965
124966
124967
124968
124969
124970
124972
124973
124974
124975
124976
124977
124979
124980
124981
125024
125025
125026
125027
125028
125029
125030
125031
125032
125033
125034
125037
125038
125041
125042
125043
125044
125045
125048
125049
125050
125051
125052
125053
125054
125055
125056
125057
125058
125059
125060
125061
125062
125063
125064
125065
125066
125067
125068
125069
125070
125071
125072
125073
125074
125076
125079
125080
125081
125082
125083
125085
125086
125087
125088
125093
125094
125105
125106
125107
125108
125109
125110
125111
125112
125115
125116
125117
125118
125119
125120
125121
125125
125129
125130
125132
125133
125134
125135
125136
125137
125138
125139
125140
125141
125142
125144
125145
125146
125149
125151
125154
125155
125156
125157
125158
125159
125160
125161
125162
125163
125165
125166
125167
125168
125169
125170
125171
125172
125173
125174
125175
125177
125178
125179
125180
125181
125182
125183
125184
125185
125186
125187
125190
125191
125192
125193
125194
125195
125230
125231
125232
125233
125235
125241
125242
125243
125244
125245
125246
125247
125251
125252
125253
125254
125255
125256
125257
125258
125259
125261
125262
125263
125264
125265
125267
125270
125271
125272
125273
125274
125275
125277
125278
125292
125293
125316
125317
125318
125321
125322
125323
125326
125327
125328
125329
125331
125336
125337
125338
125359
125360
125361
125362
125363
125365
125366
125369
125372
125375
125376
125377
125379
125380
125381
125382
125383
125384
125385
125386
125387
125388
125389
125390
125391
125392
125393
125394
125395
125396
125397
125398
125399
125403
125417
125418
125421
125422
125423
125424
125425
125426
125427
125428
125429
125431
125432
125433
125434
125435
125436
125437
125438
125439
125440
125441
125442
125443
125444
125445
125446
125451
125452
125453
125456
125457
125458
125460
125461
125462
125469
125471
125472
125473
125474
125477
125478
125479
125480
125481
125482
125483
125484
125485
125486
125487
125488
125489
125490
125491
125492
125493
125494
125495
125496
125497
125498
125499
125500
125501
125502
125503
125504
125505
125509
125514
125526
125529
125531
125532
125533
125534
125536
125537
125538
125541
125542
125544
125545
125546
125548
125551
125552
125553
125554
125558
125559
125560
125561
125562
125563
125564
125565
125570
125571
125572
125573
125574
125583
125584
125585
125586
125590
125591
125592
125593
125595
125596
125601
125602
125604
125605
125607
125608
125609
125611
125643
125644
125645
125646
125647
125648
125649
125650
125651
125652
125653
125654
125655
125656
125658
125659
125660
125661
125672
125678
125679
125680
125681
125682
125683
125685
125686
125687
125688
125689
125690
125691
125692
125693
125694
125695
125696
125697
125698
125699
125700
125701
125702
125703
125704
125705
125706
125707
125708
125709
125713
125714
125715
125716
125717
125718
125720
125721
125722
125723
125724
125726
125727
125728
125730
125731
125732
125734
125736
125737
125738
125739
125740
125741
125744
125745
125746
125747
125748
125749
125760
125762
125766
125767
125770
125774
125775
125776
125777
125778
125779
125780
125781
125782
125783
125784
125785
125786
125787
125788
125789
125790
125791
125792
125793
125795
125796
125798
125799
125800
125801
125802
125836
125907
125947
125958
125968
126026
126027
126028
126031
126032
126035
126038
126040
126041
126043
126044
126046
126047
126048
126049
126051
126052
126053
126054
126077
126078
126082
126083
126084
126085
126086
126087
126090
126091
126093
126094
126095
126096
126097
126098
126099
126101
126102
126103
126104
126106
126107
126109
126110
126112
126113
126114
126115
126116
126117
126118
126119
126120
126121
126122
126129
126130
126131
126132
126133
126134
126135
126136
126137
126138
126139
126148
126151
126152
126156
126157
126160
126161
126162
126163
126164
126165
126166
126167
126168
126169
126170
126171
126172
126173
126174
126185
126186
126187
126188
126189
126190
126191
126192
126193
126194
126195
126196
126205
126206
126207
126208
126209
126210
126216
126224
126232
126233
126234
126235
126237
126238
126239
126241
126242
126243
126244
126245
126247
126248
126249
126250
126257
126258
126260
126261
126262
126263
126269
126271
126272
126274
126280
126301
126305
126306
126309
126311
126312
126315
126318
126321
126323
126329
126330
126331
126348
126352
126359
126370
126371
126372
126374
126375
126376
126380
126381
126382
126383
126384
126386
126387
126389
126392
126393
126394
126395
126396
126398
126399
126402
126403
126405
126406
126407
126408
126409
126410
126411
126412
126413
126415
126416
126417
126418
126419
126420
126421
126422
126423
126426
126427
126428
126429
126433
126434
126435
126436
126438
126439
126440
126442
126445
126446
126447
126448
126450
126452
126456
126457
126464
126465
126466
126467
126473
126474
126475
126476
126477
126478
126479
126481
126482
126483
126485
126486
126487
126489
126490
126491
126492
126494
126496
126503
126505
126506
126508
126510
126512
126514
126516
126517
126519
126520
126521
126523
126525
126527
126528
126530
126543
126555
126558
126561
126562
126564
126565
126566
126567
126568
126569
126582
126584
126585
126586
126587
126589
126594
126596
126599
126600
126602
126603
126604
126605
126607
126609
126610
126611
126612
126617
126619
126626
126627
126629
126631
126632
126633
126634
126635
126636
126639
126640
126644
126645
126646
126647
126648
126650
126661
126669
126670
126671
126672
126673
126674
126675
126679
126682
126683
126684
126685
126688
126689
126690
126691
126705
126708
126711
126714
126715
126718
126719
126720
126721
126722
126723
126724
126726
126727
126728
126729
126730
126732
126733
126734
126735
126736
126737
126738
126740
126741
126742
126743
126744
126745
126746
126747
126748
126749
126750
126751
126753
126754
126755
126756
126757
126758
126760
126761
126762
126764
126765
126766
126767
126770
126771
126772
126773
126774
126775
126776
126777
126778
126779
126780
126781
126785
126786
126787
126789
126790
126791
126792
126793
126794
126797
126798
126802
126803
126812
126813
126815
126817
126818
126819
126820
126821
126823
126824
126825
126826
126827
126828
126829
126831
126832
126833
126835
126836
126837
126839
126840
126841
126842
126843
126844
126845
126846
126858
126859
126860
126861
126862
126863
126864
126865
126866
126867
126868
126869
126871
126872
126875
126876
126877
126878
126880
126881
126882
126884
126899
126902
126903
126904
126905
126906
126907
126908
126909
126911
126913
126914
126916
126917
126918
126923
126926
126928
126929
126930
126931
126932
126933
126934
126937
126938
126940
126941
126944
126945
126946
126947
126948
126949
126950
126953
126954
126955
126956
126957
126958
126959
126960
126961
126962
126963
126964
126965
126966
126967
126968
126969
126970
126971
126972
126973
126975
126976
126977
126978
126979
126980
126981
126982
126989
126993
126994
126996
126998
126999
127000
127001
127002
127004
127005
127006
127007
127008
127009
127010
127011
127012
127013
127014
127017
127018
127020
127022
127023
127024
127025
127026
127027
127028
127029
127033
127034
127035
127037
127038
127039
127040
127041
127042
127043
127044
127045
127046
127047
127048
127049
127050
127051
127052
127053
127054
127056
127058
127060
127063
127064
127065
127066
127069
127070
127071
127073
127074
127075
127076
127077
127083
127085
127087
127097
127098
127099
127100
127101
127103
127104
127105
127106
127107
127108
127115
127116
127117
127118
127119
127120
127121
127122
127123
127124
127125
127126
127127
127128
127129
127130
127131
127132
127133
127134
127135
127136
127143
127144
127145
127146
127150
127151
127152
127153
127154
127155
127160
127161
127163
127164
127165
127166
127167
127168
127169
127170
127171
127178
127180
127182
127183
127192
127205
127206
127207
127208
127209
127210
127211
127212
127213
127214
127215
127217
127218
127219
127220
127222
127223
127224
127225
127226
127227
127228
127229
127230
127231
127233
127234
127235
127237
127238
127239
127240
127241
127242
127243
127244
127245
127246
127247
127248
127249
127250
127251
127252
127253
127256
127257
127258
127259
127260
127261
127262
127263
127264
127265
127266
127267
127270
127271
127272
127273
127289
127290
127291
127292
127293
127294
127295
127296
127298
127299
127300
127302
127303
127304
127305
127306
127307
127308
127309
127310
127311
127312
127313
127314
127315
127316
127317
127318
127319
127320
127321
127322
127324
127325
127326
127327
127328
127329
127331
127332
127336
127337
127338
127339
127340
127341
127344
127346
127348
127349
127350
127352
127356
127358
127359
127361
127362
127363
127364
127365
127366
127370
127372
127373
127374
127376
127378
127379
127380
127383
127387
127389
127391
127399
127400
127402
127404
127413
127414
127417
127418
127419
127421
127422
127423
127424
127433
127436
127437
127439
127440
127441
127445
127447
127448
127449
127450
127452
127453
127458
127461
127462
127464
127466
127467
127469
127470
127471
127475
127476
127478
127482
127483
127485
127486
127487
127488
127490
127491
127492
127493
127501
127502
127504
127506
127512
127516
127518
127520
127525
127526
127527
127528
127529
127530
127531
127532
127533
127534
127535
127537
127542
127543
127546
127551
127563
127564
127565
127566
127567
127568
127570
127573
127575
127577
127579
127580
127581
127587
127597
127600
127609
127610
127611
127612
127613
127614
127618
127619
127620
127624
127627
127628
127629
127630
127632
127633
127637
127638
127641
127648
127658
127660
127661
127662
127663
127666
127667
127668
127669
127670
127671
127672
127673
127674
127675
127676
127677
127678
127679
127680
127681
127682
127683
127684
127685
127686
127687
127688
127691
127692
127696
127697
127699
127702
127703
127705
127708
127712
127713
127715
127723
127724
127725
127726
127727
127728
127729
127731
127732
127733
127735
127741
127742
127743
127744
127745
127746
127747
127748
127749
127750
127751
127753
127755
127757
127758
127759
127760
127761
127762
127763
127764
127765
127766
127767
127768
127769
127770
127771
127773
127774
127778
127781
127782
127784
127785
127786
127787
127788
127789
127790
127791
127792
127793
127794
127795
127796
127797
127799
127800
127801
127802
127804
127805
127806
127807
127808
127809
127810
127811
127812
127813
127814
127815
127823
127824
127825
127826
127827
127828
127830
127831
127832
127833
127834
127836
127837
127838
127839
127841
127842
127843
127844
127845
127847
127848
127849
127850
127851
127853
127854
127855
127856
127857
127858
127860
127861
127862
127863
127865
127866
127867
127868
127869
127870
127871
127872
128053
128054
128055
128056
128057
128087
128112
128113
128114
128116
128120
128121
128122
128124
128125
128126
128127
128128
128130
128132
128133
128135
128137
128139
128141
128143
128144
128145
128146
128147
128148
128149
128150
128151
128152
128154
128156
128158
128173
128188
128189
128191
128192
128193
128194
128195
128196
128197
128198
128199
128200
128201
128202
128203
128204
128207
128209
128211
128212
128214
128218
128219
128220
128222
128224
128225
128226
128227
128228
128230
128232
128244
128245
128247
128250
128252
128253
128254
128256
128257
128259
128260
128262
128263
128264
128265
128266
128268
128269
128270
128272
128273
128274
128285
128286
128287
128288
128289
128290
128291
128292
128293
128294
128295
128296
128297
128298
128299
128300
128301
128302
128303
128304
128305
128306
128307
128308
128309
128312
128313
128314
128315
128316
128317
128318
128319
128320
128321
128322
128323
128324
128325
128326
128327
128328
128329
128330
128331
128332
128333
128334
128335
128336
128337
128338
128339
128340
128341
128344
128345
128354
128355
128357
128358
128360
128362
128364
128365
128366
128378
128379
128380
128381
128387
128388
128389
128390
128394
128395
128396
128397
128399
128400
128402
128406
128407
128408
128409
128410
128411
128412
128415
128416
128417
128418
128421
128422
128423
128424
128425
128426
128427
128429
128433
128434
128436
128437
128438
128439
128440
128441
128442
128443
128444
128447
128448
128452
128457
128459
128460
128461
128462
128463
128464
128465
128466
128467
128468
128469
128470
128472
128474
128475
128486
128487
128488
128490
128494
128495
128498
128500
128501
128503
128504
128505
128506
128507
128508
128510
128511
128512
128513
128514
128517
128518
128519
128520
128521
128522
128523
128524
128528
128529
128530
128531
128533
128534
128535
128536
128541
128542
128544
128545
128546
128547
128548
128549
128550
128551
128552
128553
128554
128555
128556
128557
128558
128559
128560
128561
128562
128563
128564
128566
128567
128568
128569
128571
128572
128579
128580
128581
128582
128583
128584
128585
128586
128588
128590
128591
128592
128595
128596
128597
128598
128599
128600
128601
128602
128603
128604
128605
128606
128607
128608
128609
128610
128611
128612
128613
128615
128617
128618
128619
128620
128621
128622
128623
128624
128625
128626
128627
128628
128629
128630
128631
128632
128634
128635
128636
128638
128639
128640
128641
128642
128643
128646
128648
128649
128652
128653
128654
128655
128657
128658
128659
128660
128661
128663
128665
128666
128669
128670
128671
128672
128673
128674
128676
128677
128679
128680
128681
128683
128693
128694
128695
128696
128697
128698
128700
128701
128702
128703
128705
128706
128707
128708
128709
128710
128712
128713
128714
128715
128716
128717
128718
128719
128720
128721
128722
128723
128724
128725
128726
128727
128728
128729
128730
128731
128732
128734
128735
128736
128737
128738
128739
128740
128741
128742
128743
128744
128745
128746
128748
128749
128750
128751
128752
128753
128754
128755
128756
128757
128758
128759
128760
128761
128762
128763
128764
128765
128766
128767
128768
128769
128770
128771
128772
128773
128774
128775
128776
128777
128778
128788
128789
128790
128791
128793
128794
128795
128796
128797
128798
128799
128800
128801
128802
128804
128805
128806
128808
128809
128810
128811
128812
128813
128814
128815
128816
128817
128818
128819
128820
128821
128822
128823
128824
128825
128826
128827
128828
128829
128830
128832
128833
128834
128835
128836
128837
128839
128840
128841
128842
128843
128844
128845
128846
128847
128848
128849
128850
128851
128852
128853
128855
128856
128857
128858
128859
128860
128861
128862
128865
128867
128871
128872
128873
128874
128875
128876
128877
128878
128879
128880
128881
128883
128884
128885
128892
128894
128898
128899
128900
128903
128904
128905
128906
128907
128908
128911
128912
128913
128914
128915
128916
128918
128919
128920
128921
128922
128923
128924
128937
128938
128940
128941
128943
128944
128947
128952
128953
128954
128955
128957
128958
128959
128961
128962
128963
128964
128965
128966
128967
128968
128970
128971
128972
128973
128974
128975
128976
128977
128978
128979
128980
128981
128982
128983
128984
128987
128988
128989
128991
128992
128993
128994
128996
128997
128998
128999
129000
129001
129010
129011
129014
129015
129016
129018
129019
129020
129027
129028
129029
129030
129035
129036
129037
129038
129039
129041
129042
129043
129044
129045
129046
129047
129048
129049
129050
129051
129052
129053
129054
129055
129057
129058
129059
129060
129061
129062
129068
129072
129074
129076
129077
129088
129089
129090
129091
129092
129093
129094
129095
129096
129105
129106
129107
129108
129109
129110
129111
129112
129113
129114
129115
129116
129117
129118
129119
129120
129121
129122
129123
129124
129125
129126
129127
129128
129130
129131
129132
129133
129134
129135
129136
129137
129138
129139
129140
129141
129142
129143
129144
129146
129147
129148
129150
129151
129152
129153
129154
129155
129156
129157
129158
129159
129160
129507
129509
129510
129511
129512
129514
129515
129516
129517
129518
129519
129520
129523
129525
129526
129531
129533
129534
129537
129539
129542
129543
129544
129545
129546
129547
129548
129550
129551
129554
129555
129565
129566
129567
129568
129569
129572
129573
129576
129578
129581
129583
129584
129585
129586
129587
129588
129589
129593
129596
129598
129600
129601
129602
129603
129604
129605
129607
129609
129610
129612
129613
129616
129617
129618
129620
129622
129623
129625
129626
129627
129628
129629
129630
129632
129633
129634
129635
129637
129639
129640
129641
129644
129646
129651
129654
129672
129675
129676
129677
129678
129682
129684
129685
129687
129688
129695
129697
129708
129710
129714
129716
129717
129718
129719
129724
129725
129729
129730
129733
129734
129735
129737
129739
129740
129741
129742
129743
129744
129745
129746
129750
129751
129752
129753
129755
129756
129758
129759
129760
129761
129762
129764
129765
129766
129767
129780
129781
129782
129784
129785
129786
129787
129791
129796
129797
129798
129803
129804
129805
129807
129808
129810
129811
129816
129823
129830
129832
129833
129834
129835
129836
129837
129838
129839
129841
129843
129846
129847
129848
129849
129850
129851
129852
129853
129854
129855
129856
129857
129858
129863
129864
129865
129866
129867
129868
129869
129870
129871
129872
129873
129874
129875
129876
129877
129878
129879
129880
129891
129894
129895
129896
129897
129900
129902
129912
129913
129917
129918
129919
129939
129941
129952
129954
129957
129964
129973
129974
129977
129978
129979
129981
129982
129985
129993
129997
129999
130005
130006
130007
130009
130011
130013
130019
130023
130026
130031
130034
130044
130048
130049
130055
130061
130063
130065
130066
130068
130070
130074
130078
130079
130081
130109
130111
130116
130129
130162
130163
130164
130171
130174
130178
130179
130181
130183
130185
130187
130189
130225
130228
130230
130231
130236
130241
130242
130244
130251
130253
130254
130263
130267
130275
130277
130278
130281
130282
130283
130284
130285
130287
130289
130290
130291
130292
130294
130296
130297
130298
130304
130328
130329
130330
130331
130334
130344
130350
130357
130359
130361
130363
130364
130365
130366
130367
130369
130373
130377
130378
130379
130384
130390
130395
130396
130399
130400
130401
130405
130406
130407
130408
130411
130412
130413
130414
130416
130427
130435
130436
130437
130438
130439
130441
130442
130443
130445
130448
130450
130451
130454
130456
130457
130458
130459
130460
130461
130462
130463
130465
130468
130470
130471
130472
130476
130477
130479
130480
130481
130482
130483
130494
130495
130496
130497
130498
130499
130500
130501
130503
130504
130508
130510
130511
130512
130513
130514
130515
130516
130517
130519
130532
130533
130535
130536
130537
130538
130540
130541
130542
130554
130556
130559
130560
130565
130570
130572
130576
130577
130579
130581
130582
130583
130584
130585
130586
130587
130588
130589
130590
130592
130594
130595
130596
130598
130599
130600
130601
130602
130603
130604
130618
130619
130620
130621
130622
130623
130624
130625
130627
130628
130629
130630
130631
130632
130633
130638
130639
130640
130643
130644
130645
130646
130647
130648
130650
130652
130653
130655
130656
130657
130658
130659
130660
130661
130662
130663
130664
130665
130666
130669
130670
130671
130672
130688
130689
130690
130691
130692
130721
130722
130724
130728
130729
130730
130731
130732
130733
130734
130735
130736
130737
130738
130739
130740
130742
130743
130744
130745
130842
130845
130846
130849
130857
130859
130860
130861
130862
130864
130865
130867
130869
130870
130871
130879
130881
130882
130883
130887
130888
130889
130890
130891
130895
130896
130897
130898
130901
130902
130912
130917
130919
130920
130923
130926
130927
130930
130931
130934
130936
130938
130940
130941
130942
130943
130944
130945
130947
130948
130956
130958
130959
130960
130961
130962
130963
130964
130965
130967
130968
130969
130970
130973
130974
130981
130982
130983
130984
130985
130986
130989
130990
130991
130992
130995
130996
130997
131000
131001
131002
131005
131010
131011
131012
131013
131014
131015
131016
131020
131031
131033
131034
131035
131036
131037
131038
131040
131041
131042
131043
131058
131059
131060
131061
131062
131063
131064
131066
131067
131071
131072
131073
131074
131075
131076
131077
131078
131079
131080
131081
131082
131083
131084
131085
131098
131099
131100
131101
131102
131103
131104
131105
131108
131110
131111
131112
131114
131115
131116
131117
131118
131119
131120
131121
131123
131125
131127
131128
131130
131132
131133
131135
131137
131138
131139
131140
131141
131142
131144
131145
131157
131158
131159
131160
131161
131162
131163
131167
131168
131169
131172
131173
131174
131175
131176
131177
131178
131179
131180
131182
131183
131184
131185
131187
131188
131189
131190
131191
131192
131193
131195
131196
131198
131199
131200
131201
131202
131203
131204
131205
131206
131207
131208
131209
131210
131211
131213
131214
131215
131216
131217
131225
131226
131230
131243
131244
131246
131247
131248
131249
131251
131252
131253
131254
131255
131256
131258
131259
131260
131268
131269
131270
131271
131272
131273
131274
131275
131276
131277
131278
131279
131280
131281
131282
131283
131284
131285
131286
131287
131288
131289
131290
131292
131293
131294
131295
131296
131297
131298
131299
131300
131301
131302
131303
131304
131305
131306
131307
131308
131309
131310
131311
131312
131313
131314
131315
131316
131317
131318
131319
131320
131321
131322
131323
131324
131326
131327
131346
131348
131351
131359
131360
131361
131365
131367
131368
131369
131371
131373
131376
131377
131378
131379
131380
131382
131383
131384
131385
131386
131387
131388
131389
131390
131391
131392
131393
131394
131396
131397
131399
131400
131402
131403
131407
131408
131409
131411
131412
131413
131414
131415
131416
131417
131418
131420
131421
131422
131424
131425
131434
131435
131436
131437
131440
131441
131442
131443
131444
131445
131446
131448
131449
131450
131451
131452
131453
131454
131455
131456
131457
131458
131459
131460
131462
131463
131465
131466
131468
131471
131472
131473
131474
131475
131477
131478
131479
131480
131481
131482
131483
131484
131485
131486
131487
131488
131489
131494
131498
131510
131511
131518
131526
131528
131530
131531
131537
131553
131557
131558
131559
131560
131565
131566
131567
131568
131569
131570
131571
131572
131573
131574
131575
131576
131577
131578
131579
131580
131581
131582
131583
131584
131585
131586
131587
131588
131589
131592
131594
131595
131616
131617
131619
131621
131622
131624
131625
131626
131627
131629
131632
131638
131640
131641
131642
131643
131644
131647
131648
131649
131650
131654
131656
131657
131658
131659
131665
131667
131668
131672
131673
131676
131677
131678
131680
131681
131682
131683
131684
131685
131687
131688
131691
131694
131695
131703
131704
131706
131708
131710
131711
131712
131713
131714
131715
131716
131718
131719
131720
131721
131722
131723
131725
131727
131728
131729
131730
131737
131739
131741
131744
131745
131746
131748
131750
131751
131752
131753
131754
131756
131757
131759
131760
131761
131763
131774
131775
131785
131786
131791
131792
131793
131794
131795
131796
131797
131798
131801
131802
131808
131817
131818
131819
131820
131821
131822
131823
131832
131838
131854
131856
131857
131858
131859
131862
131873
131874
131882
131883
131884
131885
131886
131887
131890
131893
131895
131900
131902
131903
131905
131906
131912
131915
131916
131917
131918
131919
131920
131921
131922
131923
131924
131925
131926
131928
131935
131937
131938
131939
131940
131941
131942
131943
131946
131948
131950
131952
131954
131956
131957
131958
131960
131970
131971
131972
131973
131975
131977
131978
131979
131980
131981
131982
131983
131985
131986
131987
131988
131991
131993
131994
131995
131996
131997
131998
132001
132002
132003
132004
132005
132006
132007
132008
132010
132012
132013
132014
132015
132016
132017
132018
132019
132020
132021
132022
132023
132024
132025
132026
132027
132031
132032
132041
132042
132043
132045
132046
132047
132049
132051
132052
132056
132058
132065
132069
132075
132076
132077
132078
132079
132080
132081
132082
132084
132085
132086
132087
132088
132089
132090
132093
132095
132096
132098
132099
132100
132101
132102
132103
132104
132105
132107
132108
132109
132110
132113
132117
132118
132119
132121
132133
132136
132137
132142
132145
132146
132147
132148
132150
132151
132152
132155
132156
132157
132158
132160
132169
132170
132171
132172
132173
132174
132175
132176
132177
132178
132179
132180
132183
132184
132185
132186
132187
132188
132189
132190
132191
132192
132193
132194
132195
132198
132199
132200
132202
132203
132204
132205
132206
132208
132209
132210
132211
132212
132213
132215
132216
132218
132220
132223
132224
132225
132226
132227
132228
132229
132230
132231
132232
132233
132236
132237
132238
132239
132240
132241
132243
132244
132245
132246
132247
132248
132249
132253
132254
132255
132256
132259
132260
132261
132262
132263
132272
132273
132275
132277
132278
132279
132280
132281
132282
132283
132284
132285
132286
132287
132293
132299
132302
132332
132333
132334
132335
132336
132337
132339
132340
132341
132342
132343
132345
132347
132348
132349
132350
132351
132352
132353
132354
132356
132357
132363
132364
132365
132366
132367
132368
132369
132370
132371
132374
132375
132376
132380
132381
132382
132383
132384
132389
132390
132394
132395
132396
132397
132398
132401
132402
132404
132408
132409
132410
132417
132418
132420
132421
132437
132443
132444
132445
132447
132448
132449
132451
132452
132453
132455
132457
132458
132459
132463
132468
132469
132470
132471
132472
132473
132474
132475
132476
132477
132479
132480
132481
132482
132483
132484
132485
132486
132490
132491
132492
132493
132494
132496
132497
132498
132501
132502
132503
132505
132506
132509
132513
132514
132515
132516
132518
132519
132520
132528
132529
132533
132537
132541
132542
132543
132544
132545
132546
132554
132555
132556
132557
132559
132560
132561
132564
132565
132566
132567
132568
132569
132570
132571
132573
132574
132575
132577
132579
132580
132582
132585
132586
132587
132588
132589
132590
132591
132592
132593
132594
132595
132598
132599
132600
132602
132603
132604
132606
132612
132621
132624
132625
132626
132629
132630
132631
132633
132637
132639
132640
132642
132643
132644
132645
132649
132650
132651
132652
132654
132656
132657
132658
132659
132660
132661
132662
132663
132666
132667
132669
132671
132672
132673
132674
132677
132678
132679
132680
132681
132682
132683
132684
132685
132686
132687
132688
132689
132692
132693
132695
132699
132709
132710
132711
132713
132716
132717
132723
132724
132754
132755
132756
132758
132759
132772
132776
132777
132780
132781
132783
132784
132785
132786
132789
132792
132793
132795
132796
132797
132805
132806
132807
132808
132810
132811
132812
132813
132814
132815
132817
132818
132819
132821
132823
132827
132828
132829
132830
132831
132832
132833
132834
132835
132836
132837
132838
132839
132840
132841
132842
132843
132844
132845
132846
132847
132849
132850
132852
132863
132864
132865
132866
132867
132868
132869
132871
132872
132873
132874
132875
132877
132880
132888
132890
132892
132893
132898
132902
132903
132906
132909
132911
132912
132913
132916
132917
132918
132919
132921
132922
132923
132924
132925
132926
132927
132928
132929
132932
132933
132934
132935
132936
132937
132938
132939
132940
132941
132945
132946
132947
132948
132949
132950
132951
132952
132953
132955
132956
132957
132958
132959
132960
132961
132977
132978
132980
132981
132982
132983
132984
132985
132986
132987
132988
132989
132991
132994
132995
132998
133000
133001
133002
133003
133004
133005
133006
133007
133008
133009
133010
133012
133013
133014
133015
133018
133019
133020
133027
133028
133030
133032
133033
133034
133037
133038
133039
133082
133085
133086
133089
133091
133092
133094
133095
133097
133098
133099
133100
133101
133102
133111
133112
133113
133115
133116
133117
133118
133119
133120
133121
133124
133125
133128
133129
133130
133132
133135
133136
133137
133139
133140
133141
133144
133145
133146
133147
133148
133149
133150
133151
133152
133154
133155
133157
133159
133160
133167
133169
133172
133174
133179
133180
133181
133193
133194
133196
133197
133198
133200
133201
133202
133203
133204
133205
133206
133207
133208
133209
133210
133211
133212
133213
133214
133215
133216
133217
133218
133219
133220
133221
133222
133223
133224
133225
133226
133227
133228
133229
133230
133232
133233
133234
133235
133236
133237
133238
133239
133242
133243
133244
133245
133246
133247
133248
133249
133250
133251
133253
133254
133255
133256
133258
133261
133262
133263
133264
133265
133266
133267
133269
133270
133271
133274
133275
133280
133281
133283
133285
133287
133290
133299
133300
133301
133302
133303
133304
133305
133306
133307
133308
133309
133311
133313
133314
133315
133316
133319
133322
133324
133327
133328
133329
133330
133332
133333
133334
133335
133336
133337
133338
133339
133340
133341
133342
133343
133344
133346
133347
133349
133350
133351
133352
133353
133354
133355
133356
133357
133358
133361
133363
133364
133365
133366
133367
133368
133369
133370
133371
133372
133375
133377
133378
133379
133382
133384
133386
133388
133390
133391
133392
133394
133406
133407
133409
133410
133411
133412
133413
133414
133415
133416
133418
133420
133421
133422
133423
133425
133426
133431
133432
133436
133437
133439
133440
133444
133447
133449
133454
133455
133459
133462
133467
133469
133473
133474
133475
133476
133477
133478
133479
133480
133481
133482
133484
133485
133486
133488
133489
133490
133491
133492
133493
133494
133495
133496
133497
133498
133499
133500
133501
133519
133520
133521
133523
133524
133525
133526
133528
133529
133530
133531
133532
133533
133534
133535
133536
133537
133538
133542
133543
133544
133547
133548
133549
133550
133551
133552
133554
133555
133556
133557
133560
133576
133577
133578
133587
133588
133591
133592
133594
133595
133596
133597
133598
133599
133600
133601
133602
133603
133605
133606
133607
133608
133609
133610
133613
133661
133662
133663
133665
133666
133667
133668
133669
133670
133671
133672
133673
133674
133675
133676
133677
133678
133679
133681
133682
133684
133686
133687
133693
133694
133695
133697
133698
133699
133705
133708
133709
133710
133713
133714
133715
133717
133726
133727
133730
133731
133732
133733
133734
133735
133736
133743
133746
133747
133748
133749
133750
133751
133752
133753
133754
133756
133760
133764
133768
133770
133771
133772
133773
133774
133775
133778
133782
133783
133784
133785
133786
133789
133790
133791
133792
133793
133796
133797
133800
133803
133804
133805
133806
133807
133808
133809
133810
133811
133812
133813
133814
133818
133821
133822
133824
133825
133827
133828
133829
133830
133833
133834
133836
133844
133845
133847
133848
133849
133850
133852
133853
133855
133856
133857
133863
133867
133871
133875
133879
133882
133885
133887
133893
133900
133903
133906
133909
133910
133912
133913
133914
133916
133917
133918
133919
133920
133921
133922
133927
133928
133929
133930
133931
133932
133933
133934
133935
133936
133937
133938
133939
133941
133943
133945
133946
133949
134032
134034
134036
134037
134039
134043
134045
134047
134050
134052
134056
134057
134058
134060
134072
134108
134109
134111
134119
134120
134121
134122
134126
134127
134128
134138
134141
134146
134147
134148
134149
134150
134152
134153
134154
134155
134160
134161
134162
134164
134165
134171
134172
134173
134174
134176
134177
134178
134179
134180
134181
134182
134183
134184
134192
134195
134199
134203
134204
134205
134207
134208
134210
134211
134212
134213
134216
134218
134219
134220
134221
134222
134226
134228
134230
134235
134237
134238
134239
134240
134243
134245
134246
134247
134248
134250
134251
134252
134253
134255
134256
134257
134258
134259
134260
134261
134262
134264
134265
134266
134267
134268
134269
134270
134281
134282
134284
134286
134288
134289
134290
134291
134292
134293
134294
134295
134297
134298
134299
134300
134301
134302
134303
134304
134305
134306
134307
134308
134309
134311
134312
134313
134315
134316
134317
134318
134319
134320
134321
134322
134323
134324
134325
134327
134328
134330
134331
134332
134333
134335
134336
134337
134338
134339
134340
134341
134343
134344
134345
134346
134356
134358
134359
134360
134361
134362
134363
134364
134365
134366
134367
134368
134369
134370
134371
134372
134374
134375
134376
134377
134378
134379
134380
134382
134383
134384
134386
134387
134388
134389
134390
134391
134392
134393
134394
134395
134396
134397
134398
134399
134400
134401
134402
134403
134404
134406
134407
134408
134409
134410
134411
134413
134414
134415
134416
134418
134419
134420
134421
134423
134424
134425
134426
134427
134428
134429
134430
134431
134432
134439
134442
134444
134445
134446
134447
134448
134449
134450
134451
134452
134453
134454
134455
134456
134458
134459
134460
134461
134462
134463
134464
134465
134466
134467
134469
134470
134471
134472
134473
134474
134475
134476
134477
134478
134479
134480
134481
134482
134483
134484
134485
134486
134488
134490
134491
134494
134495
134496
134497
134498
134501
134503
134513
134515
134516
134517
134518
134519
134520
134521
134522
134523
134524
134525
134526
134527
134528
134529
134530
134531
134532
134533
134534
134535
134536
134537
134538
134539
134540
134541
134542
134543
134544
134545
134546
134547
134548
134549
134550
134551
134552
134553
134554
134555
134556
134557
134558
134559
134560
134561
134562
134563
134564
134565
134566
134567
134568
134569
134570
134571
134572
134573
134574
134575
134576
134577
134578
134579
134580
134581
134582
134583
134584
134585
134586
134587
134588
134589
134590
134591
134592
134602
134604
134605
134606
134607
134609
134610
134611
134612
134613
134614
134615
134616
134617
134618
134619
134620
134621
134622
134623
134624
134625
134626
134627
134629
134630
134633
134634
134635
134636
134637
134638
134639
134640
134641
134642
134643
134644
134645
134646
134648
134649
134650
134653
134654
134655
134656
134657
134658
134659
134660
134661
134662
134663
134664
134665
134666
134667
134668
134669
134670
134678
134679
134680
134683
134684
134685
134686
134687
134688
134689
134690
134691
134692
134693
134694
134695
134696
134697
134698
134699
134700
134705
134707
134708
134710
134711
134712
134713
134714
134715
134716
134717
134718
134719
134720
134722
134723
134724
134725
134731
134732
134733
134734
134735
134745
134746
134748
134749
134750
134751
134752
134762
134764
134767
134768
134771
134772
134773
134774
134775
134777
134778
134779
134780
134781
134782
134783
134784
134785
134786
134787
134788
134789
134790
134794
134797
134798
134800
134801
134802
134803
134805
134807
134808
134809
134810
134811
134812
134813
134814
134816
134817
134818
134819
134820
134821
134822
134823
134824
134825
134828
134829
134830
134831
134833
134834
134835
134836
134837
134844
134845
134846
134862
134863
134866
134868
134869
134871
134872
134873
134875
134881
134883
134884
134885
134886
134887
134888
134890
134891
134892
134893
134894
134895
134896
134897
134898
134899
134900
134901
134903
134904
134905
134906
134907
134914
134915
134916
134917
134919
134920
134921
134922
134923
134924
134925
134926
134927
134928
134929
134939
134942
134944
134945
134947
134948
134950
134951
134952
134953
134954
134955
134956
134957
134958
134959
134960
134961
134962
134963
134964
134968
134969
134971
134972
134973
134976
134977
134978
134979
134980
134981
134982
134983
134984
134986
134987
134989
134990
134991
134992
134993
134994
134995
134996
134997
134998
134999
135000
135001
135003
135004
135005
135006
135007
135009
135010
135011
135015
135016
135018
135020
135023
135024
135025
135027
135030
135032
135036
135044
135046
135047
135048
135050
135052
135053
135054
135055
135056
135057
135058
135059
135060
135061
135062
135064
135067
135070
135074
135076
135077
135080
135086
135088
135089
135090
135091
135092
135093
135094
135095
135096
135097
135098
135099
135100
135101
135102
135104
135108
135110
135111
135112
135113
135114
135115
135116
135117
135118
135120
135122
135125
135134
135136
135138
135139
135140
135141
135142
135144
135145
135146
135147
135148
135149
135150
135151
135152
135153
135154
135155
135158
135161
135163
135165
135166
135167
135168
135169
135170
135171
135172
135173
135174
135175
135176
135177
135180
135181
135182
135183
135184
135185
135186
135187
135188
135189
135190
135191
135192
135195
135197
135199
135200
135201
135210
135211
135212
135213
135214
135215
135216
135217
135218
135219
135220
135221
135222
135224
135225
135226
135228
135230
135232
135234
135237
135242
135243
135245
135246
135247
135248
135249
135257
135258
135259
135260
135261
135263
135264
135265
135266
135267
135268
135269
135270
135271
135273
135274
135275
135276
135282
135283
135284
135285
135286
135287
135291
135293
135295
135296
135297
135303
135304
135305
135312
135313
135321
135322
135323
135325
135327
135328
135330
135331
135332
135333
135334
135335
135336
135337
135338
135340
135341
135342
135343
135345
135346
135347
135348
135349
135350
135351
135352
135353
135354
135355
135356
135357
135358
135359
135360
135361
135362
135363
135364
135365
135366
135369
135370
135371
135373
135374
135375
135377
135378
135379
135380
135382
135383
135384
135385
135387
135388
135389
135390
135391
135392
135394
135395
135396
135397
135407
135409
135410
135415
135416
135417
135418
135420
135421
135422
135424
135425
135427
135428
135429
135430
135431
135432
135434
135435
135436
135437
135439
135441
135442
135443
135444
135445
135446
135447
135448
135449
135450
135451
135452
135453
135454
135455
135456
135457
135458
135459
135460
135461
135462
135464
135465
135466
135467
135468
135469
135474
135475
135476
135477
135478
135479
135480
135488
135489
135492
135494
135496
135497
135498
135500
135504
135506
135510
135512
135513
135514
135516
135517
135524
135526
135528
135529
135530
135531
135532
135533
135534
135535
135536
135537
135538
135539
135540
135541
135542
135545
135547
135548
135549
135551
135552
135553
135554
135555
135558
135559
135560
135561
135563
135564
135565
135567
135568
135569
135570
135571
135572
135580
135581
135583
135585
135586
135587
135588
135589
135590
135592
135593
135594
135595
135596
135597
135598
135599
135600
135601
135602
135603
135604
135605
135606
135607
135608
135609
135610
135611
135612
135614
135615
135616
135617
135620
135621
135623
135625
135626
135627
135628
135629
135630
135633
135635
135636
135637
135638
135639
135641
135647
135648
135649
135650
135651
135652
135653
135654
135656
135657
135666
135667
135668
135669
135670
135671
135673
135674
135675
135676
135678
135679
135680
135682
135683
135684
135685
135686
135687
135688
135690
135691
135693
135694
135695
135696
135697
135698
135699
135700
135701
135702
135703
135704
135705
135706
135709
135711
135712
135713
135714
135715
135716
135717
135718
135719
135720
135721
135723
135727
135728
135729
135730
135733
135734
135736
135737
135738
135739
135740
135744
135745
135746
135749
135753
135754
135755
135756
135759
135760
135761
135764
135765
135774
135775
135776
135777
135778
135779
135780
135781
135782
135783
135784
135785
135786
135787
135788
135789
135790
135791
135792
135793
135794
135795
135799
135801
135802
135805
135806
135807
135808
135809
135810
135811
135812
135813
135814
135816
135817
135818
135819
135820
135821
135822
135823
135824
135825
135834
135835
135836
135837
135838
135862
135863
135864
135865
135867
135879
135884
135886
135923
135924
135925
135927
135928
135929
135930
135938
135939
135940
135944
135945
135946
135947
135948
135950
135951
135952
135953
135954
135955
135957
135958
135959
135960
135961
135968
135969
135970
135971
135973
135975
135976
135978
135979
135980
135981
135982
135983
135984
135985
135988
135989
135991
135992
135993
135994
135995
135996
135997
135998
135999
136000
136002
136003
136004
136005
136006
136008
136009
136010
136011
136014
136016
136017
136018
136019
136021
136022
136024
136025
136028
136029
136030
136031
136032
136033
136043
136046
136047
136048
136049
136050
136051
136052
136053
136055
136056
136057
136058
136059
136060
136061
136062
136063
136064
136065
136066
136067
136068
136069
136070
136071
136072
136082
136083
136084
136086
136088
136089
136090
136091
136092
136093
136094
136096
136097
136118
136119
136120
136121
136122
136123
136124
136125
136126
136127
136128
136129
136135
136136
136138
136139
136140
136145
136147
136148
136150
136151
136159
136160
136161
136183
136184
136185
136186
136193
136194
136203
136204
136205
136208
136210
136211
136212
136215
136216
136217
136219
136222
136223
136224
136225
136226
136227
136228
136229
136231
136232
136233
136234
136235
136240
136249
136250
136253
136255
136256
136257
136260
136261
136263
136264
136265
136266
136267
136269
136271
136272
136275
136276
136277
136278
136279
136280
136288
136289
136290
136291
136292
136293
136294
136296
136297
136299
136302
136303
136305
136318
136319
136320
136321
136322
136323
136324
136325
136326
136343
136349
136352
136353
136354
136355
136359
136364
136370
136375
136376
136377
136379
136381
136382
136383
136384
136385
136386
136387
136388
136389
136404
136405
136406
136407
136408
136410
136411
136412
136413
136414
136415
136416
136417
136418
136419
136420
136421
136422
136423
136424
136425
136427
136428
136429
136430
136431
136433
136434
136435
136436
136439
136440
136441
136442
136443
136444
136445
136446
136447
136448
136449
136450
136451
136452
136455
136456
136457
136460
136461
136462
136463
136465
136466
136467
136468
136469
136470
136471
136472
136473
136474
136475
136476
136477
136478
136479
136480
136481
136482
136483
136484
136485
136486
136487
136488
136489
136490
136491
136493
136494
136495
136496
136497
136505
136506
136508
136509
136510
136511
136512
136513
136514
136515
136516
136518
136519
136522
136523
136524
136526
136527
136528
136529
136530
136532
136536
136537
136538
136539
136540
136541
136542
136543
136544
136545
136546
136547
136548
136549
136550
136551
136552
136553
136554
136555
136556
136557
136558
136559
136560
136561
136562
136563
136564
136565
136567
136568
136569
136570
136571
136572
136573
136574
136575
136576
136577
136579
136580
136581
136582
136583
136584
136585
136587
136588
136589
136590
136593
136603
136604
136605
136606
136607
136608
136609
136610
136613
136615
136617
136618
136619
136620
136621
136622
136624
136626
136632
136634
136636
136637
136638
136639
136640
136642
136644
136646
136647
136648
136650
136651
136652
136654
136656
136657
136659
136660
136661
136662
136663
136664
136665
136666
136667
136668
136669
136670
136671
136672
136673
136674
136676
136678
136679
136680
136681
136682
136683
136684
136685
136686
136687
136688
136689
136696
136697
136699
136701
136702
136705
136708
136709
136710
136711
136712
136713
136714
136715
136716
136717
136718
136719
136720
136721
136722
136723
136724
136725
136726
136727
136728
136729
136730
136731
136732
136734
136735
136739
136740
136741
136742
136743
136744
136745
136747
136748
136749
136751
136753
136754
136755
136756
136757
136758
136759
136760
136761
136762
136763
136764
136768
136769
136770
136771
136772
136776
136779
136780
136781
136782
136783
136785
136786
136788
136791
136794
136795
136796
136807
136808
136809
136812
136813
136814
136816
136818
136819
136820
136821
136822
136823
136826
136827
136828
136829
136830
136833
136834
136835
136836
136838
136839
136840
136842
136843
136844
136845
136846
136850
136851
136852
136853
136854
136855
136861
136862
136863
136864
136865
136866
136867
136869
136870
136871
136872
136873
136874
136875
136877
136878
136880
136884
136885
136886
136892
136896
136905
136906
136907
136908
136909
136910
136911
136912
136913
136914
136916
136918
136919
136920
136922
136924
136925
136926
136927
136928
136929
136930
136932
136933
136934
136935
136936
136937
136938
136939
136940
136941
136942
136943
136944
136945
136946
136947
136948
136949
136950
136951
136952
136953
136954
136955
136956
136957
136958
136959
136960
136961
136962
136963
136964
136967
136968
136969
136970
136971
136974
136975
136976
136977
136978
136979
136980
136981
136982
136983
136985
136986
136987
136988
136989
136990
136991
136992
136993
136995
136996
136997
137004
137005
137006
137007
137010
137011
137012
137013
137014
137015
137016
137017
137018
137019
137020
137021
137022
137023
137024
137025
137026
137028
137029
137030
137032
137033
137034
137035
137036
137037
137038
137039
137040
137041
137042
137043
137044
137045
137047
137049
137050
137051
137052
137053
137054
137055
137056
137057
137059
137060
137061
137064
137065
137066
137068
137069
137071
137072
137073
137074
137078
137079
137080
137081
137082
137086
137134
137135
137137
137138
137139
137140
137141
137142
137143
137144
137145
137146
137147
137148
137149
137150
137151
137152
137153
137154
137155
137156
137157
137158
137159
137160
137161
137164
137165
137166
137167
137168
137169
137170
137171
137172
137173
137175
137176
137177
137178
137179
137180
137181
137182
137183
137184
137185
137186
137187
137188
137189
137190
137191
137192
137193
137194
137196
137197
137199
137200
137201
137203
137207
137209
137218
137219
137220
137222
137223
137224
137229
137249
137257
137258
137269
137272
137276
137281
137290
137299
137300
137306
137312
137316
137318
137329
137330
137338
137341
137342
137349
137364
137373
137375
137378
137385
137386
137390
137393
137394
137397
137402
137404
137416
137438
137446
137449
137457
137466
137471
137473
137481
137489
137490
137513
137517
137521
137541
137545
137549
137551
137565
137569
137575
137578
137583
137585
137586
137588
137596
137602
137603
137620
137621
137654
137656
137657
137659
137688
137692
137700
137734
137735
137742
137745
137751
137753
137754
137761
137777
137783
137796
137819
137824
137834
137835
137853
137909
137910
137912
137915
137916
137927
137935
137950
137967
137980
137983
137990
138028
138029
138030
138034
138038
138045
138046
138054
138068
138070
138071
138073
138074
138077
138078
138080
138081
138086
138116
138120
138122
138125
138127
138130
138134
138135
138137
138150
138152
138153
138156
138168
138171
138176
138180
138186
138189
138201
138203
138206
138212
138216
138229
138234
138240
138251
138275
138280
138283
138295
138298
138311
138317
138319
138321
138328
138344
138345
138357
138383
138385
138402
138414
138421
138423
138428
138429
138434
138441
138442
138454
138466
138467
138488
138490
138493
138495
138496
138506
138508
138514
138520
138527
138534
138536
138538
138547
138561
138563
138571
138572
138573
138579
138580
138583
138590
138591
138593
138598
138604
138607
138611
138618
138621
138623
138626
138628
138630
138631
138633
138642
138646
138647
138648
138671
138677
138678
138679
138690
138769
138772
138773
138776
138778
138796
138801
138805
138806
138810
138811
138812
138822
138825
138827
138830
138836
138839
138840
138845
138846
138849
138854
138856
138881
138882
138883
138890
138892
138900
138906
138907
138915
138917
138918
138919
138921
138932
138942
138950
138951
138955
138969
138971
138975
138977
138980
138985
138990
138995
138997
139001
139005
139006
139007
139020
139022
139023
139027
139030
139033
139034
139036
139039
139047
139050
139053
139054
139055
139056
139057
139060
139061
139078
139091
139094
139100
139101
139102
139107
139108
139217
139223
139229
139235
139236
139243
139248
139267
139276
139277
139278
139283
139286
139290
139296
139440
139442
139451
139461
139462
139463
139465
139468
139470
139471
139475
139480
139483
139495
139496
139497
139499
139502
139504
139511
139512
139518
139521
139530
139564
139570
139572
139573
139583
139593
139595
139606
139608
139610
139612
139619
139623
139624
139634
139640
139641
139649
139663
139675
139684
139688
139689
139691
139709
139727
139735
139745
139747
139751
139754
139758
139768
139772
139777
139779
139784
139788
139793
139797
139798
139800
139817
139821
139824
139835
139836
139846
139851
139854
139857
139865
139866
139868
139869
139870
139879
139889
139897
139907
139926
139933
139936
139941
139943
139952
139956
139961
139964
139973
139975
140005
140010
140013
140016
140018
140024
140028
140029
140040
140045
140057
140070
140072
140076
140078
140079
140087
140088
140089
140090
140099
140111
140119
140125
140132
140149
140150
140153
140154
140171
140173
140188
140189
140206
140208
140223
140227
140231
140235
140236
140243
140251
140256
140257
140259
140264
140278
140279
140290
140296
140300
140302
140321
140322
140328
140330
140339
140341
140343
140357
140370
140373
140377
140387
140392
140394
140396
140398
140400
140408
140410
140411
140418
140431
140438
140441
140443
140452
140454
140461
140464
140466
140473
140479
140494
140495
140499
140507
140517
140531
140534
140536
140537
140538
140552
140553
140561
140563
140572
140575
140586
140591
140599
140608
140609
140616
140622
140627
140656
140663
140675
140680
140682
140686
140692
140710
140714
140720
140721
140750
140756
140760
140766
140769
140771
140773
140775
140782
140785
140790
140795
140801
140805
140808
140809
140824
140834
140835
140836
140848
140863
140864
140866
140867
140870
140873
140882
140888
140897
140898
140901
140903
140905
140910
140912
140915
140916
140918
140926
140928
140943
140946
140947
140951
140954
140971
140973
140976
140977
140981
140982
140992
140997
141004
141015
141020
141023
141025
141037
141050
141053
141054
141056
141058
141062
141067
141069
141078
141083
141089
141095
141099
141101
141104
141107
141110
141116
141117
141122
141123
141309
141312
141314
141319
141325
141326
141333
141334
141367
141370
141372
141377
141391
141392
141396
141397
141402
141405
141409
141411
141412
141425
141426
141431
141435
141441
141446
141449
141455
141461
141478
141484
141496
141501
141502
141506
141515
141520
141523
141524
141525
141526
141527
141528
141532
141545
141555
141559
141561
141580
141582
141596
141600
141607
141614
141617
141630
141638
141652
141656
141657
141660
141661
141674
141675
141683
141684
141692
141732
141738
141740
141746
141754
141764
141766
141774
141786
141789
141791
141795
141796
141797
141798
141804
141806
141809
141813
141817
141820
141821
141822
141824
141825
141832
141842
141846
141858
141864
141865
141866
141875
141881
141883
141885
141887
141889
141896
141902
141903
141916
141921
141922
141940
141943
141944
141951
141957
141969
141970
141978
141980
141984
141991
141992
141995
141997
141998
142005
142007
142008
142025
142039
142040
142047
142054
142057
142058
142064
142065
142068
142069
142070
142074
142075
142076
142086
142088
142092
142095
142096
142097
142108
142112
142117
142118
142122
142123
142125
142138
142148
142150
142154
142156
142165
142171
142180
142181
142184
142185
142194
142214
142216
142217
142221
142222
142228
142229
142238
142243
142247
142254
142259
142262
142264
142295
142299
142300
142305
142316
142319
142323
142327
142337
142338
142341
142342
142349
142351
142352
142353
142354
142356
142358
142362
142366
142370
142374
142385
142388
142390
142395
142417
142436
142437
142438
142440
142444
142446
142472
142474
142476
142528
142530
142543
142551
142570
142574
142575
142580
142581
142582
142601
142605
142606
142609
142610
142611
142621
142628
142629
142645
142664
142669
142673
142674
142675
142676
142677
142679
142680
142700
142701
142703
142704
142709
142715
142719
142725
142729
142747
142754
142756
142765
142769
142778
142781
142783
142795
142801
142818
142825
142828
142830
142832
142841
142842
142849
142857
142858
142875
142882
142883
142907
142911
142912
142920
142924
142939
142941
142944
142963
142966
142970
142973
142977
142984
142985
142986
142987
142993
142996
142997
143002
143008
143013
143017
143018
143019
143024
143043
143045
143052
143053
143061
143068
143071
143072
143073
143076
143081
143082
143083
143088
143092
143093
143105
143106
143108
143110
143111
143115
143118
143122
143130
143132
143134
143135
143136
143137
143157
143159
143160
143162
143163
143175
143176
143177
143194
143208
143209
143210
143212
143218
143221
143222
143235
143263
143270
143271
143277
143284
143292
143304
143308
143313
143331
143333
143334
143340
143354
143364
143374
143375
143382
143391
143392
143401
143412
143415
143437
143442
143447
143452
143453
143460
143466
143470
143480
143509
143510
143516
143517
143570
143578
143580
143581
143583
143585
143586
143590
143592
143604
143606
143612
143616
143618
143632
143633
143635
143657
143663
143664
143670
143672
143683
143691
143696
143698
143700
143705
143707
143708
143714
143715
143717
143723
143727
143730
143731
143736
143737
143749
143763
143767
143768
143770
143773
143775
143782
143783
143799
143810
143816
143832
143835
143839
143844
143853
143855
143881
143897
143901
143903
143907
143908
143909
143913
143915
143917
143920
143921
143929
143930
144165
144166
144167
144173
144186
144191
144194
144197
144202
144203
144206
144209
144210
144211
144215
144219
144220
144222
144242
144407
144430
144438
144439
144443
144447
144460
144472
144477
144478
144483
144493
144495
144508
144511
144514
144516
144517
144518
144519
144520
144521
144530
144533
144536
144537
144538
144539
144541
144546
144549
144554
144555
144558
144561
144562
144566
144567
144568
144573
144575
144576
144577
144578
144580
144581
144582
144583
144584
144586
144589
144592
144593
144594
144595
144596
144597
144598
144599
144601
144602
144603
144605
144606
144607
144608
144609
144610
144612
144614
144615
144616
144624
144625
144627
144629
144637
144638
144639
144640
144643
144644
144645
144646
144648
144649
144653
144654
144655
144657
144658
144659
144660
144663
144666
144672
144673
144674
144677
144678
144679
144680
144681
144682
144683
144698
144699
144701
144706
144707
144708
144709
144710
144711
144713
144714
144715
144718
144719
144725
144726
144727
144728
144739
144740
144741
144742
144743
144744
144745
144746
144747
144748
144749
144750
144751
144752
144753
144754
144755
144756
144757
144758
144760
144762
144764
144765
144766
144767
144768
144769
144773
144774
144782
144783
144784
144785
144786
144787
144788
144790
144792
144793
144802
144803
144804
144807
144816
144817
144818
144819
144820
144821
144822
144823
144825
144826
144827
144828
144830
144831
144832
144835
144836
144837
144838
144841
144842
144844
144845
144846
144848
144849
144850
144851
144852
144853
144854
144856
144857
144858
144859
144860
144861
144863
144864
144865
144866
144868
144869
144870
144872
144875
144876
144877
144878
144880
144881
144882
144883
144884
144886
144888
144889
144890
144891
144892
144893
144894
144896
144897
144898
144901
144911
144913
144915
144916
144917
144919
144920
144921
144922
144923
144924
144925
144926
144927
144928
144930
144931
144932
144933
144934
144935
144936
144937
144942
144943
144944
144945
144946
144947
144948
144949
144950
144951
144952
144953
144954
144955
144957
144958
144959
144962
144963
144965
144966
144967
144968
144969
144972
144973
144974
144975
144978
144979
144980
144981
144982
144983
144991
144992
144993
144994
144995
144996
144997
144998
144999
145000
145001
145002
145003
145009
145010
145011
145012
145013
145014
145015
145016
145018
145019
145020
145021
145023
145024
145025
145026
145027
145028
145029
145033
145035
145038
145039
145040
145043
145044
145048
145053
145057
145060
145067
145068
145070
145071
145072
145073
145074
145075
145076
145077
145079
145081
145082
145083
145084
145085
145086
145087
145088
145090
145091
145093
145094
145095
145096
145097
145099
145100
145101
145102
145103
145104
145107
145109
145111
145112
145113
145114
145115
145116
145117
145118
145119
145120
145132
145134
145135
145136
145137
145138
145139
145142
145155
145156
145157
145158
145159
145161
145162
145163
145164
145165
145166
145167
145168
145169
145171
145173
145174
145177
145184
145185
145186
145187
145188
145189
145190
145194
145195
145196
145197
145201
145203
145209
145210
145223
145225
145229
145231
145232
145233
145234
145235
145236
145237
145238
145239
145240
145241
145242
145244
145245
145246
145247
145248
145249
145250
145251
145252
145253
145254
145255
145259
145260
145261
145262
145263
145278
145279
145280
145281
145283
145284
145285
145286
145287
145288
145289
145290
145291
145292
145293
145296
145306
145307
145308
145309
145310
145311
145312
145313
145315
145316
145317
145318
145319
145320
145321
145322
145323
145324
145325
145326
145328
145330
145331
145332
145333
145334
145339
145340
145342
145344
145345
145348
145355
145356
145357
145359
145360
145361
145365
145366
145367
145368
145369
145370
145371
145372
145373
145374
145375
145378
145379
145381
145382
145384
145386
145387
145395
145396
145397
145398
145399
145400
145401
145402
145403
145404
145405
145406
145407
145408
145409
145410
145411
145412
145413
145414
145415
145416
145417
145418
145419
145420
145421
145422
145423
145424
145425
145426
145427
145428
145430
145432
145433
145434
145435
145437
145438
145439
145440
145444
145445
145446
145447
145448
145449
145452
145455
145456
145458
145459
145469
145470
145473
145474
145475
145476
145477
145479
145483
145484
145485
145486
145487
145488
145489
145490
145491
145492
145493
145494
145495
145496
145497
145498
145499
145500
145501
145502
145503
145504
145507
145508
145509
145510
145511
145512
145513
145514
145515
145516
145517
145518
145520
145521
145522
145523
145524
145525
145526
145527
145528
145529
145530
145531
145532
145545
145546
145547
145548
145549
145551
145553
145554
145556
145557
145558
145559
145562
145563
145564
145565
145566
145567
145568
145569
145570
145571
145572
145573
145574
145575
145576
145577
145578
145579
145580
145581
145582
145583
145584
145585
145586
145590
145591
145592
145593
145594
145595
145596
145597
145598
145600
145601
145602
145603
145604
145605
145606
145607
145608
145609
145610
145611
145612
145613
145614
145615
145616
145617
145629
145631
145632
145633
145634
145635
145636
145637
145638
145639
145640
145641
145642
145644
145645
145646
145647
145648
145649
145650
145651
145653
145654
145655
145656
145657
145658
145659
145660
145661
145662
145663
145664
145665
145666
145667
145668
145669
145670
145671
145672
145674
145675
145676
145677
145678
145679
145680
145681
145682
145683
145684
145685
145686
145687
145688
145689
145690
145698
145699
145700
145701
145703
145704
145705
145706
145707
145708
145709
145711
145712
145713
145714
145716
145717
145718
145719
145720
145721
145723
145724
145725
145726
145727
145728
145729
145730
145731
145734
145736
145737
145738
145739
145742
145743
145745
145746
145747
145748
145749
145750
145751
145752
145753
145754
145755
145756
145757
145758
145760
145761
145762
145763
145764
145765
145766
145767
145768
145769
145770
145771
145772
145773
145774
145775
145776
145777
145778
145785
145786
145790
145791
145792
145793
145794
145795
145796
145797
145798
145799
145800
145801
145802
145803
145804
145805
145806
145807
145808
145809
145810
145811
145812
145814
145815
145816
145817
145818
145819
145820
145821
145822
145823
145824
145826
145827
145828
145835
145838
145839
145841
145842
145843
145844
145845
145846
145847
145848
145849
145850
145851
145852
145853
145854
145862
145863
145864
145865
145869
145870
145871
145872
145873
145874
145875
145876
145877
145879
145880
145881
145882
145883
145884
145885
145886
145887
145888
145889
145890
145891
145892
145893
145895
145899
145900
145901
145902
145903
145904
145905
145907
145910
145911
145912
145913
145915
145916
145917
145918
145920
145921
145922
145923
145925
145926
145927
145928
145929
145930
145932
145933
145934
145935
145936
145937
145938
145939
145948
145951
145952
145954
145955
145957
145958
145960
145963
145964
145966
145967
145969
145971
145972
145973
145974
145975
145976
145977
145978
145979
145980
145981
145982
145983
145984
145985
145987
145988
145989
145992
145993
145995
145998
145999
146000
146001
146002
146003
146009
146010
146012
146013
146014
146023
146024
146025
146027
146029
146030
146031
146032
146033
146034
146035
146036
146037
146039
146040
146041
146042
146046
146049
146050
146051
146062
146063
146064
146066
146068
146069
146071
146072
146073
146074
146076
146080
146081
146087
146088
146089
146090
146093
146094
146096
146098
146101
146102
146103
146104
146105
146106
146107
146108
146109
146110
146111
146112
146115
146116
146117
146119
146122
146123
146128
146130
146131
146134
146138
146139
146144
146146
146153
146154
146157
146158
146159
146160
146161
146162
146163
146164
146166
146167
146168
146169
146170
146171
146172
146173
146174
146176
146177
146178
146180
146182
146183
146185
146186
146187
146188
146189
146190
146191
146192
146194
146195
146196
146199
146200
146201
146202
146203
146204
146205
146207
146208
146209
146210
146211
146214
146215
146216
146217
146218
146219
146220
146221
146222
146223
146226
146227
146230
146231
146232
146233
146234
146235
146247
146248
146249
146250
146251
146252
146254
146255
146256
146257
146259
146260
146261
146262
146263
146264
146266
146267
146269
146271
146272
146273
146274
146276
146277
146278
146279
146280
146281
146282
146283
146284
146285
146286
146287
146288
146295
146296
146297
146298
146299
146302
146303
146304
146314
146315
146316
146317
146318
146319
146320
146321
146322
146323
146324
146325
146326
146327
146328
146329
146342
146343
146344
146345
146346
146347
146348
146349
146350
146351
146352
146354
146355
146357
146359
146360
146362
146363
146364
146365
146366
146368
146369
146370
146371
146373
146374
146376
146380
146382
146383
146393
146394
146397
146398
146399
146400
146401
146402
146403
146404
146405
146410
146411
146412
146413
146415
146416
146417
146418
146419
146420
146421
146422
146424
146425
146426
146427
146428
146429
146430
146431
146432
146433
146434
146435
146436
146437
146440
146441
146442
146444
146445
146450
146452
146453
146454
146455
146456
146457
146458
146459
146460
146461
146463
146465
146474
146476
146477
146478
146479
146481
146482
146483
146485
146487
146488
146489
146490
146491
146492
146493
146494
146495
146496
146497
146498
146499
146500
146501
146502
146503
146504
146505
146506
146507
146508
146509
146510
146511
146512
146513
146514
146515
146517
146519
146520
146521
146522
146523
146524
146527
146528
146529
146530
146531
146533
146534
146535
146536
146538
146541
146542
146543
146544
146549
146557
146558
146561
146563
146566
146567
146568
146569
146570
146571
146572
146573
146574
146575
146576
146577
146578
146579
146580
146600
146601
146602
146603
146605
146606
146607
146608
146609
146610
146611
146612
146613
146614
146615
146616
146617
146618
146619
146620
146621
146633
146635
146638
146641
146642
146643
146644
146645
146646
146647
146648
146649
146650
146651
146652
146653
146654
146655
146657
146658
146659
146660
146661
146662
146663
146664
146665
146666
146667
146668
146669
146670
146675
146676
146677
146678
146679
146687
146688
146692
146693
146694
146695
146696
146697
146698
146699
146700
146701
146702
146703
146704
146705
146706
146707
146708
146709
146710
146711
146712
146713
146714
146715
146716
146719
146721
146722
146723
146725
146726
146728
146729
146730
146731
146736
146739
146740
146741
146742
146743
146744
146745
146746
146747
146755
146757
146759
146760
146761
146762
146763
146764
146765
146766
146767
146768
146770
146771
146772
146773
146774
146775
146776
146777
146778
146779
146782
146783
146784
146785
146788
146789
146790
146791
146792
146793
146794
146795
146796
146797
146798
146807
146810
146811
146812
146813
146814
146815
146817
146818
146819
146820
146822
146823
146824
146825
146827
146828
146829
146831
146832
146833
146834
146835
146836
146837
146838
146839
146840
146841
146842
146843
146844
146845
146846
146847
146848
146849
146850
146851
146852
146853
146856
146857
146859
146862
146870
146872
146873
146874
146875
146876
146877
146878
146879
146880
146881
146882
146883
146884
146885
146886
146887
146888
146889
146890
146891
146892
146893
146894
146895
146896
146897
146898
146900
146901
146902
146903
146904
146905
146906
146907
146908
146909
146910
146914
146915
146929
146930
146931
146932
146933
146934
146936
146937
146938
146939
146940
146941
146942
146943
146944
146945
146946
146947
146948
146949
146950
146951
146952
146953
146954
146955
146956
146958
146959
146962
146963
146964
146965
146966
146967
146969
146970
146971
146972
146973
146974
146975
146986
146987
146989
146990
146991
146992
146993
146994
146995
146998
146999
147000
147001
147002
147007
147008
147009
147010
147017
147018
147024
147025
147026
147029
147030
147031
147032
147033
147034
147037
147039
147040
147042
147046
147483
147501
147503
147527
147560
147566
147571
147574
147578
147579
147581
147582
147585
147587
147595
147599
147604
147605
147606
147607
147608
147609
147610
147611
147612
147613
147614
147615
147616
147617
147618
147619
147621
147622
147623
147624
147626
147627
147628
147630
147632
147633
147634
147636
147637
147639
147640
147641
147643
147644
147645
147646
147647
147648
147649
147650
147651
147652
147653
147655
147656
147657
147658
147659
147660
147661
147662
147663
147664
147665
147666
147667
147668
147669
147670
147671
147672
147673
147674
147675
147676
147677
147678
147680
147681
147682
147683
147684
147685
147686
147699
147700
147701
147706
147708
147710
147711
147712
147713
147714
147716
147717
147718
147719
147720
147721
147722
147723
147736
147737
147738
147740
147741
147742
147744
147745
147746
147747
147748
147749
147751
147752
147753
147754
147756
147757
147758
147759
147760
147761
147762
147764
147765
147766
147767
147768
147769
147770
147771
147772
147773
147774
147775
147776
147777
147778
147779
147780
147781
147782
147783
147784
147785
147786
147787
147788
147789
147790
147791
147792
147808
147810
147811
147812
147813
147815
147816
147817
147818
147819
147820
147821
147822
147823
147824
147825
147826
147827
147828
147829
147830
147831
147832
147833
147834
147836
147837
147838
147839
147840
147841
147843
147845
147846
147847
147848
147849
147850
147854
147855
147856
147857
147858
147859
147860
147861
147862
147863
147865
147872
147873
147875
147876
147877
147878
147879
147880
147887
147888
147889
147892
147896
147897
147898
147899
147900
147903
147904
147905
147906
147907
147911
147912
147913
147914
147915
147916
147917
147918
147919
147921
147922
147923
147924
147925
147927
147928
147929
147930
147931
147932
147933
147934
147935
147936
147937
147938
147939
147940
147941
147943
147944
147945
147946
147947
147948
147949
147950
147951
147952
147953
147954
147955
147956
147957
147958
147959
147960
147961
147962
147963
147972
147973
147974
147975
147976
147977
147978
147979
147980
147981
147982
147983
147984
147985
147986
147987
147988
147989
147990
147995
147997
147998
147999
148000
148001
148002
148003
148004
148005
148006
148007
148008
148010
148011
148012
148013
148014
148015
148018
148019
148020
148021
148022
148034
148036
148037
148038
148039
148040
148042
148043
148044
148045
148046
148047
148055
148060
148062
148063
148064
148065
148068
148069
148070
148071
148072
148073
148074
148075
148076
148077
148078
148079
148080
148083
148084
148085
148086
148088
148089
148094
148095
148096
148097
148098
148099
148100
148101
148102
148103
148104
148105
148106
148107
148108
148109
148110
148111
148113
148114
148115
148116
148119
148120
148125
148126
148127
148128
148131
148133
148134
148135
148136
148137
148139
148141
148142
148143
148144
148146
148147
148148
148155
148159
148160
148161
148164
148166
148167
148168
148169
148170
148171
148172
148177
148185
148189
148190
148192
148193
148194
148195
148196
148197
148198
148200
148201
148202
148203
148204
148205
148206
148207
148208
148209
148210
148211
148212
148213
148217
148224
148226
148228
148230
148231
148232
148234
148235
148236
148237
148238
148240
148241
148243
148245
148246
148248
148259
148262
148263
148264
148266
148267
148268
148270
148271
148274
148275
148276
148277
148278
148279
148282
148287
148288
148289
148290
148291
148292
148293
148294
148295
148297
148299
148301
148302
148304
148305
148308
148309
148311
148314
148315
148316
148317
148319
148320
148321
148322
148323
148324
148325
148326
148327
148328
148329
148330
148331
148332
148333
148334
148335
148336
148337
148338
148339
148340
148341
148342
148347
148349
148350
148357
148358
148359
148360
148361
148362
148363
148364
148365
148366
148367
148368
148369
148370
148371
148372
148373
148374
148375
148376
148377
148378
148379
148380
148381
148382
148383
148384
148385
148386
148387
148388
148389
148390
148391
148392
148393
148395
148396
148398
148399
148400
148401
148402
148403
148404
148405
148406
148407
148408
148409
148410
148411
148412
148413
148414
148415
148416
148417
148418
148419
148420
148421
148422
148423
148424
148425
148427
148428
148429
148430
148431
148432
148433
148434
148435
148436
148438
148440
148442
148443
148444
148445
148447
148448
148449
148450
148451
148459
148462
148464
148465
148466
148467
148468
148469
148470
148471
148472
148473
148474
148475
148477
148478
148479
148481
148482
148483
148484
148485
148486
148487
148488
148489
148491
148492
148493
148494
148495
148496
148497
148499
148503
148504
148505
148506
148507
148508
148509
148510
148511
148513
148514
148517
148518
148521
148522
148523
148524
148527
148528
148529
148530
148531
148532
148533
148535
148536
148538
148539
148540
148541
148542
148546
148547
148549
148550
148551
148552
148561
148562
148563
148565
148566
148567
148568
148569
148570
148571
148572
148574
148575
148576
148578
148579
148580
148581
148582
148583
148584
148585
148586
148587
148588
148589
148590
148592
148595
148596
148597
148598
148599
148600
148601
148602
148603
148604
148605
148606
148608
148609
148610
148611
148612
148613
148615
148617
148618
148619
148620
148621
148622
148624
148625
148626
148627
148629
148630
148631
148634
148635
148636
148637
148638
148639
148640
148641
148642
148643
148653
148654
148655
148657
148659
148660
148662
148663
148664
148665
148666
148667
148668
148669
148670
148672
148673
148674
148677
148678
148680
148682
148684
148685
148686
148690
148693
148694
148697
148700
148701
148707
148711
148712
148714
148715
148716
148717
148722
148723
148725
148726
148727
148728
148729
148732
148734
148735
148737
148738
148740
148741
148742
148743
148744
148745
148746
148747
148748
148749
148757
148758
148759
148760
148761
148762
148763
148764
148765
148766
148768
148769
148772
148774
148777
148778
148780
148782
148787
148788
148791
148792
148795
148796
148802
148803
148804
148805
148811
148812
148814
148815
148816
148817
148818
148821
148824
148826
148827
148828
148829
148830
148831
148832
148833
148837
148838
148839
148840
148841
148842
148843
148845
148853
148854
148855
148856
148857
148858
148859
148860
148861
148862
148866
148868
148869
148871
148872
148873
148874
148876
148877
148878
148881
148882
148885
148886
148887
148888
148889
148890
148891
148897
148898
148899
148901
148902
148903
148904
148906
148907
148909
148911
148912
148913
148914
148915
148916
148917
148918
148921
148922
148923
148924
148925
148926
148927
148928
148929
148932
148942
148943
148944
148946
148947
148948
148949
148950
148951
148955
148956
148957
148958
148961
148962
148963
148964
148965
148966
148967
148968
148969
148970
148971
148972
148973
148974
148975
148977
148979
148981
148985
148986
148989
148990
148991
148992
148993
148994
148995
148997
148998
148999
149000
149001
149002
149003
149004
149006
149007
149008
149009
149010
149011
149012
149016
149017
149020
149022
149023
149024
149025
149026
149027
149028
149030
149031
149033
149035
149042
149043
149044
149045
149046
149047
149048
149049
149050
149051
149052
149053
149054
149055
149056
149057
149059
149060
149061
149062
149063
149064
149065
149066
149067
149068
149069
149070
149071
149075
149079
149082
149083
149085
149086
149087
149088
149089
149091
149092
149095
149096
149097
149100
149101
149102
149103
149104
149105
149106
149107
149108
149109
149110
149111
149112
149113
149114
149115
149116
149117
149118
149132
149133
149134
149135
149136
149137
149138
149139
149140
149141
149142
149143
149144
149145
149146
149147
149148
149149
149150
149151
149152
149153
149154
149155
149156
149157
149158
149159
149160
149162
149163
149164
149165
149167
149168
149169
149170
149172
149173
149174
149175
149176
149177
149178
149179
149180
149181
149182
149183
149184
149185
149186
149187
149188
149189
149190
149191
149192
149193
149200
149201
149203
149204
149205
149206
149207
149208
149209
149210
149211
149212
149213
149214
149215
149216
149217
149218
149219
149220
149221
149222
149223
149224
149225
149226
149227
149228
149229
149230
149231
149232
149234
149235
149236
149237
149238
149239
149240
149241
149242
149243
149244
149250
149257
149258
149259
149262
149263
149266
149268
149269
149271
149272
149275
149277
149278
149281
149282
149284
149285
149293
149295
149297
149298
149299
149300
149301
149302
149303
149304
149305
149306
149307
149308
149309
149310
149312
149313
149315
149316
149317
149318
149319
149320
149321
149322
149323
149324
149325
149327
149328
149330
149331
149332
149333
149335
149337
149338
149339
149340
149341
149342
149343
149344
149346
149347
149348
149349
149350
149351
149352
149353
149354
149356
149357
149358
149368
149369
149370
149371
149372
149373
149374
149375
149376
149378
149379
149381
149382
149383
149384
149385
149387
149388
149392
149393
149394
149395
149397
149399
149400
149402
149403
149405
149406
149408
149409
149410
149411
149415
149416
149417
149418
149419
149421
149422
149423
149424
149426
149427
149428
149429
149431
149432
149433
149435
149436
149439
149440
149441
149452
149453
149455
149457
149458
149459
149460
149461
149462
149463
149464
149466
149467
149468
149470
149471
149472
149473
149474
149479
149480
149482
149483
149484
149485
149487
149489
149491
149492
149497
149498
149499
149500
149501
149503
149507
149516
149519
149520
149523
149524
149528
149531
149541
149542
149543
149544
149545
149546
149547
149548
149549
149550
149551
149553
149554
149555
149556
149557
149558
149559
149561
149562
149563
149565
149566
149567
149570
149573
149574
149575
149577
149578
149580
149581
149582
149583
149587
149589
149590
149591
149592
149593
149594
149595
149598
149599
149600
149601
149602
149603
149605
149607
149608
149609
149610
149611
149612
149613
149614
149615
149616
149617
149618
149619
149620
149621
149622
149623
149624
149625
149632
149636
149637
149638
149639
149640
149641
149642
149643
149644
149645
149646
149647
149648
149649
149650
149652
149654
149655
149658
149659
149660
149661
149664
149666
149667
149669
149671
149674
149675
149676
149677
149678
149681
149682
149683
149684
149685
149687
149689
149691
149692
149698
149699
149700
149701
149703
149711
149712
149713
149714
149716
149717
149718
149719
149720
149721
149722
149723
149725
149726
149730
149731
149732
149733
149734
149739
149741
149743
149746
149747
149748
149749
149750
149754
149755
149756
149757
149758
149759
149760
149761
149762
149763
149764
149765
149766
149767
149768
149769
149770
149771
149774
149776
149778
149779
149780
149781
149782
149783
149784
149785
149786
149787
149788
149790
149791
149792
149793
149794
149795
149796
149803
149804
149805
149806
149807
149808
149809
149811
149812
149813
149814
149815
149816
149817
149819
149820
149824
149825
149826
149827
149829
149830
149831
149835
149836
149837
149838
149839
149840
149842
149843
149844
149846
149847
149848
149849
149850
149851
149852
149853
149854
149856
149857
149858
149859
149861
149862
149863
149864
149865
149867
149868
149869
149870
149878
149879
149880
149882
149883
149884
149885
149886
149887
149888
149891
149892
149893
149894
149895
149896
149897
149898
149899
149900
149901
149902
149904
149905
149906
149907
149908
149909
149910
149913
149914
149915
149918
149919
149920
149921
149922
149923
149924
149925
149926
149927
149928
149929
149930
149931
149934
149935
149936
149937
149938
149939
149941
149943
149952
149953
149954
149955
149956
149957
149958
149960
149961
149962
149963
149965
149966
149967
149968
149969
149970
149971
149972
149973
149974
149975
149977
149978
149979
149980
149981
149982
149985
149986
149987
149988
149991
149995
149997
149998
150000
150001
150002
150003
150004
150007
150008
150009
150010
150013
150014
150015
150016
150017
150018
150023
150024
150025
150026
150027
150028
150029
150034
150035
150045
150046
150047
150048
150049
150050
150051
150052
150053
150054
150055
150056
150057
150058
150059
150060
150061
150062
150063
150065
150066
150067
150068
150069
150070
150073
150075
150076
150078
150079
150080
150081
150082
150083
150084
150085
150086
150087
150088
150089
150090
150093
150094
150096
150099
150100
150102
150103
150104
150105
150106
150107
150109
150110
150111
150112
150114
150116
150117
150141
150143
150144
150148
150149
150150
150151
150152
150153
150154
150155
150156
150157
150158
150159
150160
150161
150162
150163
150166
150167
150168
150170
150171
150174
150178
150180
150181
150185
150188
150189
150190
150191
150192
150195
150197
150199
150201
150202
150203
150204
150205
150206
150208
150210
150211
150215
150218
150225
150228
150230
150238
150240
150241
150243
150244
150246
150247
150248
150250
150251
150252
150255
150257
150258
150261
150262
150263
150264
150266
150267
150269
150270
150271
150272
150273
150274
150275
150276
150277
150278
150282
150284
150285
150286
150288
150289
150290
150292
150293
150294
150295
150296
150297
150298
150299
150300
150301
150302
150303
150304
150305
150306
150307
150308
150309
150310
150313
150314
150315
150322
150323
150324
150325
150326
150327
150328
150329
150330
150331
150332
150333
150334
150335
150336
150337
150338
150339
150340
150341
150343
150344
150345
150346
150347
150349
150353
150354
150355
150356
150357
150358
150359
150361
150363
150364
150366
150367
150370
150371
150372
150373
150374
150375
150378
150387
150388
150390
150391
150392
150393
150394
150395
150396
150397
150398
150399
150400
150401
150402
150403
150404
150405
150406
150407
150408
150409
150410
150411
150412
150414
150416
150417
150418
150419
150420
150421
150422
150423
150424
150425
150546
150547
150551
150553
150555
150562
150563
150565
150566
150567
150568
150574
150575
150576
150577
150578
150579
150580
150586
150587
150588
150589
150590
150591
150598
150599
150601
150602
150603
150604
150606
150609
150611
150612
150613
150614
150615
150616
150618
150619
150620
150622
150623
150624
150625
150626
150627
150628
150629
150630
150643
150644
150645
150646
150647
150648
150649
150650
150652
150653
150654
150656
150657
150664
150666
150667
150668
150669
150671
150676
150682
150683
150684
150686
150687
150688
150689
150695
150696
150697
150698
150699
150700
150702
150703
150704
150705
150706
150708
150709
150711
150713
150714
150715
150716
150717
150719
150720
150721
150722
150723
150724
150725
150726
150727
150728
150729
150730
150731
150732
150734
150735
150736
150737
150738
150740
150748
150749
150750
150752
150753
150759
150760
150761
150763
150764
150765
150766
150767
150768
150769
150771
150772
150773
150774
150775
150776
150777
150778
150779
150780
150781
150782
150783
150784
150785
150786
150787
150788
150789
150790
150791
150792
150793
150794
150795
150800
150801
150802
150803
150804
150805
150806
150807
150808
150809
150810
150811
150812
150813
150814
150816
150817
150818
150820
150821
150822
150823
150824
150825
150826
150827
150836
150837
150838
150839
150840
150841
150842
150843
150844
150845
150847
150848
150853
150854
150855
150856
150857
150860
150861
150862
150863
150864
150865
150866
150867
150868
150869
150870
150871
150872
150873
150874
150876
150877
150878
150879
150880
150882
150883
150884
150885
150886
150887
150888
150889
150890
150891
150892
150893
150895
150896
150897
150898
150899
150900
150901
150908
150909
150910
150911
150915
150917
150919
150920
150921
150922
150923
150924
150925
150926
150927
150928
150929
150930
150931
150932
150933
150934
150937
150938
150939
150940
150941
150942
150943
150944
150945
150946
150948
150949
150950
150951
150952
150953
150954
150955
150956
150957
150958
150959
150960
150961
150962
150963
150964
150965
150966
150967
150968
150969
150971
150972
150973
150974
150975
150983
150984
150985
150986
150987
150988
150989
150997
150998
150999
151000
151001
151002
151003
151004
151006
151008
151009
151010
151011
151012
151013
151014
151015
151016
151017
151021
151022
151023
151024
151025
151027
151028
151029
151030
151031
151034
151038
151039
151040
151041
151042
151043
151044
151047
151055
151059
151077
151078
151079
151081
151082
151083
151084
151085
151086
151087
151088
151089
151090
151097
151099
151100
151101
151102
151103
151104
151105
151106
151107
151108
151109
151110
151111
151112
151113
151114
151115
151116
151119
151120
151121
151122
151123
151125
151126
151128
151129
151130
151131
151132
151133
151134
151135
151136
151137
151138
151139
151142
151143
151144
151145
151146
151148
151149
151150
151151
151153
151155
151156
151157
151158
151162
151163
151164
151165
151166
151169
151177
151182
151183
151184
151187
151190
151191
151193
151194
151195
151196
151197
151198
151209
151210
151211
151212
151213
151214
151215
151216
151217
151218
151219
151220
151223
151224
151225
151234
151236
151237
151238
151239
151240
151241
151242
151243
151244
151245
151247
151248
151249
151260
151261
151262
151263
151264
151265
151266
151267
151269
151270
151271
151272
151273
151274
151276
151277
151279
151280
151281
151282
151283
151284
151285
151286
151287
151288
151289
151291
151292
151293
151295
151296
151297
151298
151299
151301
151302
151304
151305
151306
151307
151308
151309
151310
151311
151312
151313
151314
151315
151316
151317
151319
151320
151322
151323
151324
151325
151326
151333
151334
151335
151342
151343
151344
151345
151347
151348
151351
151355
151357
151358
151359
151360
151361
151362
151363
151364
151365
151366
151367
151368
151370
151371
151372
151373
151374
151375
151376
151377
151378
151379
151380
151381
151382
151384
151385
151387
151388
151389
151390
151391
151392
151394
151395
151398
151399
151400
151401
151402
151403
151404
151405
151406
151407
151408
151409
151410
151411
151412
151413
151414
151421
151422
151423
151424
151425
151427
151428
151429
151431
151433
151434
151435
151436
151437
151438
151439
151440
151441
151442
151443
151444
151445
151446
151447
151448
151449
151450
151451
151452
151453
151454
151455
151456
151457
151458
151461
151462
151463
151464
151465
151467
151468
151469
151470
151471
151472
151473
151474
151475
151477
151478
151479
151480
151481
151488
151489
151490
151491
151492
151493
151494
151495
151496
151497
151498
151499
151500
151501
151502
151503
151504
151505
151506
151507
151508
151509
151510
151511
151512
151513
151514
151515
151516
151517
151518
151521
151524
151525
151527
151528
151529
151530
151531
151533
151534
151535
151536
151537
151538
151545
151546
151549
151550
151551
151552
151553
151555
151556
151557
151558
151559
151560
151561
151562
151563
151564
151565
151566
151567
151568
151569
151570
151571
151572
151574
151576
151577
151578
151579
151580
151581
151582
151583
151587
151588
151589
151590
151591
151592
151593
151594
151595
151596
151597
151599
151600
151601
151602
151603
151604
151605
151606
151607
151608
151609
151610
151611
151612
151613
151614
151615
151616
151618
151619
151621
151622
151623
151624
151625
151626
151627
151628
151636
151637
151638
151639
151640
151641
151642
151643
151645
151646
151647
151648
151649
151650
151651
151652
151653
151654
151655
151656
151657
151658
151659
151660
151661
151662
151663
151666
151667
151669
151670
151679
151681
151682
151683
151684
151686
151687
151688
151689
151691
151693
151695
151696
151697
151698
151699
151701
151702
151708
151709
151712
151713
151714
151715
151716
151718
151726
151727
151728
151729
151746
151760
151761
151762
151763
151774
151776
151778
151789
151790
151791
151792
151793
151794
151795
151798
151799
151806
151808
151809
151813
151814
151815
151816
151817
151823
151824
151825
151826
151828
151831
151834
151836
151847
151848
151849
151850
151851
151852
151854
151855
151856
151857
151858
151859
151862
151863
151868
151869
151870
151871
151872
151873
151874
151875
151876
151877
151878
151880
151881
151890
151891
151892
151893
151894
151896
151897
151898
151900
151901
151902
151903
151904
151905
151906
151907
151909
151914
151915
151916
151917
151918
151919
151920
151921
151922
151923
151924
151925
151926
151927
151931
151932
151933
151934
151938
151939
151940
151941
151942
151943
151944
151945
151946
151947
151948
151949
151951
151952
151953
151954
151955
151966
151967
151972
151973
151975
151976
151977
151978
151979
151980
151981
151982
151983
151984
151985
151986
151987
151988
151989
151990
151991
151992
151993
151994
151995
151996
151997
151998
151999
152003
152004
152005
152008
152010
152011
152013
152014
152015
152016
152017
152018
152019
152020
152021
152022
152023
152024
152025
152026
152027
152028
152029
152030
152031
152032
152033
152040
152042
152043
152045
152046
152047
152048
152049
152050
152051
152052
152053
152055
152056
152057
152058
152059
152060
152061
152062
152065
152066
152067
152068
152069
152070
152071
152072
152073
152074
152075
152076
152077
152078
152079
152080
152081
152082
152083
152084
152086
152087
152088
152089
152091
152092
152094
152095
152096
152097
152098
152100
152101
152102
152103
152104
152105
152107
152111
152114
152115
152116
152117
152118
152119
152121
152122
152123
152132
152133
152134
152148
152149
152157
152158
152159
152160
152161
152162
152163
152164
152165
152172
152173
152174
152175
152177
152178
152179
152180
152182
152184
152185
152186
152187
152188
152190
152191
152192
152193
152221
152222
152241
152242
152243
152244
152252
152253
152254
152255
152256
152257
152258
152259
152261
152262
152263
152264
152265
152266
152267
152268
152270
152271
152274
152276
152277
152281
152284
152285
152286
152288
152289
152290
152292
152293
152294
152296
152298
152302
152303
152304
152305
152306
152311
152314
152321
152322
152323
152324
152325
152326
152327
152328
152329
152330
152332
152333
152334
152335
152336
152337
152338
152339
152340
152341
152342
152343
152344
152345
152346
152347
152348
152349
152350
152351
152353
152355
152356
152358
152359
152360
152361
152362
152363
152364
152365
152367
152368
152369
152370
152371
152372
152373
152374
152376
152378
152379
152380
152381
152382
152385
152386
152388
152389
152390
152391
152392
152393
152394
152395
152406
152412
152425
152426
152427
152428
152429
152431
152432
152433
152434
152435
152436
152439
152441
152442
152443
152444
152445
152446
152447
152448
152449
152450
152451
152452
152453
152454
152455
152456
152457
152458
152459
152460
152461
152462
152463
152464
152465
152466
152467
152468
152470
152471
152472
152473
152474
152475
152476
152477
152478
152480
152481
152482
152483
152484
152485
152486
152487
152489
152490
152491
152492
152493
152495
152497
152499
152500
152501
152502
152504
152505
152513
152514
152515
152516
152517
152518
152519
152520
152521
152522
152524
152526
152527
152528
152529
152530
152531
152533
152534
152535
152536
152537
152538
152539
152540
152541
152542
152543
152545
152547
152548
152549
152550
152551
152552
152553
152554
152555
152556
152557
152558
152559
152560
152561
152562
152563
152564
152565
152566
152567
152568
152569
152570
152571
152573
152574
152578
152579
152580
152581
152582
152583
152584
152586
152587
152588
152589
152590
152592
152593
152594
152595
152596
152597
152598
152599
152600
152601
152602
152603
152604
152628
152629
152631
152632
152634
152635
152636
152637
152638
152642
152644
152646
152648
152649
152650
152651
152652
152653
152654
152655
152656
152658
152662
152663
152664
152666
152667
152671
152672
152673
152674
152675
152676
152677
152678
152680
152682
152683
152684
152686
152687
152688
152689
152691
152694
152695
152696
152697
152698
152699
152700
152701
152704
152705
152706
152713
152714
152716
152723
152726
152727
152728
152729
152731
152732
152733
152734
152737
152738
152739
152741
152744
152745
152746
152747
152748
152749
152751
152752
152753
152754
152760
152761
