shot,date
100002,2021-06-08
100003,2021-06-08
100004,2021-06-08
100005,2021-06-08
100006,2021-06-08
100007,2021-06-08
100008,2021-06-08
100009,2021-06-08
100010,2021-06-08
100011,2021-06-08
100012,2021-06-08
100013,2021-06-08
100014,2021-06-08
100015,2021-06-08
100016,2021-06-08
100017,2021-06-08
100018,2021-06-08
100019,2021-06-08
100020,2021-06-08
100021,2021-06-08
100022,2021-06-08
100023,2021-06-08
100024,2021-06-08
100025,2021-06-08
100026,2021-06-08
100027,2021-06-08
100028,2021-06-08
100029,2021-06-08
100030,2021-06-08
100031,2021-06-08
100032,2021-06-08
100033,2021-06-08
100034,2021-06-08
100035,2021-06-08
100036,2021-06-08
100037,2021-06-08
100038,2021-06-09
100039,2021-06-09
100040,2021-06-09
100041,2021-06-09
100045,2021-06-09
100046,2021-06-09
100047,2021-06-09
100048,2021-06-09
100049,2021-06-09
100050,2021-06-09
100051,2021-06-09
100052,2021-06-09
100053,2021-06-09
100054,2021-06-09
100055,2021-06-09
100056,2021-06-09
100057,2021-06-09
100058,2021-06-09
100059,2021-06-09
100060,2021-06-09
100061,2021-06-09
100062,2021-06-09
100063,2021-06-09
100064,2021-06-09
100065,2021-06-09
100066,2021-06-09
100067,2021-06-09
100068,2021-06-09
100069,2021-06-09
100070,2021-06-09
100071,2021-06-09
100072,2021-06-09
100073,2021-06-09
100074,2021-06-09
100075,2021-06-09
100076,2021-06-09
100077,2021-06-09
100078,2021-06-09
100079,2021-06-09
100080,2021-06-09
100081,2021-06-09
100082,2021-06-09
100083,2021-06-09
100084,2021-06-09
100085,2021-06-09
100086,2021-06-09
100087,2021-06-09
100088,2021-06-09
100089,2021-06-09
100090,2021-06-09
100091,2021-06-09
100092,2021-06-09
100093,2021-06-09
100094,2021-06-09
100095,2021-06-09
100096,2021-06-09
100097,2021-06-09
100098,2021-06-09
100099,2021-06-09
100100,2021-06-09
100101,2021-06-09
100102,2021-06-09
100103,2021-06-09
100104,2021-06-09
100105,2021-06-09
100106,2021-06-09
100107,2021-06-09
100108,2021-06-09
100109,2021-06-09
100110,2021-06-09
100111,2021-06-09
100112,2021-06-09
100113,2021-06-09
100114,2021-06-09
100115,2021-06-09
100116,2021-06-09
100117,2021-06-09
100118,2021-06-09
100119,2021-06-09
100120,2021-06-09
100121,2021-06-09
100122,2021-06-09
100123,2021-06-09
100124,2021-06-09
100125,2021-06-09
100126,2021-06-09
100127,2021-06-09
100128,2021-06-09
100129,2021-06-09
100130,2021-06-09
100131,2021-06-09
100132,2021-06-09
100133,2021-06-09
100134,2021-06-09
100135,2021-06-09
100136,2021-06-09
100137,2021-06-10
100138,2021-06-10
100139,2021-06-10
100140,2021-06-10
100145,2021-06-10
100146,2021-06-10
100147,2021-06-10
100148,2021-06-10
100149,2021-06-10
100150,2021-06-10
100151,2021-06-10
100152,2021-06-10
100154,2021-06-10
100155,2021-06-10
100156,2021-06-10
100157,2021-06-10
100158,2021-06-10
100159,2021-06-10
100160,2021-06-10
100161,2021-06-10
100162,2021-06-10
100163,2021-06-10
100164,2021-06-10
100165,2021-06-10
100166,2021-06-10
100167,2021-06-10
100168,2021-06-10
100169,2021-06-10
100170,2021-06-10
100171,2021-06-10
100172,2021-06-10
100173,2021-06-10
100174,2021-06-10
100175,2021-06-10
100176,2021-06-10
100177,2021-06-10
100178,2021-06-10
100179,2021-06-10
100180,2021-06-10
100181,2021-06-10
100182,2021-06-10
100183,2021-06-10
100184,2021-06-10
100185,2021-06-10
100186,2021-06-10
100187,2021-06-10
100188,2021-06-10
100189,2021-06-10
100191,2021-06-10
100192,2021-06-10
100193,2021-06-10
100194,2021-06-10
100195,2021-06-10
100196,2021-06-10
100197,2021-06-10
100198,2021-06-10
100199,2021-06-10
100202,2021-06-10
100203,2021-06-10
100204,2021-06-10
100205,2021-06-10
100206,2021-06-10
100207,2021-06-10
100208,2021-06-10
100209,2021-06-10
100210,2021-06-10
100211,2021-06-10
100212,2021-06-10
100213,2021-06-10
100215,2021-06-10
100216,2021-06-10
100217,2021-06-10
100218,2021-06-10
100219,2021-06-10
100220,2021-06-10
100221,2021-06-10
100222,2021-06-10
100223,2021-06-10
100224,2021-06-10
100225,2021-06-10
100226,2021-06-11
100227,2021-06-11
100228,2021-06-11
100229,2021-06-11
100230,2021-06-11
100231,2021-06-11
100232,2021-06-11
100236,2021-06-11
100237,2021-06-11
100238,2021-06-11
100239,2021-06-11
100240,2021-06-11
100241,2021-06-11
100242,2021-06-11
100243,2021-06-11
100244,2021-06-11
100245,2021-06-11
100246,2021-06-11
100247,2021-06-11
100248,2021-06-11
100249,2021-06-11
100250,2021-06-11
100251,2021-06-11
100252,2021-06-11
100253,2021-06-11
100254,2021-06-11
100255,2021-06-11
100256,2021-06-11
100257,2021-06-11
100258,2021-06-11
100259,2021-06-11
100260,2021-06-11
100261,2021-06-11
100262,2021-06-11
100263,2021-06-11
100264,2021-06-11
100265,2021-06-11
100266,2021-06-11
100268,2021-06-11
100269,2021-06-11
100270,2021-06-11
100271,2021-06-11
100272,2021-06-11
100273,2021-06-11
100274,2021-06-11
100275,2021-06-11
100276,2021-06-11
100277,2021-06-11
100278,2021-06-11
100279,2021-06-11
100280,2021-06-11
100281,2021-06-11
100282,2021-06-11
100283,2021-06-11
100284,2021-06-11
100285,2021-06-11
100286,2021-06-11
100287,2021-06-11
100288,2021-06-11
100289,2021-06-11
100290,2021-06-11
100291,2021-06-11
100292,2021-06-11
100293,2021-06-11
100294,2021-06-11
100295,2021-06-11
100296,2021-06-11
100297,2021-06-11
100298,2021-06-11
100299,2021-06-11
100300,2021-06-11
100301,2021-06-11
100302,2021-06-11
100303,2021-06-11
100304,2021-06-11
100305,2021-06-12
100306,2021-06-12
100307,2021-06-12
100308,2021-06-12
100309,2021-06-12
100310,2021-06-12
100311,2021-06-12
100312,2021-06-12
100313,2021-06-12
100317,2021-06-12
100319,2021-06-12
100321,2021-06-12
100322,2021-06-12
100323,2021-06-12
100324,2021-06-12
100325,2021-06-12
100326,2021-06-12
100327,2021-06-12
100328,2021-06-12
100329,2021-06-12
100330,2021-06-12
100331,2021-06-12
100333,2021-06-12
100334,2021-06-12
100335,2021-06-12
100336,2021-06-12
100337,2021-06-12
100338,2021-06-12
100339,2021-06-12
100340,2021-06-12
100341,2021-06-12
100342,2021-06-12
100343,2021-06-12
100344,2021-06-12
100345,2021-06-12
100346,2021-06-12
100347,2021-06-12
100348,2021-06-12
100349,2021-06-12
100350,2021-06-12
100352,2021-06-12
100353,2021-06-12
100354,2021-06-12
100355,2021-06-12
100356,2021-06-12
100357,2021-06-12
100358,2021-06-12
100359,2021-06-12
100360,2021-06-12
100361,2021-06-12
100362,2021-06-12
100363,2021-06-12
100364,2021-06-12
100365,2021-06-12
100366,2021-06-12
100367,2021-06-12
100368,2021-06-12
100371,2021-06-12
100372,2021-06-12
100373,2021-06-12
100375,2021-06-12
100376,2021-06-12
100377,2021-06-12
100378,2021-06-12
100379,2021-06-12
100380,2021-06-13
100381,2021-06-13
100382,2021-06-13
100383,2021-06-13
100384,2021-06-13
100386,2021-06-13
100387,2021-06-13
100388,2021-06-13
100389,2021-06-13
100390,2021-06-13
100391,2021-06-13
100392,2021-06-13
100393,2021-06-13
100394,2021-06-13
100395,2021-06-13
100396,2021-06-13
100397,2021-06-13
100399,2021-06-13
100400,2021-06-13
100401,2021-06-13
100402,2021-06-13
100403,2021-06-13
100404,2021-06-13
100405,2021-06-13
100406,2021-06-13
100407,2021-06-13
100408,2021-06-13
100409,2021-06-13
100410,2021-06-13
100411,2021-06-13
100412,2021-06-13
100413,2021-06-13
100414,2021-06-13
100415,2021-06-13
100416,2021-06-13
100417,2021-06-13
100418,2021-06-13
100419,2021-06-13
100420,2021-06-13
100421,2021-06-13
100422,2021-06-13
100423,2021-06-13
100424,2021-06-13
100425,2021-06-13
100426,2021-06-13
100427,2021-06-13
100428,2021-06-13
100429,2021-06-13
100430,2021-06-13
100431,2021-06-13
100432,2021-06-13
100433,2021-06-13
100434,2021-06-13
100435,2021-06-13
100436,2021-06-13
100437,2021-06-13
100438,2021-06-13
100439,2021-06-13
100440,2021-06-13
100441,2021-06-13
100442,2021-06-13
100443,2021-06-13
100444,2021-06-13
100445,2021-06-13
100446,2021-06-13
100447,2021-06-13
100448,2021-06-13
100449,2021-06-13
100450,2021-06-13
100451,2021-06-13
100452,2021-06-13
100453,2021-06-13
100454,2021-06-13
100455,2021-06-13
100456,2021-06-13
100457,2021-06-13
100458,2021-06-13
100459,2021-06-13
100460,2021-06-13
100461,2021-06-13
100462,2021-06-13
100463,2021-06-13
100464,2021-06-13
100465,2021-06-13
100466,2021-06-13
100467,2021-06-13
100468,2021-06-13
100469,2021-06-13
100470,2021-06-13
100471,2021-06-13
100472,2021-06-13
100473,2021-06-13
100474,2021-06-13
100475,2021-06-13
100476,2021-06-13
100477,2021-06-13
100478,2021-06-13
100479,2021-06-13
100480,2021-06-14
100481,2021-06-14
100482,2021-06-14
100483,2021-06-14
100484,2021-06-14
100485,2021-06-15
100486,2021-06-15
100487,2021-06-15
100489,2021-06-15
100491,2021-06-15
100492,2021-06-15
100493,2021-06-15
100494,2021-06-15
100495,2021-06-15
100496,2021-06-15
100497,2021-06-15
100498,2021-06-15
100499,2021-06-15
100500,2021-06-15
100502,2021-06-15
100503,2021-06-15
100504,2021-06-15
100505,2021-06-15
100506,2021-06-15
100507,2021-06-15
100508,2021-06-15
100509,2021-06-15
100510,2021-06-15
100511,2021-06-15
100512,2021-06-15
100513,2021-06-15
100514,2021-06-15
100515,2021-06-15
100516,2021-06-15
100517,2021-06-15
100518,2021-06-15
100519,2021-06-15
100520,2021-06-15
100521,2021-06-15
100522,2021-06-15
100523,2021-06-15
100524,2021-06-15
100525,2021-06-15
100526,2021-06-15
100527,2021-06-15
100528,2021-06-15
100529,2021-06-15
100530,2021-06-15
100531,2021-06-15
100532,2021-06-15
100533,2021-06-15
100534,2021-06-15
100535,2021-06-15
100536,2021-06-15
100537,2021-06-15
100538,2021-06-15
100539,2021-06-15
100540,2021-06-15
100541,2021-06-15
100542,2021-06-15
100543,2021-06-15
100544,2021-06-15
100545,2021-06-15
100546,2021-06-15
100547,2021-06-15
100548,2021-06-15
100549,2021-06-15
100550,2021-06-15
100551,2021-06-15
100552,2021-06-15
100553,2021-06-15
100554,2021-06-15
100555,2021-06-15
100556,2021-06-15
100557,2021-06-15
100558,2021-06-15
100559,2021-06-15
100560,2021-06-15
100561,2021-06-16
100562,2021-06-16
100563,2021-06-16
100564,2021-06-16
100565,2021-06-16
100566,2021-06-16
100567,2021-06-16
100568,2021-06-16
100569,2021-06-16
100570,2021-06-16
100571,2021-06-16
100572,2021-06-16
100573,2021-06-16
100574,2021-06-16
100575,2021-06-16
100576,2021-06-16
100577,2021-06-16
100581,2021-06-16
100582,2021-06-16
100583,2021-06-16
100584,2021-06-16
100585,2021-06-16
100586,2021-06-16
100587,2021-06-16
100588,2021-06-16
100589,2021-06-16
100590,2021-06-16
100591,2021-06-16
100592,2021-06-16
100593,2021-06-16
100594,2021-06-16
100595,2021-06-16
100596,2021-06-16
100597,2021-06-16
100598,2021-06-16
100599,2021-06-16
100600,2021-06-16
100601,2021-06-16
100602,2021-06-16
100603,2021-06-16
100604,2021-06-16
100605,2021-06-16
100606,2021-06-16
100607,2021-06-16
100608,2021-06-16
100609,2021-06-16
100610,2021-06-16
100611,2021-06-16
100612,2021-06-16
100614,2021-06-16
100615,2021-06-16
100616,2021-06-16
100617,2021-06-16
100618,2021-06-16
100619,2021-06-16
100620,2021-06-16
100621,2021-06-16
100622,2021-06-16
100623,2021-06-16
100624,2021-06-16
100625,2021-06-16
100626,2021-06-16
100627,2021-06-16
100628,2021-06-16
100629,2021-06-16
100630,2021-06-16
100631,2021-06-16
100632,2021-06-16
100633,2021-06-16
100634,2021-06-16
100635,2021-06-16
100636,2021-06-16
100637,2021-06-16
100638,2021-06-16
100639,2021-06-16
100640,2021-06-16
100642,2021-06-16
100643,2021-06-16
100644,2021-06-16
100645,2021-06-16
100646,2021-06-16
100647,2021-06-16
100648,2021-06-16
100649,2021-06-16
100651,2021-06-17
100652,2021-06-17
100653,2021-06-17
100654,2021-06-17
100655,2021-06-17
100656,2021-06-17
100657,2021-06-17
100658,2021-06-17
100659,2021-06-17
100660,2021-06-17
100661,2021-06-17
100662,2021-06-17
100663,2021-06-17
100664,2021-06-17
100665,2021-06-17
100667,2021-06-17
100670,2021-06-17
100671,2021-06-17
100672,2021-06-17
100673,2021-06-17
100674,2021-06-17
100675,2021-06-17
100676,2021-06-17
100677,2021-06-17
100678,2021-06-17
100679,2021-06-17
100680,2021-06-17
100681,2021-06-17
100682,2021-06-17
100683,2021-06-17
100684,2021-06-17
100685,2021-06-17
100686,2021-06-17
100687,2021-06-17
100688,2021-06-17
100689,2021-06-17
100690,2021-06-17
100691,2021-06-17
100693,2021-06-17
100694,2021-06-17
100695,2021-06-17
100696,2021-06-17
100697,2021-06-17
100698,2021-06-17
100699,2021-06-17
100700,2021-06-17
100701,2021-06-17
100702,2021-06-17
100703,2021-06-17
100704,2021-06-17
100705,2021-06-17
100706,2021-06-17
100707,2021-06-17
100708,2021-06-17
100709,2021-06-17
100710,2021-06-17
100711,2021-06-17
100712,2021-06-17
100713,2021-06-17
100714,2021-06-17
100715,2021-06-17
100716,2021-06-17
100717,2021-06-17
100718,2021-06-17
100719,2021-06-17
100720,2021-06-17
100721,2021-06-17
100722,2021-06-17
100723,2021-06-17
100724,2021-06-17
100725,2021-06-17
100726,2021-06-17
100727,2021-06-17
100728,2021-06-17
100729,2021-06-17
100730,2021-06-17
100731,2021-06-17
100732,2021-06-17
100733,2021-06-17
100734,2021-06-18
100735,2021-06-18
100736,2021-06-18
100740,2021-06-18
100741,2021-06-18
100742,2021-06-18
100743,2021-06-18
100744,2021-06-18
100745,2021-06-18
100746,2021-06-18
100747,2021-06-18
100748,2021-06-18
100749,2021-06-18
100750,2021-06-18
100751,2021-06-18
100753,2021-06-18
100754,2021-06-18
100758,2021-06-18
100760,2021-06-18
100761,2021-06-18
100763,2021-06-18
100764,2021-06-18
100765,2021-06-18
100766,2021-06-18
100767,2021-06-18
100768,2021-06-18
100769,2021-06-19
100770,2021-06-19
100771,2021-06-19
100773,2021-06-19
100774,2021-06-19
100775,2021-06-19
100777,2021-06-19
100778,2021-06-19
100779,2021-06-19
100780,2021-06-19
100781,2021-06-19
100782,2021-06-19
100783,2021-06-19
100784,2021-06-19
100785,2021-06-19
100789,2021-06-19
100790,2021-06-19
100791,2021-06-19
100792,2021-06-19
100793,2021-06-19
100794,2021-06-19
100795,2021-06-19
100796,2021-06-19
100797,2021-06-19
100798,2021-06-19
100799,2021-06-19
100800,2021-06-19
100801,2021-06-19
100802,2021-06-19
100803,2021-06-19
100804,2021-06-19
100805,2021-06-19
100806,2021-06-19
100807,2021-06-19
100808,2021-06-19
100809,2021-06-19
100810,2021-06-19
100811,2021-06-19
100812,2021-06-19
100813,2021-06-19
100814,2021-06-19
100815,2021-06-19
100816,2021-06-19
100817,2021-06-19
100818,2021-06-19
100819,2021-06-19
100820,2021-06-19
100821,2021-06-19
100822,2021-06-19
100823,2021-06-19
100824,2021-06-19
100825,2021-06-19
100826,2021-06-19
100827,2021-06-19
100828,2021-06-19
100829,2021-06-19
100830,2021-06-19
100831,2021-06-19
100832,2021-06-19
100833,2021-06-19
100834,2021-06-19
100835,2021-06-19
100836,2021-06-19
100837,2021-06-19
100838,2021-06-19
100839,2021-06-19
100840,2021-06-19
100841,2021-06-19
100842,2021-06-19
100843,2021-06-19
100844,2021-06-19
100845,2021-06-19
100846,2021-06-19
100847,2021-06-19
100848,2021-06-19
100849,2021-06-19
100850,2021-06-19
100851,2021-06-19
100852,2021-06-19
100853,2021-06-19
100854,2021-06-19
100855,2021-06-19
100856,2021-06-19
100857,2021-06-19
100858,2021-06-19
100859,2021-06-19
100860,2021-06-19
100861,2021-06-20
100862,2021-06-20
100863,2021-06-20
100865,2021-06-20
100866,2021-06-20
100867,2021-06-27
100868,2021-06-27
100876,2021-06-28
100877,2021-06-28
100880,2021-06-28
100881,2021-06-28
100884,2021-06-28
100888,2021-06-28
100889,2021-06-28
100890,2021-06-28
100891,2021-06-28
100892,2021-06-28
100893,2021-06-28
100894,2021-06-28
100895,2021-06-28
100896,2021-06-28
100899,2021-06-28
100900,2021-06-28
100901,2021-06-28
100902,2021-06-28
100903,2021-06-28
100904,2021-06-28
100905,2021-06-28
100906,2021-06-28
100907,2021-06-28
100908,2021-06-28
100909,2021-06-28
100910,2021-06-28
100911,2021-06-28
100912,2021-06-29
100913,2021-06-29
100914,2021-06-29
100915,2021-06-29
100919,2021-06-29
100920,2021-06-29
100921,2021-06-29
100922,2021-06-29
100923,2021-06-29
100924,2021-06-29
100925,2021-06-29
100926,2021-06-29
100927,2021-06-29
100928,2021-06-29
100929,2021-06-29
100930,2021-06-29
100931,2021-06-29
100932,2021-06-29
100933,2021-06-29
100934,2021-06-29
100935,2021-06-29
100936,2021-06-29
100937,2021-06-29
100938,2021-06-29
100939,2021-06-29
100940,2021-06-29
100941,2021-06-29
100942,2021-06-29
100943,2021-06-29
100944,2021-06-29
100945,2021-06-29
100946,2021-06-29
100948,2021-06-29
100949,2021-06-29
100950,2021-06-29
100951,2021-06-29
100952,2021-06-29
100953,2021-06-29
100954,2021-06-29
100955,2021-06-29
100956,2021-06-29
100957,2021-06-29
100958,2021-06-29
100959,2021-06-29
100960,2021-06-29
100961,2021-06-29
100962,2021-06-29
100963,2021-06-29
100964,2021-06-29
100965,2021-06-29
100966,2021-06-29
100967,2021-06-29
100968,2021-06-29
100969,2021-06-29
100970,2021-06-29
100971,2021-06-29
100972,2021-06-29
100973,2021-06-29
100974,2021-06-29
100975,2021-06-29
100976,2021-06-29
100977,2021-06-29
100978,2021-06-29
100979,2021-06-29
100980,2021-06-29
100981,2021-06-29
100982,2021-06-29
100983,2021-06-29
100984,2021-06-29
100985,2021-06-29
100986,2021-06-29
100987,2021-06-29
100988,2021-06-29
100989,2021-06-29
100990,2021-06-30
100991,2021-06-30
100992,2021-06-30
100993,2021-06-30
100994,2021-06-30
100995,2021-06-30
100996,2021-06-30
100997,2021-06-30
100998,2021-06-30
100999,2021-06-30
101001,2021-06-30
101002,2021-06-30
101003,2021-06-30
101004,2021-06-30
101005,2021-06-30
101006,2021-06-30
101010,2021-06-30
101011,2021-06-30
101012,2021-06-30
101013,2021-06-30
101014,2021-06-30
101015,2021-06-30
101016,2021-06-30
101017,2021-06-30
101018,2021-06-30
101019,2021-06-30
101020,2021-06-30
101021,2021-06-30
101022,2021-06-30
101023,2021-06-30
101024,2021-06-30
101025,2021-06-30
101027,2021-06-30
101028,2021-06-30
101029,2021-06-30
101030,2021-06-30
101031,2021-06-30
101032,2021-06-30
101033,2021-06-30
101035,2021-06-30
101036,2021-06-30
101037,2021-06-30
101038,2021-06-30
101039,2021-06-30
101040,2021-06-30
101041,2021-06-30
101042,2021-06-30
101043,2021-06-30
101044,2021-06-30
101045,2021-06-30
101046,2021-06-30
101047,2021-06-30
101048,2021-06-30
101049,2021-06-30
101050,2021-06-30
101051,2021-06-30
101052,2021-06-30
101054,2021-06-30
101055,2021-06-30
101056,2021-06-30
101057,2021-06-30
101058,2021-06-30
101059,2021-06-30
101060,2021-06-30
101061,2021-06-30
101062,2021-06-30
101063,2021-06-30
101064,2021-06-30
101065,2021-06-30
101066,2021-06-30
101067,2021-06-30
101068,2021-06-30
101069,2021-06-30
101070,2021-06-30
101071,2021-06-30
101072,2021-06-30
101073,2021-06-30
101074,2021-06-30
101075,2021-06-30
101076,2021-06-30
101077,2021-06-30
101078,2021-06-30
101079,2021-06-30
101080,2021-06-30
101081,2021-06-30
101082,2021-06-30
101083,2021-06-30
101084,2021-07-01
101085,2021-07-01
101086,2021-07-01
101087,2021-07-01
101088,2021-07-01
101089,2021-07-01
101090,2021-07-01
101091,2021-07-01
101092,2021-07-01
101097,2021-07-01
101098,2021-07-01
101101,2021-07-01
101102,2021-07-01
101105,2021-07-01
101106,2021-07-01
101107,2021-07-01
101108,2021-07-01
101109,2021-07-01
101110,2021-07-01
101111,2021-07-01
101112,2021-07-01
101113,2021-07-01
101114,2021-07-01
101115,2021-07-01
101116,2021-07-01
101117,2021-07-01
101118,2021-07-01
101119,2021-07-01
101120,2021-07-01
101121,2021-07-01
101122,2021-07-01
101123,2021-07-01
101124,2021-07-01
101125,2021-07-01
101126,2021-07-01
101127,2021-07-01
101128,2021-07-01
101129,2021-07-01
101130,2021-07-01
101131,2021-07-01
101132,2021-07-01
101133,2021-07-01
101134,2021-07-01
101135,2021-07-01
101136,2021-07-01
101137,2021-07-01
101138,2021-07-01
101139,2021-07-01
101140,2021-07-01
101141,2021-07-01
101142,2021-07-01
101143,2021-07-01
101144,2021-07-01
101145,2021-07-01
101148,2021-07-01
101149,2021-07-01
101151,2021-07-01
101152,2021-07-01
101153,2021-07-01
101154,2021-07-01
101155,2021-07-01
101156,2021-07-01
101157,2021-07-01
101158,2021-07-01
101159,2021-07-01
101160,2021-07-02
101161,2021-07-02
101162,2021-07-02
101163,2021-07-02
101164,2021-07-02
101165,2021-07-02
101166,2021-07-02
101167,2021-07-02
101168,2021-07-02
101169,2021-07-02
101170,2021-07-02
101171,2021-07-02
101172,2021-07-02
101174,2021-07-02
101175,2021-07-02
101176,2021-07-02
101177,2021-07-02
101178,2021-07-02
101179,2021-07-02
101180,2021-07-02
101181,2021-07-02
101182,2021-07-02
101183,2021-07-02
101184,2021-07-02
101185,2021-07-02
101186,2021-07-02
101187,2021-07-02
101188,2021-07-02
101189,2021-07-02
101190,2021-07-02
101191,2021-07-02
101192,2021-07-02
101193,2021-07-02
101195,2021-07-02
101196,2021-07-02
101197,2021-07-02
101198,2021-07-02
101199,2021-07-02
101200,2021-07-02
101201,2021-07-02
101202,2021-07-02
101203,2021-07-02
101204,2021-07-02
101205,2021-07-02
101206,2021-07-02
101207,2021-07-02
101208,2021-07-02
101209,2021-07-02
101210,2021-07-02
101214,2021-07-02
101215,2021-07-02
101216,2021-07-02
101217,2021-07-02
101218,2021-07-02
101219,2021-07-02
101220,2021-07-02
101221,2021-07-02
101222,2021-07-02
101223,2021-07-02
101224,2021-07-02
101225,2021-07-02
101226,2021-07-02
101227,2021-07-02
101228,2021-07-02
101230,2021-07-02
101231,2021-07-02
101232,2021-07-02
101233,2021-07-02
101234,2021-07-02
101235,2021-07-02
101236,2021-07-02
101237,2021-07-02
101238,2021-07-02
101239,2021-07-02
101240,2021-07-02
101241,2021-07-02
101242,2021-07-02
101243,2021-07-02
101244,2021-07-02
101245,2021-07-02
101246,2021-07-02
101247,2021-07-02
101248,2021-07-02
101249,2021-07-02
101251,2021-07-03
101253,2021-07-03
101254,2021-07-03
101255,2021-07-03
101256,2021-07-03
101257,2021-07-03
101258,2021-07-03
101262,2021-07-03
101263,2021-07-03
101264,2021-07-03
101265,2021-07-03
101267,2021-07-03
101268,2021-07-03
101269,2021-07-03
101270,2021-07-03
101271,2021-07-03
101272,2021-07-03
101273,2021-07-03
101274,2021-07-03
101275,2021-07-03
101276,2021-07-03
101277,2021-07-03
101278,2021-07-03
101279,2021-07-03
101280,2021-07-03
101281,2021-07-03
101282,2021-07-03
101283,2021-07-03
101284,2021-07-03
101286,2021-07-03
101287,2021-07-03
101288,2021-07-03
101289,2021-07-03
101290,2021-07-03
101291,2021-07-03
101292,2021-07-03
101293,2021-07-03
101294,2021-07-03
101295,2021-07-03
101296,2021-07-03
101297,2021-07-03
101298,2021-07-03
101299,2021-07-03
101300,2021-07-03
101301,2021-07-03
101302,2021-07-03
101303,2021-07-03
101304,2021-07-03
101305,2021-07-03
101306,2021-07-03
101307,2021-07-03
101308,2021-07-03
101309,2021-07-03
101310,2021-07-03
101311,2021-07-03
101312,2021-07-03
101313,2021-07-03
101314,2021-07-03
101315,2021-07-03
101316,2021-07-03
101317,2021-07-03
101318,2021-07-03
101319,2021-07-03
101320,2021-07-03
101321,2021-07-03
101322,2021-07-03
101323,2021-07-03
101324,2021-07-03
101325,2021-07-03
101326,2021-07-03
101327,2021-07-03
101328,2021-07-03
101329,2021-07-03
101330,2021-07-03
101331,2021-07-03
101332,2021-07-03
101333,2021-07-03
101334,2021-07-03
101336,2021-07-03
101338,2021-07-03
101339,2021-07-04
101340,2021-07-04
101341,2021-07-04
101342,2021-07-04
101344,2021-07-04
101345,2021-07-04
101346,2021-07-04
101347,2021-07-04
101348,2021-07-04
101352,2021-07-04
101353,2021-07-04
101354,2021-07-04
101355,2021-07-04
101356,2021-07-04
101357,2021-07-04
101358,2021-07-04
101359,2021-07-04
101360,2021-07-04
101361,2021-07-04
101362,2021-07-04
101363,2021-07-04
101364,2021-07-04
101365,2021-07-04
101367,2021-07-04
101368,2021-07-04
101369,2021-07-04
101370,2021-07-04
101371,2021-07-04
101372,2021-07-04
101373,2021-07-04
101374,2021-07-04
101375,2021-07-04
101376,2021-07-04
101378,2021-07-04
101379,2021-07-04
101380,2021-07-04
101381,2021-07-04
101382,2021-07-04
101383,2021-07-04
101384,2021-07-04
101385,2021-07-04
101386,2021-07-04
101387,2021-07-04
101388,2021-07-04
101389,2021-07-04
101390,2021-07-04
101391,2021-07-04
101392,2021-07-04
101393,2021-07-04
101394,2021-07-04
101395,2021-07-04
101396,2021-07-04
101397,2021-07-04
101398,2021-07-04
101399,2021-07-04
101400,2021-07-04
101401,2021-07-04
101402,2021-07-04
101403,2021-07-04
101404,2021-07-04
101405,2021-07-04
101406,2021-07-04
101407,2021-07-04
101409,2021-07-04
101410,2021-07-04
101412,2021-07-04
101413,2021-07-04
101414,2021-07-04
101415,2021-07-04
101416,2021-07-05
101417,2021-07-05
101423,2021-07-05
101424,2021-07-05
101426,2021-07-05
101427,2021-07-05
101429,2021-07-05
101430,2021-07-05
101431,2021-07-05
101432,2021-07-05
101433,2021-07-05
101434,2021-07-05
101435,2021-07-05
101436,2021-07-05
101437,2021-07-05
101438,2021-07-05
101439,2021-07-05
101440,2021-07-05
101441,2021-07-05
101442,2021-07-05
101443,2021-07-05
101444,2021-07-05
101445,2021-07-05
101446,2021-07-05
101447,2021-07-05
101448,2021-07-05
101449,2021-07-05
101450,2021-07-05
101451,2021-07-05
101452,2021-07-05
101453,2021-07-05
101454,2021-07-05
101455,2021-07-05
101456,2021-07-05
101457,2021-07-05
101458,2021-07-05
101459,2021-07-05
101460,2021-07-05
101461,2021-07-05
101462,2021-07-05
101463,2021-07-05
101464,2021-07-05
101465,2021-07-05
101466,2021-07-05
101467,2021-07-05
101468,2021-07-05
101469,2021-07-05
101470,2021-07-05
101471,2021-07-05
101472,2021-07-05
101473,2021-07-05
101474,2021-07-05
101475,2021-07-05
101476,2021-07-05
101477,2021-07-05
101478,2021-07-05
101479,2021-07-05
101480,2021-07-05
101481,2021-07-05
101482,2021-07-05
101483,2021-07-05
101484,2021-07-05
101485,2021-07-05
101486,2021-07-05
101487,2021-07-05
101488,2021-07-05
101489,2021-07-05
101490,2021-07-05
101491,2021-07-05
101492,2021-07-05
101493,2021-07-05
101494,2021-07-05
101495,2021-07-05
101496,2021-07-05
101497,2021-07-05
101498,2021-07-05
101499,2021-07-05
101500,2021-07-05
101501,2021-07-05
101502,2021-07-05
101503,2021-07-06
101504,2021-07-06
101505,2021-07-06
101506,2021-07-06
101507,2021-07-06
101508,2021-07-06
101509,2021-07-06
101510,2021-07-06
101511,2021-07-06
101512,2021-07-06
101513,2021-07-06
101514,2021-07-06
101515,2021-07-06
101516,2021-07-06
101517,2021-07-06
101518,2021-07-06
101519,2021-07-06
101520,2021-07-06
101522,2021-07-06
101525,2021-07-06
101526,2021-07-06
101527,2021-07-06
101528,2021-07-06
101529,2021-07-06
101530,2021-07-06
101531,2021-07-06
101532,2021-07-06
101533,2021-07-06
101534,2021-07-06
101537,2021-07-06
101538,2021-07-06
101539,2021-07-06
101540,2021-07-06
101541,2021-07-06
101542,2021-07-06
101544,2021-07-06
101545,2021-07-06
101546,2021-07-06
101547,2021-07-06
101548,2021-07-06
101549,2021-07-06
101550,2021-07-06
101551,2021-07-06
101552,2021-07-06
101553,2021-07-06
101554,2021-07-06
101555,2021-07-06
101556,2021-07-06
101557,2021-07-06
101558,2021-07-06
101559,2021-07-06
101560,2021-07-06
101561,2021-07-06
101562,2021-07-06
101563,2021-07-06
101564,2021-07-06
101565,2021-07-06
101566,2021-07-06
101567,2021-07-06
101568,2021-07-06
101569,2021-07-06
101570,2021-07-06
101571,2021-07-06
101572,2021-07-06
101573,2021-07-06
101574,2021-07-06
101575,2021-07-06
101576,2021-07-06
101577,2021-07-06
101578,2021-07-06
101581,2021-07-06
101582,2021-07-06
101584,2021-07-06
101588,2021-07-06
101592,2021-07-06
101593,2021-07-06
101594,2021-07-06
101596,2021-07-06
101597,2021-07-06
101599,2021-07-06
101601,2021-07-06
101602,2021-07-06
101604,2021-07-06
101605,2021-07-06
101606,2021-07-06
101607,2021-07-06
101608,2021-07-06
101610,2021-07-06
101611,2021-07-06
101612,2021-07-06
101613,2021-07-06
101614,2021-07-06
101615,2021-07-06
101616,2021-07-06
101617,2021-07-06
101618,2021-07-06
101620,2021-07-07
101621,2021-07-07
101623,2021-07-07
101625,2021-07-07
101627,2021-07-07
101628,2021-07-07
101629,2021-07-07
101637,2021-07-07
101638,2021-07-07
101639,2021-07-07
101640,2021-07-07
101641,2021-07-07
101642,2021-07-07
101643,2021-07-07
101644,2021-07-07
101645,2021-07-07
101646,2021-07-07
101647,2021-07-07
101648,2021-07-07
101649,2021-07-07
101650,2021-07-07
101653,2021-07-07
101654,2021-07-07
101655,2021-07-07
101656,2021-07-07
101657,2021-07-07
101658,2021-07-07
101659,2021-07-07
101660,2021-07-07
101661,2021-07-07
101662,2021-07-07
101663,2021-07-07
101664,2021-07-07
101665,2021-07-07
101666,2021-07-07
101667,2021-07-07
101668,2021-07-07
101669,2021-07-07
101670,2021-07-07
101672,2021-07-07
101673,2021-07-07
101675,2021-07-07
101676,2021-07-07
101677,2021-07-07
101678,2021-07-07
101679,2021-07-07
101680,2021-07-07
101681,2021-07-07
101682,2021-07-07
101683,2021-07-07
101684,2021-07-07
101685,2021-07-07
101686,2021-07-07
101692,2021-07-07
101693,2021-07-07
101694,2021-07-07
101697,2021-07-07
101698,2021-07-07
101699,2021-07-07
101700,2021-07-07
101701,2021-07-07
101702,2021-07-07
101703,2021-07-07
101704,2021-07-07
101705,2021-07-07
101708,2021-07-07
101709,2021-07-07
101710,2021-07-07
101711,2021-07-07
101712,2021-07-07
101713,2021-07-07
101714,2021-07-07
101715,2021-07-07
101716,2021-07-07
101717,2021-07-07
101718,2021-07-07
101719,2021-07-07
101720,2021-07-07
101721,2021-07-07
101722,2021-07-07
101723,2021-07-07
101724,2021-07-07
101725,2021-07-07
101726,2021-07-07
101727,2021-07-07
101729,2021-07-07
101730,2021-07-07
101731,2021-07-07
101732,2021-07-07
101733,2021-07-07
101734,2021-07-08
101735,2021-07-08
101736,2021-07-08
101737,2021-07-08
101738,2021-07-08
101739,2021-07-08
101740,2021-07-08
101741,2021-07-08
101742,2021-07-08
101743,2021-07-08
101744,2021-07-08
101745,2021-07-08
101746,2021-07-08
101747,2021-07-08
101748,2021-07-08
101749,2021-07-08
101750,2021-07-08
101751,2021-07-08
101752,2021-07-08
101754,2021-07-08
101755,2021-07-08
101756,2021-07-08
101758,2021-07-08
101759,2021-07-08
101761,2021-07-08
101762,2021-07-08
101763,2021-07-08
101764,2021-07-08
101766,2021-07-08
101767,2021-07-08
101769,2021-07-08
101770,2021-07-08
101771,2021-07-08
101772,2021-07-08
101773,2021-07-08
101774,2021-07-08
101777,2021-07-08
101778,2021-07-08
101779,2021-07-08
101780,2021-07-08
101781,2021-07-08
101782,2021-07-08
101783,2021-07-08
101784,2021-07-08
101785,2021-07-08
101786,2021-07-08
101787,2021-07-08
101788,2021-07-08
101789,2021-07-08
101790,2021-07-08
101791,2021-07-08
101792,2021-07-08
101793,2021-07-08
101794,2021-07-08
101795,2021-07-08
101797,2021-07-08
101798,2021-07-08
101799,2021-07-08
101800,2021-07-08
101801,2021-07-08
101802,2021-07-08
101803,2021-07-08
101804,2021-07-08
101806,2021-07-08
101807,2021-07-08
101808,2021-07-08
101809,2021-07-08
101810,2021-07-08
101811,2021-07-08
101812,2021-07-08
101814,2021-07-08
101816,2021-07-08
101817,2021-07-08
101819,2021-07-08
101820,2021-07-08
101821,2021-07-08
101822,2021-07-08
101823,2021-07-08
101824,2021-07-08
101825,2021-07-09
101826,2021-07-09
101828,2021-07-09
101829,2021-07-09
101830,2021-07-09
101831,2021-07-09
101833,2021-07-09
101834,2021-07-09
101835,2021-07-09
101836,2021-07-09
101837,2021-07-09
101841,2021-07-09
101842,2021-07-09
101843,2021-07-09
101844,2021-07-09
101846,2021-07-09
101847,2021-07-09
101849,2021-07-09
101850,2021-07-09
101851,2021-07-09
101853,2021-07-09
101854,2021-07-09
101856,2021-07-09
101857,2021-07-09
101858,2021-07-09
101859,2021-07-09
101860,2021-07-09
101861,2021-07-09
101863,2021-07-09
101865,2021-07-09
101866,2021-07-09
101867,2021-07-09
101868,2021-07-09
101869,2021-07-09
101870,2021-07-09
101871,2021-07-09
101872,2021-07-09
101873,2021-07-09
101875,2021-07-09
101876,2021-07-09
101877,2021-07-09
101878,2021-07-09
101879,2021-07-09
101880,2021-07-09
101881,2021-07-09
101882,2021-07-09
101883,2021-07-09
101884,2021-07-09
101885,2021-07-09
101886,2021-07-09
101887,2021-07-09
101888,2021-07-09
101889,2021-07-09
101890,2021-07-09
101891,2021-07-09
101892,2021-07-09
101893,2021-07-09
101894,2021-07-09
101895,2021-07-09
101896,2021-07-09
101897,2021-07-09
101898,2021-07-09
101899,2021-07-09
101900,2021-07-09
101901,2021-07-09
101902,2021-07-09
101903,2021-07-09
101904,2021-07-09
101905,2021-07-09
101906,2021-07-09
101907,2021-07-09
101908,2021-07-09
101909,2021-07-09
101910,2021-07-09
101911,2021-07-09
101912,2021-07-09
101913,2021-07-09
101914,2021-07-09
101915,2021-07-09
101916,2021-07-09
101917,2021-07-09
101918,2021-07-09
101919,2021-07-09
101920,2021-07-09
101921,2021-07-09
101922,2021-07-09
101923,2021-07-09
101924,2021-07-09
101925,2021-07-09
101926,2021-07-09
101927,2021-07-09
101928,2021-07-09
101929,2021-07-09
101930,2021-07-09
101931,2021-07-09
101932,2021-07-09
101933,2021-07-10
101934,2021-07-10
101935,2021-07-10
101936,2021-07-10
101937,2021-07-10
101938,2021-07-10
101939,2021-07-10
101940,2021-07-10
101941,2021-07-10
101942,2021-07-10
101945,2021-07-10
101946,2021-07-10
101947,2021-07-10
101948,2021-07-10
101949,2021-07-10
101950,2021-07-10
101951,2021-07-10
101952,2021-07-10
101953,2021-07-10
101954,2021-07-10
101955,2021-07-10
101956,2021-07-10
101957,2021-07-10
101958,2021-07-10
101959,2021-07-10
101960,2021-07-10
101961,2021-07-10
101962,2021-07-10
101963,2021-07-10
101964,2021-07-10
101965,2021-07-10
101966,2021-07-10
101968,2021-07-10
101969,2021-07-10
101970,2021-07-10
101971,2021-07-10
101972,2021-07-10
101973,2021-07-10
101974,2021-07-10
101975,2021-07-10
101976,2021-07-10
101977,2021-07-10
101978,2021-07-10
101979,2021-07-10
101980,2021-07-10
101981,2021-07-10
101982,2021-07-10
101983,2021-07-10
101985,2021-07-10
101986,2021-07-10
101987,2021-07-10
101988,2021-07-10
101989,2021-07-10
101990,2021-07-10
101991,2021-07-10
101992,2021-07-10
101993,2021-07-10
101994,2021-07-10
101995,2021-07-10
101996,2021-07-10
101997,2021-07-10
101998,2021-07-10
102000,2021-07-10
102001,2021-07-10
102002,2021-07-10
102003,2021-07-10
102005,2021-07-10
102012,2021-07-10
102014,2021-07-10
102015,2021-07-10
102016,2021-07-11
102017,2021-07-11
102018,2021-07-11
102019,2021-07-11
102020,2021-07-11
102021,2021-07-11
102023,2021-07-11
102024,2021-07-11
102025,2021-07-11
102029,2021-07-11
102030,2021-07-11
102031,2021-07-11
102032,2021-07-11
102033,2021-07-11
102034,2021-07-11
102035,2021-07-11
102036,2021-07-11
102038,2021-07-11
102039,2021-07-11
102040,2021-07-11
102041,2021-07-11
102042,2021-07-11
102043,2021-07-11
102044,2021-07-11
102046,2021-07-11
102047,2021-07-11
102048,2021-07-11
102049,2021-07-11
102050,2021-07-11
102051,2021-07-11
102052,2021-07-11
102054,2021-07-11
102055,2021-07-11
102056,2021-07-11
102057,2021-07-11
102058,2021-07-11
102059,2021-07-11
102060,2021-07-11
102061,2021-07-11
102062,2021-07-11
102063,2021-07-11
102064,2021-07-11
102065,2021-07-11
102066,2021-07-11
102067,2021-07-11
102068,2021-07-11
102069,2021-07-11
102070,2021-07-11
102071,2021-07-11
102072,2021-07-11
102073,2021-07-11
102074,2021-07-11
102075,2021-07-11
102076,2021-07-11
102077,2021-07-11
102083,2021-07-11
102084,2021-07-11
102085,2021-07-11
102086,2021-07-11
102087,2021-07-11
102090,2021-07-11
102091,2021-07-11
102092,2021-07-11
102093,2021-07-11
102095,2021-07-11
102096,2021-07-11
102097,2021-07-11
102098,2021-07-11
102100,2021-07-11
102101,2021-07-11
102106,2021-07-11
102107,2021-07-11
102108,2021-07-11
102110,2021-07-12
102111,2021-07-12
102112,2021-07-12
102114,2021-07-12
102115,2021-07-12
102116,2021-07-12
102117,2021-07-12
102118,2021-07-12
102119,2021-07-12
102120,2021-07-12
102129,2021-07-12
102130,2021-07-12
102131,2021-07-12
102132,2021-07-12
102133,2021-07-12
102134,2021-07-12
102135,2021-07-12
102136,2021-07-12
102137,2021-07-12
102138,2021-07-12
102139,2021-07-12
102140,2021-07-12
102141,2021-07-12
102142,2021-07-12
102143,2021-07-12
102144,2021-07-12
102145,2021-07-12
102146,2021-07-12
102147,2021-07-12
102148,2021-07-12
102149,2021-07-12
102150,2021-07-12
102151,2021-07-12
102152,2021-07-12
102153,2021-07-12
102154,2021-07-12
102155,2021-07-12
102156,2021-07-12
102157,2021-07-12
102158,2021-07-12
102159,2021-07-12
102160,2021-07-12
102161,2021-07-12
102162,2021-07-12
102163,2021-07-12
102164,2021-07-12
102165,2021-07-12
102166,2021-07-12
102169,2021-07-12
102170,2021-07-12
102171,2021-07-12
102172,2021-07-12
102173,2021-07-12
102174,2021-07-12
102175,2021-07-12
102176,2021-07-12
102178,2021-07-12
102179,2021-07-12
102180,2021-07-12
102181,2021-07-12
102182,2021-07-12
102183,2021-07-12
102184,2021-07-12
102185,2021-07-12
102186,2021-07-12
102187,2021-07-12
102188,2021-07-12
102189,2021-07-12
102190,2021-07-12
102191,2021-07-12
102192,2021-07-12
102193,2021-07-12
102194,2021-07-12
102195,2021-07-12
102196,2021-07-12
102198,2021-07-12
102199,2021-07-12
102200,2021-07-12
102203,2021-07-12
102208,2021-07-12
102209,2021-07-13
102210,2021-07-13
102211,2021-07-13
102215,2021-07-13
102216,2021-07-13
102217,2021-07-13
102218,2021-07-13
102219,2021-07-13
102220,2021-07-13
102221,2021-07-13
102222,2021-07-13
102223,2021-07-13
102224,2021-07-13
102225,2021-07-13
102226,2021-07-13
102227,2021-07-13
102228,2021-07-13
102229,2021-07-13
102230,2021-07-13
102231,2021-07-13
102232,2021-07-13
102233,2021-07-13
102234,2021-07-13
102235,2021-07-13
102236,2021-07-13
102237,2021-07-13
102238,2021-07-13
102239,2021-07-13
102240,2021-07-13
102241,2021-07-13
102242,2021-07-13
102243,2021-07-13
102244,2021-07-13
102245,2021-07-13
102246,2021-07-13
102247,2021-07-13
102248,2021-07-13
102249,2021-07-13
102250,2021-07-13
102251,2021-07-13
102252,2021-07-13
102253,2021-07-13
102254,2021-07-13
102255,2021-07-13
102256,2021-07-13
102257,2021-07-13
102258,2021-07-13
102259,2021-07-13
102260,2021-07-13
102261,2021-07-13
102262,2021-07-13
102263,2021-07-13
102264,2021-07-13
102265,2021-07-13
102266,2021-07-13
102267,2021-07-13
102268,2021-07-13
102269,2021-07-13
102270,2021-07-13
102271,2021-07-13
102272,2021-07-13
102274,2021-07-13
102275,2021-07-13
102276,2021-07-13
102277,2021-07-13
102278,2021-07-13
102279,2021-07-13
102280,2021-07-13
102281,2021-07-13
102282,2021-07-13
102283,2021-07-13
102284,2021-07-13
102285,2021-07-13
102286,2021-07-13
102287,2021-07-13
102288,2021-07-13
102289,2021-07-13
102290,2021-07-13
102291,2021-07-13
102295,2021-07-13
102296,2021-07-13
102297,2021-07-13
102300,2021-07-13
102301,2021-07-13
102304,2021-07-14
102308,2021-07-14
102314,2021-07-14
102315,2021-07-14
102316,2021-07-14
102320,2021-07-14
102322,2021-07-14
102323,2021-07-14
102324,2021-07-14
102326,2021-07-14
102327,2021-07-14
102328,2021-07-14
102329,2021-07-14
102330,2021-07-14
102331,2021-07-14
102332,2021-07-14
102333,2021-07-14
102334,2021-07-14
102335,2021-07-14
102336,2021-07-14
102337,2021-07-14
102338,2021-07-14
102339,2021-07-14
102340,2021-07-14
102341,2021-07-14
102342,2021-07-14
102343,2021-07-14
102344,2021-07-14
102345,2021-07-14
102346,2021-07-14
102347,2021-07-14
102348,2021-07-14
102349,2021-07-14
102350,2021-07-14
102351,2021-07-14
102352,2021-07-14
102353,2021-07-14
102354,2021-07-14
102355,2021-07-14
102356,2021-07-14
102357,2021-07-14
102358,2021-07-14
102359,2021-07-14
102360,2021-07-14
102361,2021-07-14
102362,2021-07-14
102363,2021-07-14
102364,2021-07-14
102365,2021-07-14
102366,2021-07-14
102367,2021-07-14
102368,2021-07-14
102369,2021-07-14
102370,2021-07-14
102371,2021-07-14
102372,2021-07-14
102373,2021-07-14
102374,2021-07-14
102375,2021-07-14
102376,2021-07-14
102377,2021-07-14
102378,2021-07-14
102379,2021-07-14
102380,2021-07-14
102381,2021-07-14
102382,2021-07-14
102383,2021-07-14
102384,2021-07-14
102385,2021-07-14
102386,2021-07-14
102387,2021-07-14
102388,2021-07-14
102389,2021-07-14
102390,2021-07-14
102391,2021-07-14
102392,2021-07-14
102393,2021-07-14
102394,2021-07-14
102396,2021-07-14
102397,2021-07-14
102398,2021-07-14
102399,2021-07-14
102400,2021-07-14
102401,2021-07-14
102402,2021-07-14
102404,2021-07-14
102405,2021-07-14
102406,2021-07-14
102407,2021-07-14
102408,2021-07-14
102409,2021-07-15
102410,2021-07-15
102411,2021-07-15
102412,2021-07-15
102423,2021-07-15
102426,2021-07-15
102427,2021-07-15
102428,2021-07-15
102429,2021-07-15
102430,2021-07-15
102431,2021-07-15
102432,2021-07-15
102433,2021-07-15
102434,2021-07-15
102436,2021-07-15
102439,2021-07-15
102440,2021-07-15
102441,2021-07-15
102442,2021-07-15
102443,2021-07-15
102444,2021-07-15
102445,2021-07-15
102446,2021-07-15
102447,2021-07-15
102448,2021-07-15
102449,2021-07-15
102450,2021-07-15
102451,2021-07-15
102452,2021-07-15
102453,2021-07-15
102455,2021-07-15
102456,2021-07-15
102457,2021-07-15
102458,2021-07-15
102459,2021-07-15
102460,2021-07-15
102461,2021-07-15
102462,2021-07-15
102463,2021-07-15
102464,2021-07-15
102465,2021-07-15
102466,2021-07-15
102467,2021-07-15
102468,2021-07-15
102469,2021-07-15
102470,2021-07-15
102471,2021-07-15
102472,2021-07-15
102473,2021-07-15
102474,2021-07-15
102475,2021-07-15
102476,2021-07-15
102477,2021-07-15
102478,2021-07-15
102479,2021-07-15
102480,2021-07-15
102481,2021-07-15
102482,2021-07-15
102483,2021-07-15
102484,2021-07-15
102485,2021-07-15
102486,2021-07-15
102487,2021-07-15
102488,2021-07-15
102489,2021-07-15
102490,2021-07-15
102491,2021-07-15
102492,2021-07-15
102493,2021-07-15
102494,2021-07-15
102495,2021-07-15
102496,2021-07-15
102497,2021-07-15
102498,2021-07-15
102499,2021-07-15
102500,2021-07-16
102501,2021-07-16
102502,2021-07-16
102503,2021-07-16
102504,2021-07-16
102505,2021-07-16
102506,2021-07-16
102507,2021-07-16
102512,2021-07-16
102513,2021-07-16
102514,2021-07-16
102515,2021-07-16
102516,2021-07-16
102517,2021-07-16
102518,2021-07-16
102519,2021-07-16
102520,2021-07-16
102521,2021-07-16
102522,2021-07-16
102523,2021-07-16
102524,2021-07-16
102525,2021-07-16
102526,2021-07-16
102527,2021-07-16
102528,2021-07-16
102529,2021-07-16
102530,2021-07-16
102531,2021-07-16
102533,2021-07-16
102535,2021-07-16
102536,2021-07-16
102537,2021-07-16
102538,2021-07-16
102539,2021-07-16
102541,2021-07-16
102542,2021-07-16
102543,2021-07-16
102544,2021-07-16
102545,2021-07-16
102546,2021-07-16
102547,2021-07-16
102548,2021-07-16
102549,2021-07-16
102550,2021-07-16
102551,2021-07-16
102552,2021-07-16
102553,2021-07-16
102554,2021-07-16
102555,2021-07-16
102557,2021-07-16
102559,2021-07-16
102560,2021-07-16
102561,2021-07-16
102562,2021-07-16
102563,2021-07-16
102564,2021-07-16
102565,2021-07-16
102566,2021-07-16
102567,2021-07-16
102568,2021-07-16
102569,2021-07-16
102577,2021-07-16
102579,2021-07-16
102580,2021-07-16
102581,2021-07-16
102582,2021-07-16
102583,2021-07-16
102584,2021-07-16
102585,2021-07-16
102586,2021-07-16
102587,2021-07-16
102588,2021-07-16
102589,2021-07-16
102590,2021-07-16
102591,2021-07-16
102592,2021-07-16
102593,2021-07-16
102594,2021-07-16
102595,2021-07-16
102596,2021-07-16
102597,2021-07-17
102598,2021-07-17
102599,2021-07-17
102600,2021-07-17
102601,2021-07-17
102602,2021-07-17
102606,2021-07-17
102607,2021-07-17
102611,2021-07-17
102612,2021-07-17
102613,2021-07-17
102614,2021-07-17
102616,2021-07-17
102617,2021-07-17
102618,2021-07-17
102619,2021-07-17
102620,2021-07-17
102621,2021-07-17
102622,2021-07-17
102623,2021-07-17
102624,2021-07-17
102625,2021-07-17
102626,2021-07-17
102627,2021-07-17
102628,2021-07-17
102629,2021-07-17
102630,2021-07-17
102631,2021-07-17
102632,2021-07-17
102633,2021-07-17
102634,2021-07-17
102635,2021-07-17
102637,2021-07-17
102638,2021-07-17
102639,2021-07-17
102640,2021-07-17
102641,2021-07-17
102642,2021-07-17
102643,2021-07-17
102644,2021-07-17
102645,2021-07-17
102646,2021-07-17
102647,2021-07-17
102648,2021-07-17
102649,2021-07-17
102650,2021-07-17
102651,2021-07-17
102652,2021-07-17
102653,2021-07-17
102655,2021-07-17
102657,2021-07-17
102658,2021-07-17
102660,2021-07-17
102661,2021-07-17
102663,2021-07-17
102664,2021-07-17
102667,2021-07-17
102668,2021-07-17
102669,2021-07-17
102670,2021-07-17
102671,2021-07-17
102674,2021-07-17
102675,2021-07-17
102676,2021-07-17
102677,2021-07-17
102678,2021-07-17
102679,2021-07-17
102680,2021-07-17
102681,2021-07-17
102682,2021-07-17
102683,2021-07-17
102684,2021-07-17
102685,2021-07-17
102686,2021-07-17
102687,2021-07-17
102688,2021-07-17
102689,2021-07-17
102690,2021-07-17
102691,2021-07-17
102692,2021-07-17
102694,2021-07-17
102695,2021-07-17
102696,2021-07-17
102699,2021-07-17
102700,2021-07-18
102701,2021-07-18
102703,2021-07-18
102707,2021-07-18
102708,2021-07-18
102709,2021-07-18
102710,2021-07-18
102711,2021-07-18
102712,2021-07-18
102713,2021-07-18
102714,2021-07-18
102715,2021-07-18
102716,2021-07-18
102717,2021-07-18
102718,2021-07-18
102719,2021-07-18
102720,2021-07-18
102721,2021-07-18
102722,2021-07-18
102723,2021-07-18
102724,2021-07-18
102725,2021-07-18
102726,2021-07-18
102727,2021-07-18
102728,2021-07-18
102729,2021-07-18
102730,2021-07-18
102731,2021-07-18
102732,2021-07-18
102733,2021-07-18
102734,2021-07-18
102736,2021-07-18
102737,2021-07-18
102738,2021-07-18
102739,2021-07-18
102740,2021-07-18
102741,2021-07-18
102742,2021-07-18
102743,2021-07-18
102744,2021-07-18
102745,2021-07-18
102746,2021-07-18
102747,2021-07-18
102748,2021-07-18
102749,2021-07-18
102751,2021-07-18
102752,2021-07-18
102753,2021-07-18
102754,2021-07-18
102755,2021-07-18
102756,2021-07-18
102757,2021-07-18
102758,2021-07-18
102759,2021-07-18
102760,2021-07-18
102761,2021-07-18
102762,2021-07-18
102763,2021-07-18
102764,2021-07-18
102765,2021-07-18
102766,2021-07-18
102768,2021-07-18
102770,2021-07-18
102773,2021-07-18
102774,2021-07-18
102775,2021-07-18
102776,2021-07-18
102777,2021-07-19
102783,2021-07-19
102784,2021-07-19
102785,2021-07-19
102786,2021-07-19
102787,2021-07-19
102788,2021-07-19
102789,2021-07-19
102795,2021-07-19
102796,2021-07-19
102798,2021-07-19
102799,2021-07-19
102800,2021-07-19
102801,2021-07-19
102802,2021-07-19
102803,2021-07-19
102804,2021-07-19
102805,2021-07-19
102807,2021-07-19
102808,2021-07-19
102809,2021-07-19
102810,2021-07-19
102811,2021-07-19
102812,2021-07-19
102813,2021-07-19
102814,2021-07-19
102815,2021-07-19
102816,2021-07-19
102817,2021-07-19
102818,2021-07-19
102819,2021-07-19
102820,2021-07-19
102822,2021-07-19
102824,2021-07-19
102825,2021-07-19
102826,2021-07-19
102827,2021-07-19
102828,2021-07-19
102829,2021-07-19
102831,2021-07-19
102832,2021-07-19
102833,2021-07-19
102834,2021-07-19
102835,2021-07-19
102836,2021-07-19
102837,2021-07-19
102838,2021-07-19
102839,2021-07-19
102840,2021-07-19
102841,2021-07-19
102842,2021-07-19
102843,2021-07-19
102844,2021-07-19
102846,2021-07-19
102848,2021-07-19
102849,2021-07-19
102850,2021-07-19
102851,2021-07-20
102852,2021-07-20
102853,2021-07-20
102857,2021-07-20
102860,2021-07-20
102861,2021-07-20
102862,2021-07-20
102863,2021-07-20
102864,2021-07-20
102865,2021-07-20
102866,2021-07-20
102867,2021-07-20
102868,2021-07-20
102869,2021-07-20
102870,2021-07-20
102871,2021-07-20
102872,2021-07-20
102873,2021-07-20
102874,2021-07-20
102875,2021-07-20
102876,2021-07-20
102877,2021-07-20
102878,2021-07-20
102879,2021-07-20
102880,2021-07-20
102881,2021-07-20
102882,2021-07-20
102883,2021-07-20
102884,2021-07-20
102885,2021-07-20
102886,2021-07-20
102887,2021-07-20
102888,2021-07-20
102889,2021-07-20
102890,2021-07-20
102891,2021-07-20
102894,2021-07-20
102895,2021-07-20
102896,2021-07-20
102897,2021-07-20
102898,2021-07-20
102899,2021-07-20
102900,2021-07-20
102901,2021-07-20
102903,2021-07-20
102904,2021-07-20
102905,2021-07-20
102906,2021-07-20
102907,2021-07-20
102908,2021-07-20
102909,2021-07-20
102911,2021-07-20
102912,2021-07-20
102913,2021-07-20
102915,2021-07-20
102916,2021-07-20
102918,2021-07-20
102919,2021-07-20
102920,2021-07-20
102921,2021-07-20
102922,2021-07-20
102923,2021-07-20
102924,2021-07-20
102925,2021-07-20
102926,2021-07-20
102927,2021-07-20
102928,2021-07-20
102929,2021-07-20
102930,2021-07-20
102931,2021-07-20
102932,2021-07-20
102933,2021-07-20
102934,2021-07-20
102935,2021-07-20
102936,2021-07-20
102937,2021-07-20
102938,2021-07-20
102939,2021-07-20
102940,2021-07-20
102941,2021-07-20
102942,2021-07-20
102943,2021-07-20
102944,2021-07-21
102945,2021-07-21
102946,2021-07-21
102950,2021-07-21
102951,2021-07-21
102952,2021-07-21
102953,2021-07-21
102954,2021-07-21
102955,2021-07-21
102956,2021-07-21
102957,2021-07-21
102958,2021-07-21
102959,2021-07-21
102960,2021-07-21
102961,2021-07-21
102962,2021-07-21
102963,2021-07-21
102964,2021-07-21
102965,2021-07-21
102966,2021-07-21
102967,2021-07-21
102968,2021-07-21
102969,2021-07-21
102970,2021-07-21
102971,2021-07-21
102972,2021-07-21
102973,2021-07-21
102974,2021-07-21
102975,2021-07-21
102976,2021-07-21
102977,2021-07-21
102978,2021-07-21
102979,2021-07-21
102980,2021-07-21
102981,2021-07-21
102982,2021-07-21
102983,2021-07-21
102985,2021-07-21
102986,2021-07-21
102987,2021-07-21
102988,2021-07-21
102989,2021-07-21
102990,2021-07-21
102991,2021-07-21
102992,2021-07-21
102993,2021-07-21
102994,2021-07-21
102995,2021-07-21
102996,2021-07-21
102997,2021-07-21
102998,2021-07-21
102999,2021-07-21
103000,2021-07-21
103001,2021-07-21
103002,2021-07-21
103003,2021-07-21
103004,2021-07-21
103005,2021-07-21
103006,2021-07-21
103007,2021-07-21
103008,2021-07-21
103009,2021-07-21
103010,2021-07-21
103011,2021-07-21
103012,2021-07-21
103013,2021-07-21
103014,2021-07-21
103015,2021-07-21
103016,2021-07-21
103017,2021-07-21
103018,2021-07-21
103019,2021-07-21
103020,2021-07-21
103021,2021-07-21
103022,2021-07-21
103023,2021-07-21
103024,2021-07-21
103025,2021-07-21
103026,2021-07-21
103027,2021-07-21
103028,2021-07-21
103029,2021-07-21
103030,2021-07-21
103031,2021-07-21
103032,2021-07-21
103033,2021-07-21
103034,2021-07-21
103035,2021-07-21
103036,2021-07-21
103037,2021-07-21
103038,2021-07-21
103040,2021-07-21
103041,2021-07-21
103042,2021-07-21
103043,2021-07-22
103044,2021-07-22
103045,2021-07-22
103046,2021-07-22
103048,2021-07-22
103049,2021-07-22
103053,2021-07-22
103054,2021-07-22
103055,2021-07-22
103056,2021-07-22
103057,2021-07-22
103058,2021-07-22
103059,2021-07-22
103061,2021-07-22
103062,2021-07-22
103063,2021-07-22
103064,2021-07-22
103065,2021-07-22
103066,2021-07-22
103067,2021-07-22
103068,2021-07-22
103069,2021-07-22
103070,2021-07-22
103071,2021-07-22
103072,2021-07-22
103073,2021-07-22
103074,2021-07-22
103075,2021-07-22
103076,2021-07-22
103077,2021-07-22
103078,2021-07-22
103079,2021-07-22
103080,2021-07-22
103081,2021-07-22
103082,2021-07-22
103083,2021-07-22
103084,2021-07-22
103085,2021-07-22
103086,2021-07-22
103087,2021-07-22
103088,2021-07-22
103089,2021-07-22
103090,2021-07-22
103091,2021-07-22
103092,2021-07-22
103093,2021-07-22
103094,2021-07-22
103095,2021-07-22
103096,2021-07-22
103097,2021-07-22
103098,2021-07-22
103099,2021-07-22
103100,2021-07-22
103101,2021-07-22
103102,2021-07-22
103103,2021-07-22
103104,2021-07-22
103106,2021-07-22
103107,2021-07-22
103108,2021-07-22
103109,2021-07-22
103110,2021-07-22
103111,2021-07-22
103112,2021-07-22
103114,2021-07-22
103115,2021-07-22
103116,2021-07-22
103117,2021-07-22
103118,2021-07-22
103119,2021-07-22
103120,2021-07-22
103121,2021-07-22
103122,2021-07-22
103123,2021-07-22
103124,2021-07-22
103125,2021-07-22
103126,2021-07-22
103127,2021-07-22
103128,2021-07-22
103129,2021-07-22
103130,2021-07-22
103131,2021-07-22
103132,2021-07-22
103133,2021-07-22
103134,2021-07-22
103135,2021-07-22
103136,2021-07-22
103137,2021-07-22
103139,2021-07-22
103140,2021-07-23
103141,2021-07-23
103142,2021-07-23
103143,2021-07-23
103147,2021-07-23
103149,2021-07-23
103150,2021-07-23
103151,2021-07-23
103152,2021-07-23
103153,2021-07-23
103154,2021-07-23
103156,2021-07-23
103157,2021-07-23
103158,2021-07-23
103159,2021-07-23
103160,2021-07-23
103161,2021-07-23
103162,2021-07-23
103163,2021-07-23
103164,2021-07-23
103165,2021-07-23
103166,2021-07-23
103167,2021-07-23
103168,2021-07-23
103169,2021-07-23
103171,2021-07-23
103172,2021-07-23
103173,2021-07-23
103174,2021-07-23
103175,2021-07-23
103176,2021-07-23
103177,2021-07-23
103178,2021-07-23
103179,2021-07-23
103180,2021-07-23
103181,2021-07-23
103182,2021-07-23
103183,2021-07-23
103184,2021-07-23
103186,2021-07-23
103187,2021-07-23
103188,2021-07-23
103189,2021-07-23
103190,2021-07-23
103191,2021-07-23
103192,2021-07-23
103193,2021-07-23
103194,2021-07-23
103196,2021-07-23
103197,2021-07-23
103199,2021-07-23
103200,2021-07-23
103201,2021-07-23
103202,2021-07-23
103203,2021-07-23
103204,2021-07-23
103205,2021-07-23
103207,2021-07-23
103208,2021-07-23
103209,2021-07-23
103210,2021-07-23
103211,2021-07-23
103212,2021-07-23
103213,2021-07-23
103214,2021-07-23
103215,2021-07-23
103216,2021-07-23
103217,2021-07-23
103218,2021-07-23
103219,2021-07-23
103220,2021-07-23
103221,2021-07-23
103222,2021-07-23
103223,2021-07-23
103224,2021-07-23
103225,2021-07-23
103226,2021-07-23
103227,2021-07-23
103228,2021-07-23
103229,2021-07-23
103230,2021-07-23
103231,2021-07-23
103232,2021-07-23
103233,2021-07-23
103234,2021-07-23
103235,2021-07-23
103236,2021-07-23
103237,2021-07-23
103238,2021-07-23
103239,2021-07-23
103241,2021-07-23
103242,2021-07-23
103243,2021-07-23
103244,2021-07-23
103245,2021-07-23
103246,2021-07-23
103247,2021-07-23
103248,2021-07-23
103249,2021-07-23
103250,2021-07-24
103251,2021-07-24
103252,2021-07-24
103253,2021-07-24
103257,2021-07-24
103258,2021-07-24
103260,2021-07-24
103261,2021-07-24
103262,2021-07-24
103263,2021-07-24
103264,2021-07-24
103265,2021-07-24
103266,2021-07-24
103267,2021-07-24
103268,2021-07-24
103269,2021-07-24
103270,2021-07-24
103271,2021-07-24
103272,2021-07-24
103273,2021-07-24
103274,2021-07-24
103275,2021-07-24
103276,2021-07-24
103277,2021-07-24
103278,2021-07-24
103279,2021-07-24
103280,2021-07-24
103281,2021-07-24
103282,2021-07-24
103283,2021-07-24
103284,2021-07-24
103285,2021-07-24
103286,2021-07-24
103287,2021-07-24
103288,2021-07-24
103289,2021-07-24
103290,2021-07-24
103291,2021-07-24
103292,2021-07-24
103293,2021-07-24
103296,2021-07-24
103298,2021-07-24
103301,2021-07-24
103302,2021-07-24
103303,2021-07-24
103306,2021-07-24
103308,2021-07-24
103309,2021-07-24
103311,2021-07-24
103312,2021-07-24
103313,2021-07-24
103314,2021-07-24
103315,2021-07-24
103316,2021-07-24
103317,2021-07-24
103318,2021-07-24
103319,2021-07-24
103320,2021-07-24
103321,2021-07-24
103325,2021-07-24
103328,2021-07-24
103329,2021-07-24
103330,2021-07-24
103332,2021-07-24
103333,2021-07-24
103334,2021-07-24
103335,2021-07-24
103336,2021-07-24
103337,2021-07-24
103338,2021-07-24
103339,2021-07-24
103340,2021-07-24
103341,2021-07-24
103342,2021-07-24
103343,2021-07-24
103344,2021-07-24
103345,2021-07-24
103346,2021-07-24
103347,2021-07-25
103348,2021-07-25
103349,2021-07-25
103350,2021-07-25
103354,2021-07-25
103355,2021-07-25
103356,2021-07-25
103357,2021-07-25
103358,2021-07-25
103359,2021-07-25
103360,2021-07-25
103361,2021-07-25
103362,2021-07-25
103363,2021-07-25
103364,2021-07-25
103366,2021-07-25
103367,2021-07-25
103368,2021-07-25
103369,2021-07-25
103370,2021-07-25
103371,2021-07-25
103372,2021-07-25
103373,2021-07-25
103374,2021-07-25
103375,2021-07-25
103376,2021-07-25
103377,2021-07-25
103378,2021-07-25
103379,2021-07-25
103380,2021-07-25
103382,2021-07-25
103383,2021-07-25
103384,2021-07-25
103386,2021-07-25
103389,2021-07-25
103390,2021-07-25
103391,2021-07-25
103392,2021-07-25
103393,2021-07-25
103394,2021-07-25
103395,2021-07-25
103396,2021-07-25
103397,2021-07-25
103398,2021-07-25
103399,2021-07-25
103401,2021-07-25
103402,2021-07-25
103403,2021-07-25
103404,2021-07-25
103405,2021-07-25
103407,2021-07-25
103408,2021-07-25
103409,2021-07-25
103410,2021-07-25
103411,2021-07-25
103412,2021-07-25
103413,2021-07-25
103415,2021-07-25
103416,2021-07-25
103417,2021-07-25
103418,2021-07-25
103419,2021-07-25
103423,2021-07-25
103425,2021-07-25
103426,2021-07-25
103427,2021-07-25
103428,2021-07-25
103429,2021-07-25
103430,2021-07-25
103431,2021-07-25
103432,2021-07-25
103433,2021-07-25
103434,2021-07-25
103435,2021-07-25
103436,2021-07-25
103437,2021-07-25
103438,2021-07-25
103439,2021-07-25
103440,2021-07-25
103441,2021-07-25
103442,2021-07-25
103443,2021-07-25
103444,2021-07-25
103445,2021-07-25
103447,2021-07-25
103448,2021-07-25
103449,2021-07-25
103450,2021-07-25
103451,2021-07-25
103452,2021-07-25
103456,2021-07-25
103457,2021-07-25
103459,2021-07-25
103460,2021-07-25
103462,2021-07-25
103463,2021-07-25
103464,2021-07-25
103465,2021-07-25
103466,2021-07-25
103467,2021-07-25
103469,2021-07-25
103470,2021-07-25
103472,2021-07-26
103473,2021-07-26
103474,2021-07-26
103475,2021-07-26
103479,2021-07-26
103480,2021-07-26
103481,2021-07-26
103483,2021-07-26
103484,2021-07-26
103485,2021-07-26
103486,2021-07-26
103487,2021-07-26
103488,2021-07-26
103489,2021-07-26
103490,2021-07-26
103492,2021-07-26
103493,2021-07-26
103494,2021-07-26
103495,2021-07-26
103496,2021-07-26
103497,2021-07-26
103498,2021-07-26
103499,2021-07-26
103500,2021-07-26
103501,2021-07-26
103502,2021-07-26
103503,2021-07-26
103504,2021-07-26
103505,2021-07-26
103506,2021-07-26
103507,2021-07-26
103508,2021-07-26
103509,2021-07-26
103510,2021-07-26
103513,2021-07-26
103514,2021-07-26
103515,2021-07-26
103516,2021-07-26
103517,2021-07-26
103518,2021-07-26
103519,2021-07-26
103520,2021-07-26
103521,2021-07-26
103522,2021-07-26
103523,2021-07-26
103524,2021-07-26
103525,2021-07-26
103526,2021-07-26
103527,2021-07-26
103529,2021-07-26
103530,2021-07-26
103531,2021-07-26
103532,2021-07-26
103533,2021-07-26
103534,2021-07-26
103535,2021-07-26
103536,2021-07-26
103537,2021-07-26
103538,2021-07-26
103539,2021-07-26
103540,2021-07-26
103542,2021-07-26
103544,2021-07-26
103545,2021-07-26
103546,2021-07-26
103549,2021-07-26
103550,2021-07-26
103551,2021-07-26
103552,2021-07-26
103553,2021-07-26
103554,2021-07-26
103555,2021-07-26
103556,2021-07-26
103557,2021-07-26
103558,2021-07-26
103559,2021-07-26
103560,2021-07-26
103561,2021-07-26
103562,2021-07-26
103563,2021-07-26
103564,2021-07-26
103566,2021-07-27
103568,2021-07-27
103569,2021-07-27
103570,2021-07-27
103571,2021-07-27
103572,2021-07-27
103578,2021-07-27
103579,2021-07-27
103580,2021-07-27
103584,2021-07-27
103586,2021-07-27
103587,2021-07-27
103588,2021-07-27
103589,2021-07-27
103590,2021-07-27
103591,2021-07-27
103595,2021-07-27
103596,2021-07-27
103597,2021-07-27
103598,2021-07-27
103599,2021-07-27
103600,2021-07-27
103601,2021-07-27
103602,2021-07-27
103603,2021-07-27
103604,2021-07-27
103605,2021-07-27
103606,2021-07-27
103607,2021-07-27
103608,2021-07-27
103609,2021-07-27
103610,2021-07-27
103611,2021-07-27
103612,2021-07-27
103613,2021-07-27
103614,2021-07-27
103615,2021-07-27
103616,2021-07-27
103617,2021-07-27
103618,2021-07-27
103619,2021-07-27
103620,2021-07-27
103621,2021-07-27
103622,2021-07-27
103623,2021-07-27
103624,2021-07-27
103625,2021-07-27
103626,2021-07-27
103627,2021-07-27
103628,2021-07-27
103629,2021-07-27
103630,2021-07-27
103637,2021-07-27
103638,2021-07-27
103639,2021-07-27
103640,2021-07-27
103641,2021-07-27
103642,2021-07-27
103643,2021-07-27
103644,2021-07-27
103645,2021-07-27
103646,2021-07-27
103647,2021-07-27
103648,2021-07-27
103649,2021-07-27
103650,2021-07-27
103651,2021-07-27
103652,2021-07-27
103653,2021-07-27
103654,2021-07-27
103655,2021-07-27
103657,2021-07-27
103658,2021-07-27
103659,2021-07-27
103660,2021-07-27
103661,2021-07-27
103662,2021-07-27
103663,2021-07-27
103664,2021-07-27
103665,2021-07-27
103666,2021-07-27
103668,2021-07-27
103669,2021-07-27
103670,2021-07-27
103671,2021-07-27
103672,2021-07-27
103673,2021-07-27
103674,2021-07-27
103675,2021-07-27
103676,2021-07-27
103677,2021-07-28
103678,2021-07-28
103679,2021-07-28
103681,2021-07-28
103682,2021-07-28
103683,2021-07-28
103684,2021-07-28
103685,2021-07-28
103686,2021-07-28
103687,2021-07-28
103691,2021-07-28
103692,2021-07-28
103693,2021-07-28
103695,2021-07-28
103696,2021-07-28
103697,2021-07-28
103698,2021-07-28
103699,2021-07-28
103700,2021-07-28
103701,2021-07-28
103711,2021-07-28
103712,2021-07-28
103713,2021-07-28
103714,2021-07-28
103716,2021-07-28
103717,2021-07-28
103718,2021-07-28
103719,2021-07-28
103720,2021-07-28
103722,2021-07-28
103724,2021-07-28
103725,2021-07-28
103726,2021-07-28
103727,2021-07-28
103728,2021-07-28
103729,2021-07-28
103730,2021-07-28
103731,2021-07-28
103732,2021-07-28
103733,2021-07-28
103734,2021-07-28
103735,2021-07-28
103736,2021-07-28
103737,2021-07-28
103738,2021-07-28
103739,2021-07-28
103741,2021-07-28
103742,2021-07-28
103743,2021-07-28
103744,2021-07-28
103745,2021-07-28
103746,2021-07-28
103747,2021-07-28
103748,2021-07-28
103750,2021-07-28
103751,2021-07-28
103752,2021-07-28
103753,2021-07-28
103754,2021-07-28
103755,2021-07-28
103756,2021-07-28
103757,2021-07-28
103758,2021-07-28
103759,2021-07-28
103760,2021-07-28
103761,2021-07-28
103762,2021-07-28
103763,2021-07-28
103764,2021-07-28
103767,2021-07-28
103768,2021-07-28
103769,2021-07-28
103770,2021-07-28
103771,2021-07-28
103772,2021-07-28
103773,2021-07-28
103774,2021-07-28
103775,2021-07-28
103776,2021-07-28
103777,2021-07-28
103778,2021-07-28
103779,2021-07-28
103780,2021-07-28
103781,2021-07-28
103782,2021-07-28
103783,2021-07-28
103784,2021-07-28
103785,2021-07-28
103786,2021-07-28
103788,2021-07-28
103789,2021-07-28
103790,2021-07-28
103791,2021-07-28
103792,2021-07-28
103793,2021-07-28
103795,2021-07-28
103796,2021-07-28
103798,2021-07-28
103799,2021-07-29
103801,2021-07-29
103802,2021-07-29
103803,2021-07-29
103805,2021-07-29
103810,2021-07-29
103811,2021-07-29
103812,2021-07-29
103814,2021-07-29
103815,2021-07-29
103816,2021-07-29
103817,2021-07-29
103818,2021-07-29
103819,2021-07-29
103820,2021-07-29
103821,2021-07-29
103822,2021-07-29
103823,2021-07-29
103824,2021-07-29
103825,2021-07-29
103826,2021-07-29
103827,2021-07-29
103828,2021-07-29
103829,2021-07-29
103830,2021-07-29
103831,2021-07-29
103832,2021-07-29
103835,2021-07-29
103837,2021-07-29
103844,2021-07-29
103846,2021-07-29
103848,2021-07-29
103849,2021-07-29
103851,2021-07-29
103852,2021-07-29
103853,2021-07-29
103854,2021-07-29
103855,2021-07-29
103856,2021-07-29
103857,2021-07-29
103858,2021-07-29
103859,2021-07-29
103860,2021-07-29
103861,2021-07-29
103862,2021-07-29
103864,2021-07-29
103865,2021-07-29
103867,2021-07-29
103872,2021-07-29
103873,2021-07-29
103874,2021-07-29
103875,2021-07-29
103876,2021-07-29
103877,2021-07-29
103880,2021-07-30
103882,2021-07-30
103883,2021-07-30
103884,2021-07-30
103887,2021-07-30
103888,2021-07-30
103889,2021-07-30
103893,2021-07-30
103894,2021-07-30
103897,2021-07-30
103899,2021-07-30
103900,2021-07-30
103901,2021-07-30
103902,2021-07-30
103903,2021-07-30
103904,2021-07-30
103905,2021-07-30
103906,2021-07-30
103907,2021-07-30
103908,2021-07-30
103909,2021-07-30
103910,2021-07-30
103911,2021-07-30
103912,2021-07-30
103913,2021-07-30
103917,2021-07-30
103918,2021-07-30
103922,2021-07-30
103923,2021-07-30
103924,2021-07-30
103925,2021-07-30
103926,2021-07-30
103927,2021-07-30
103928,2021-07-30
103933,2021-07-30
103934,2021-07-30
103935,2021-07-30
103937,2021-07-30
103938,2021-07-30
103939,2021-07-30
103942,2021-07-30
103943,2021-07-30
103946,2021-07-30
103950,2021-07-30
103951,2021-07-30
103952,2021-07-30
103953,2021-07-30
103954,2021-07-30
103955,2021-07-30
103956,2021-07-30
103957,2021-07-30
103958,2021-07-30
103959,2021-07-30
103960,2021-07-30
103961,2021-07-30
103962,2021-07-30
103963,2021-07-30
103964,2021-07-30
103965,2021-07-30
103966,2021-07-30
103967,2021-07-30
103968,2021-07-30
103969,2021-07-30
103970,2021-07-30
103971,2021-07-30
103972,2021-07-30
103973,2021-07-30
103974,2021-07-30
103975,2021-07-30
103976,2021-07-30
103977,2021-07-30
103978,2021-07-30
103979,2021-07-30
103980,2021-07-30
103981,2021-07-30
103982,2021-07-30
103983,2021-07-30
103984,2021-07-30
103985,2021-07-30
103986,2021-07-30
103987,2021-07-30
103988,2021-07-30
103990,2021-07-30
103991,2021-07-30
103992,2021-07-30
103993,2021-07-30
103996,2021-07-30
103997,2021-07-30
103998,2021-07-30
103999,2021-07-30
104000,2021-07-30
104001,2021-07-30
104002,2021-07-30
104003,2021-07-30
104004,2021-07-30
104005,2021-07-31
104006,2021-07-31
104008,2021-07-31
104009,2021-07-31
104012,2021-07-31
104015,2021-07-31
104016,2021-07-31
104017,2021-07-31
104018,2021-07-31
104019,2021-07-31
104020,2021-07-31
104021,2021-07-31
104022,2021-07-31
104023,2021-07-31
104025,2021-07-31
104026,2021-07-31
104027,2021-07-31
104031,2021-07-31
104032,2021-07-31
104034,2021-07-31
104035,2021-07-31
104036,2021-07-31
104038,2021-07-31
104040,2021-07-31
104041,2021-07-31
104043,2021-07-31
104044,2021-07-31
104045,2021-07-31
104046,2021-07-31
104047,2021-07-31
104048,2021-07-31
104049,2021-07-31
104050,2021-07-31
104051,2021-07-31
104052,2021-07-31
104053,2021-07-31
104054,2021-07-31
104056,2021-07-31
104057,2021-07-31
104058,2021-07-31
104059,2021-07-31
104060,2021-07-31
104063,2021-07-31
104065,2021-07-31
104066,2021-07-31
104067,2021-07-31
104070,2021-07-31
104071,2021-07-31
104072,2021-07-31
104073,2021-07-31
104074,2021-07-31
104075,2021-07-31
104076,2021-07-31
104077,2021-07-31
104078,2021-07-31
104079,2021-07-31
104081,2021-07-31
104082,2021-07-31
104083,2021-07-31
104085,2021-07-31
104087,2021-07-31
104089,2021-07-31
104102,2021-07-31
104103,2021-07-31
104104,2021-07-31
104105,2021-07-31
104106,2021-08-01
104107,2021-08-01
104110,2021-08-01
104113,2021-08-01
104116,2021-08-01
104117,2021-08-01
104118,2021-08-01
104119,2021-08-01
104122,2021-08-01
104123,2021-08-01
104124,2021-08-01
104125,2021-08-01
104126,2021-08-01
104127,2021-08-01
104128,2021-08-01
104129,2021-08-01
104130,2021-08-01
104131,2021-08-01
104132,2021-08-01
104133,2021-08-01
104134,2021-08-01
104135,2021-08-01
104136,2021-08-01
104138,2021-08-01
104139,2021-08-01
104140,2021-08-01
104141,2021-08-01
104142,2021-08-01
104143,2021-08-01
104144,2021-08-01
104145,2021-08-01
104146,2021-08-01
104147,2021-08-01
104148,2021-08-01
104149,2021-08-01
104150,2021-08-01
104151,2021-08-01
104152,2021-08-01
104153,2021-08-01
104154,2021-08-01
104155,2021-08-01
104156,2021-08-01
104157,2021-08-01
104158,2021-08-01
104159,2021-08-01
104160,2021-08-01
104161,2021-08-01
104162,2021-08-01
104163,2021-08-01
104164,2021-08-01
104165,2021-08-01
104167,2021-08-01
104168,2021-08-01
104169,2021-08-01
104171,2021-08-01
104172,2021-08-01
104173,2021-08-01
104174,2021-08-01
104175,2021-08-01
104176,2021-08-01
104177,2021-08-01
104178,2021-08-01
104179,2021-08-01
104180,2021-08-01
104181,2021-08-01
104182,2021-08-01
104183,2021-08-01
104184,2021-08-01
104185,2021-08-01
104186,2021-08-01
104187,2021-08-01
104188,2021-08-01
104189,2021-08-01
104190,2021-08-02
104191,2021-08-02
104192,2021-08-02
104193,2021-08-02
104194,2021-08-02
104195,2021-08-02
104199,2021-08-02
104200,2021-08-02
104201,2021-08-02
104202,2021-08-02
104203,2021-08-02
104204,2021-08-02
104205,2021-08-02
104206,2021-08-02
104208,2021-08-02
104209,2021-08-02
104210,2021-08-02
104212,2021-08-02
104213,2021-08-02
104214,2021-08-02
104215,2021-08-02
104216,2021-08-02
104218,2021-08-02
104219,2021-08-02
104220,2021-08-02
104221,2021-08-02
104222,2021-08-02
104223,2021-08-02
104224,2021-08-02
104226,2021-08-02
104228,2021-08-02
104233,2021-08-02
104236,2021-08-02
104237,2021-08-02
104238,2021-08-02
104239,2021-08-02
104240,2021-08-02
104241,2021-08-02
104243,2021-08-02
104244,2021-08-02
104245,2021-08-02
104246,2021-08-02
104249,2021-08-02
104250,2021-08-02
104252,2021-08-02
104253,2021-08-02
104254,2021-08-02
104255,2021-08-02
104257,2021-08-02
104258,2021-08-02
104259,2021-08-03
104260,2021-08-03
104261,2021-08-03
104266,2021-08-03
104267,2021-08-03
104268,2021-08-03
104269,2021-08-03
104270,2021-08-03
104271,2021-08-03
104272,2021-08-03
104273,2021-08-03
104278,2021-08-03
104280,2021-08-03
104281,2021-08-03
104282,2021-08-03
104283,2021-08-03
104284,2021-08-03
104285,2021-08-03
104286,2021-08-03
104287,2021-08-03
104288,2021-08-03
104289,2021-08-03
104290,2021-08-03
104503,2021-11-22
104504,2021-11-22
104505,2021-11-22
104506,2021-11-22
104507,2021-11-22
104508,2021-11-22
104509,2021-11-25
104510,2021-11-25
104511,2021-11-25
104512,2021-11-25
104513,2021-11-25
104514,2021-11-25
104515,2021-11-25
104516,2021-11-26
104517,2021-11-26
104518,2021-11-26
104519,2021-11-26
104524,2021-11-27
104525,2021-11-27
104526,2021-11-27
104527,2021-11-27
104531,2021-11-27
104532,2021-11-29
104533,2021-11-29
104534,2021-11-29
104535,2021-11-29
104536,2021-11-29
104537,2021-11-29
104538,2021-11-29
104539,2021-11-29
104543,2021-11-29
104547,2021-11-29
104548,2021-11-29
104549,2021-11-29
104550,2021-11-29
104551,2021-11-29
104552,2021-11-29
104553,2021-11-29
104554,2021-11-29
104555,2021-11-29
104556,2021-11-30
104557,2021-11-30
104558,2021-11-30
104559,2021-11-30
104560,2021-11-30
104561,2021-11-30
104562,2021-11-30
104563,2021-11-30
104564,2021-11-30
104565,2021-11-30
104566,2021-11-30
104567,2021-11-30
104568,2021-11-30
104569,2021-11-30
104570,2021-11-30
104571,2021-12-01
104572,2021-12-01
104573,2021-12-01
104574,2021-12-01
104575,2021-12-01
104577,2021-12-01
104578,2021-12-01
104579,2021-12-01
104580,2021-12-01
104581,2021-12-01
104583,2021-12-01
104584,2021-12-01
104585,2021-12-01
104586,2021-12-01
104587,2021-12-01
104588,2021-12-01
104589,2021-12-01
104591,2021-12-01
104592,2021-12-01
104593,2021-12-01
104594,2021-12-01
104595,2021-12-01
104601,2021-12-01
104602,2021-12-01
104603,2021-12-01
104604,2021-12-01
104606,2021-12-01
104608,2021-12-02
104609,2021-12-02
104610,2021-12-02
104611,2021-12-02
104613,2021-12-02
104614,2021-12-02
104615,2021-12-02
104617,2021-12-02
104618,2021-12-02
104619,2021-12-02
104620,2021-12-02
104621,2021-12-02
104622,2021-12-02
104623,2021-12-02
104624,2021-12-02
104626,2021-12-02
104627,2021-12-02
104629,2021-12-02
104630,2021-12-02
104631,2021-12-02
104632,2021-12-02
104633,2021-12-02
104634,2021-12-02
104635,2021-12-02
104636,2021-12-02
104638,2021-12-02
104639,2021-12-02
104640,2021-12-02
104641,2021-12-02
104642,2021-12-02
104643,2021-12-02
104644,2021-12-02
104645,2021-12-02
104646,2021-12-02
104647,2021-12-02
104648,2021-12-02
104649,2021-12-02
104650,2021-12-02
104651,2021-12-02
104652,2021-12-03
104653,2021-12-03
104654,2021-12-03
104655,2021-12-03
104656,2021-12-03
104657,2021-12-03
104658,2021-12-03
104659,2021-12-03
104660,2021-12-03
104661,2021-12-03
104662,2021-12-03
104663,2021-12-03
104664,2021-12-03
104665,2021-12-03
104666,2021-12-03
104667,2021-12-03
104668,2021-12-03
104669,2021-12-03
104670,2021-12-03
104671,2021-12-03
104672,2021-12-03
104673,2021-12-03
104674,2021-12-03
104675,2021-12-03
104676,2021-12-03
104677,2021-12-03
104678,2021-12-03
104679,2021-12-04
104680,2021-12-04
104681,2021-12-04
104682,2021-12-04
104683,2021-12-04
104684,2021-12-04
104700,2021-12-04
104701,2021-12-04
104702,2021-12-04
104703,2021-12-04
104704,2021-12-04
104705,2021-12-04
104707,2021-12-04
104708,2021-12-04
104710,2021-12-04
104711,2021-12-04
104713,2021-12-04
104714,2021-12-04
104715,2021-12-04
104716,2021-12-04
104717,2021-12-04
104718,2021-12-04
104719,2021-12-04
104720,2021-12-04
104721,2021-12-06
104722,2021-12-06
104723,2021-12-06
104724,2021-12-06
104725,2021-12-06
104726,2021-12-06
104727,2021-12-06
104728,2021-12-06
104729,2021-12-06
104730,2021-12-06
104731,2021-12-06
104732,2021-12-06
104733,2021-12-06
104734,2021-12-06
104735,2021-12-06
104736,2021-12-06
104738,2021-12-06
104739,2021-12-06
104740,2021-12-06
104741,2021-12-06
104742,2021-12-06
104743,2021-12-06
104744,2021-12-06
104745,2021-12-06
104747,2021-12-06
104748,2021-12-06
104749,2021-12-06
104750,2021-12-06
104751,2021-12-06
104752,2021-12-06
104753,2021-12-06
104754,2021-12-06
104755,2021-12-06
104756,2021-12-06
104757,2021-12-06
104758,2021-12-06
104759,2021-12-06
104760,2021-12-06
104761,2021-12-06
104762,2021-12-06
104763,2021-12-06
104764,2021-12-06
104765,2021-12-06
104766,2021-12-06
104767,2021-12-06
104768,2021-12-06
104769,2021-12-06
104770,2021-12-06
104771,2021-12-06
104772,2021-12-06
104773,2021-12-06
104774,2021-12-06
104775,2021-12-06
104776,2021-12-06
104777,2021-12-06
104778,2021-12-06
104779,2021-12-06
104780,2021-12-06
104781,2021-12-06
104782,2021-12-06
104783,2021-12-06
104784,2021-12-06
104785,2021-12-06
104786,2021-12-06
104787,2021-12-06
104789,2021-12-06
104790,2021-12-06
104791,2021-12-06
104792,2021-12-06
104793,2021-12-06
104794,2021-12-06
104795,2021-12-06
104796,2021-12-06
104797,2021-12-06
104798,2021-12-06
104800,2021-12-06
104801,2021-12-06
104802,2021-12-06
104803,2021-12-06
104804,2021-12-06
104805,2021-12-06
104806,2021-12-06
104807,2021-12-06
104808,2021-12-06
104809,2021-12-06
104810,2021-12-06
104811,2021-12-06
104812,2021-12-06
104813,2021-12-06
104814,2021-12-06
104815,2021-12-06
104816,2021-12-06
104817,2021-12-06
104818,2021-12-06
104819,2021-12-06
104820,2021-12-06
104821,2021-12-07
104822,2021-12-07
104824,2021-12-07
104825,2021-12-07
104826,2021-12-07
104827,2021-12-07
104828,2021-12-07
104830,2021-12-07
104831,2021-12-07
104832,2021-12-07
104833,2021-12-07
104834,2021-12-07
104835,2021-12-07
104836,2021-12-07
104837,2021-12-07
104838,2021-12-07
104839,2021-12-07
104840,2021-12-07
104841,2021-12-07
104842,2021-12-07
104843,2021-12-07
104844,2021-12-07
104845,2021-12-07
104846,2021-12-07
104847,2021-12-07
104848,2021-12-07
104849,2021-12-07
104851,2021-12-07
104852,2021-12-07
104853,2021-12-07
104854,2021-12-07
104855,2021-12-07
104856,2021-12-07
104857,2021-12-07
104858,2021-12-07
104859,2021-12-07
104860,2021-12-07
104861,2021-12-07
104862,2021-12-07
104863,2021-12-07
104864,2021-12-07
104865,2021-12-07
104866,2021-12-07
104867,2021-12-07
104868,2021-12-07
104869,2021-12-07
104870,2021-12-07
104871,2021-12-07
104872,2021-12-07
104873,2021-12-07
104874,2021-12-07
104875,2021-12-07
104876,2021-12-07
104877,2021-12-07
104878,2021-12-07
104879,2021-12-07
104880,2021-12-07
104881,2021-12-07
104882,2021-12-07
104883,2021-12-07
104884,2021-12-07
104885,2021-12-07
104886,2021-12-07
104887,2021-12-07
104888,2021-12-07
104889,2021-12-07
104890,2021-12-07
104891,2021-12-07
104892,2021-12-07
104893,2021-12-07
104894,2021-12-07
104895,2021-12-07
104896,2021-12-07
104897,2021-12-07
104898,2021-12-07
104899,2021-12-07
104900,2021-12-07
104901,2021-12-07
104902,2021-12-07
104903,2021-12-07
104904,2021-12-07
104905,2021-12-07
104906,2021-12-07
104907,2021-12-07
104908,2021-12-07
104909,2021-12-07
104910,2021-12-07
104911,2021-12-07
104912,2021-12-07
104913,2021-12-07
104915,2021-12-07
104916,2021-12-07
104917,2021-12-07
104918,2021-12-08
104920,2021-12-08
104921,2021-12-08
104922,2021-12-08
104923,2021-12-08
104924,2021-12-08
104927,2021-12-08
104928,2021-12-08
104929,2021-12-08
104930,2021-12-08
104931,2021-12-08
104932,2021-12-08
104933,2021-12-08
104934,2021-12-08
104935,2021-12-08
104936,2021-12-08
104937,2021-12-08
104938,2021-12-08
104939,2021-12-08
104940,2021-12-08
104941,2021-12-08
104942,2021-12-08
104944,2021-12-08
104946,2021-12-08
104947,2021-12-08
104948,2021-12-08
104949,2021-12-08
104950,2021-12-08
104951,2021-12-08
104952,2021-12-08
104953,2021-12-08
104954,2021-12-08
104955,2021-12-08
104956,2021-12-08
104957,2021-12-08
104958,2021-12-08
104959,2021-12-08
104960,2021-12-08
104961,2021-12-08
104962,2021-12-08
104963,2021-12-08
104964,2021-12-08
104965,2021-12-08
104966,2021-12-08
104967,2021-12-08
104968,2021-12-08
104969,2021-12-08
104970,2021-12-08
104971,2021-12-08
104972,2021-12-08
104973,2021-12-08
104974,2021-12-08
104975,2021-12-08
104976,2021-12-08
104978,2021-12-08
104979,2021-12-08
104980,2021-12-08
104981,2021-12-08
104983,2021-12-08
104984,2021-12-08
104985,2021-12-08
104986,2021-12-08
104987,2021-12-08
104988,2021-12-08
104989,2021-12-08
104990,2021-12-08
104991,2021-12-08
104992,2021-12-08
104993,2021-12-08
104994,2021-12-08
104995,2021-12-08
104996,2021-12-08
104997,2021-12-08
104998,2021-12-08
104999,2021-12-08
105000,2021-12-08
105001,2021-12-08
105002,2021-12-08
105003,2021-12-08
105004,2021-12-08
105005,2021-12-08
105006,2021-12-08
105007,2021-12-08
105008,2021-12-08
105009,2021-12-08
105010,2021-12-08
105011,2021-12-08
105012,2021-12-08
105013,2021-12-08
105014,2021-12-08
105015,2021-12-08
105016,2021-12-08
105017,2021-12-08
105018,2021-12-08
105019,2021-12-08
105020,2021-12-08
105021,2021-12-08
105022,2021-12-08
105023,2021-12-09
105024,2021-12-09
105025,2021-12-09
105026,2021-12-09
105029,2021-12-09
105030,2021-12-09
105031,2021-12-09
105032,2021-12-09
105033,2021-12-09
105034,2021-12-09
105035,2021-12-09
105036,2021-12-09
105037,2021-12-09
105038,2021-12-09
105039,2021-12-09
105041,2021-12-09
105042,2021-12-09
105043,2021-12-09
105044,2021-12-09
105045,2021-12-09
105046,2021-12-09
105047,2021-12-09
105048,2021-12-09
105049,2021-12-09
105050,2021-12-09
105051,2021-12-09
105052,2021-12-09
105053,2021-12-09
105054,2021-12-09
105055,2021-12-09
105056,2021-12-09
105057,2021-12-09
105058,2021-12-09
105059,2021-12-09
105060,2021-12-09
105061,2021-12-09
105062,2021-12-09
105063,2021-12-09
105064,2021-12-09
105065,2021-12-09
105066,2021-12-09
105067,2021-12-09
105068,2021-12-09
105069,2021-12-09
105070,2021-12-09
105071,2021-12-09
105072,2021-12-09
105073,2021-12-09
105074,2021-12-09
105075,2021-12-09
105076,2021-12-09
105077,2021-12-09
105078,2021-12-09
105079,2021-12-09
105080,2021-12-09
105081,2021-12-09
105082,2021-12-09
105083,2021-12-09
105084,2021-12-09
105085,2021-12-09
105086,2021-12-09
105087,2021-12-09
105088,2021-12-09
105089,2021-12-09
105090,2021-12-09
105091,2021-12-09
105092,2021-12-09
105093,2021-12-09
105094,2021-12-09
105096,2021-12-09
105097,2021-12-09
105098,2021-12-09
105099,2021-12-09
105100,2021-12-09
105101,2021-12-09
105102,2021-12-09
105104,2021-12-09
105105,2021-12-09
105106,2021-12-09
105107,2021-12-09
105108,2021-12-09
105109,2021-12-09
105110,2021-12-09
105111,2021-12-09
105112,2021-12-09
105113,2021-12-09
105114,2021-12-09
105115,2021-12-09
105116,2021-12-09
105117,2021-12-09
105118,2021-12-09
105119,2021-12-09
105120,2021-12-09
105121,2021-12-09
105122,2021-12-09
105123,2021-12-09
105124,2021-12-09
105125,2021-12-09
105126,2021-12-09
105127,2021-12-09
105128,2021-12-09
105129,2021-12-09
105130,2021-12-09
105131,2021-12-09
105132,2021-12-09
105133,2021-12-09
105134,2021-12-09
105135,2021-12-09
105136,2021-12-09
105137,2021-12-09
105138,2021-12-09
105139,2021-12-09
105140,2021-12-09
105141,2021-12-09
105142,2021-12-09
105143,2021-12-09
105144,2021-12-09
105145,2021-12-09
105146,2021-12-09
105147,2021-12-09
105148,2021-12-10
105149,2021-12-10
105150,2021-12-10
105151,2021-12-10
105152,2021-12-10
105153,2021-12-10
105156,2021-12-10
105157,2021-12-10
105158,2021-12-10
105159,2021-12-10
105160,2021-12-10
105161,2021-12-10
105162,2021-12-10
105163,2021-12-10
105164,2021-12-10
105165,2021-12-10
105167,2021-12-10
105168,2021-12-10
105169,2021-12-10
105170,2021-12-10
105171,2021-12-10
105172,2021-12-10
105173,2021-12-10
105174,2021-12-10
105175,2021-12-10
105176,2021-12-10
105177,2021-12-10
105178,2021-12-10
105179,2021-12-10
105180,2021-12-10
105181,2021-12-10
105182,2021-12-10
105183,2021-12-10
105184,2021-12-10
105185,2021-12-10
105186,2021-12-10
105187,2021-12-10
105188,2021-12-10
105189,2021-12-10
105190,2021-12-10
105191,2021-12-10
105192,2021-12-10
105193,2021-12-10
105194,2021-12-10
105195,2021-12-10
105196,2021-12-10
105197,2021-12-10
105198,2021-12-10
105199,2021-12-10
105200,2021-12-10
105201,2021-12-10
105202,2021-12-10
105203,2021-12-10
105206,2021-12-10
105207,2021-12-10
105208,2021-12-10
105209,2021-12-10
105210,2021-12-10
105211,2021-12-10
105212,2021-12-10
105213,2021-12-10
105214,2021-12-10
105215,2021-12-10
105216,2021-12-10
105217,2021-12-10
105218,2021-12-10
105219,2021-12-10
105220,2021-12-10
105221,2021-12-10
105222,2021-12-10
105223,2021-12-10
105224,2021-12-10
105225,2021-12-10
105226,2021-12-10
105227,2021-12-10
105228,2021-12-10
105229,2021-12-10
105230,2021-12-10
105231,2021-12-10
105232,2021-12-10
105233,2021-12-10
105234,2021-12-10
105235,2021-12-10
105236,2021-12-10
105237,2021-12-10
105238,2021-12-10
105239,2021-12-10
105240,2021-12-10
105241,2021-12-10
105242,2021-12-10
105243,2021-12-10
105244,2021-12-10
105245,2021-12-10
105246,2021-12-10
105247,2021-12-10
105248,2021-12-10
105249,2021-12-10
105250,2021-12-10
105251,2021-12-10
105253,2021-12-10
105254,2021-12-10
105255,2021-12-10
105256,2021-12-10
105257,2021-12-10
105258,2021-12-10
105259,2021-12-10
105260,2021-12-10
105261,2021-12-10
105262,2021-12-10
105263,2021-12-10
105264,2021-12-10
105265,2021-12-10
105266,2021-12-10
105267,2021-12-10
105268,2021-12-10
105270,2021-12-10
105271,2021-12-10
105272,2021-12-10
105273,2021-12-10
105274,2021-12-10
105275,2021-12-10
105276,2021-12-10
105277,2021-12-10
105278,2021-12-10
105279,2021-12-10
105280,2021-12-10
105281,2021-12-10
105282,2021-12-10
105283,2021-12-10
105284,2021-12-10
105285,2021-12-10
105286,2021-12-10
105287,2021-12-10
105288,2021-12-10
105289,2021-12-10
105290,2021-12-10
105291,2021-12-10
105292,2021-12-10
105293,2021-12-10
105294,2021-12-11
105295,2021-12-11
105296,2021-12-11
105297,2021-12-11
105298,2021-12-11
105299,2021-12-11
105300,2021-12-11
105301,2021-12-11
105302,2021-12-11
105303,2021-12-11
105304,2021-12-11
105305,2021-12-11
105306,2021-12-11
105307,2021-12-11
105308,2021-12-11
105309,2021-12-11
105310,2021-12-11
105311,2021-12-11
105312,2021-12-11
105313,2021-12-11
105314,2021-12-11
105315,2021-12-11
105316,2021-12-11
105317,2021-12-11
105318,2021-12-11
105319,2021-12-11
105320,2021-12-11
105321,2021-12-11
105322,2021-12-11
105323,2021-12-11
105324,2021-12-11
105326,2021-12-11
105327,2021-12-11
105328,2021-12-11
105329,2021-12-11
105330,2021-12-11
105331,2021-12-11
105332,2021-12-11
105333,2021-12-11
105334,2021-12-11
105335,2021-12-11
105336,2021-12-11
105337,2021-12-11
105338,2021-12-11
105339,2021-12-11
105340,2021-12-11
105341,2021-12-11
105342,2021-12-11
105343,2021-12-11
105344,2021-12-11
105346,2021-12-11
105347,2021-12-11
105348,2021-12-11
105349,2021-12-11
105350,2021-12-11
105351,2021-12-11
105352,2021-12-11
105353,2021-12-11
105354,2021-12-11
105355,2021-12-11
105356,2021-12-11
105357,2021-12-11
105358,2021-12-11
105359,2021-12-11
105360,2021-12-11
105361,2021-12-11
105362,2021-12-11
105363,2021-12-11
105364,2021-12-11
105365,2021-12-11
105366,2021-12-11
105367,2021-12-11
105368,2021-12-11
105369,2021-12-11
105370,2021-12-11
105371,2021-12-11
105372,2021-12-11
105373,2021-12-11
105374,2021-12-11
105375,2021-12-11
105376,2021-12-11
105377,2021-12-11
105379,2021-12-11
105380,2021-12-11
105381,2021-12-11
105382,2021-12-11
105383,2021-12-11
105384,2021-12-11
105385,2021-12-11
105386,2021-12-11
105387,2021-12-11
105388,2021-12-11
105389,2021-12-11
105390,2021-12-11
105391,2021-12-11
105392,2021-12-11
105393,2021-12-11
105394,2021-12-11
105395,2021-12-13
105396,2021-12-13
105397,2021-12-13
105398,2021-12-13
105399,2021-12-13
105401,2021-12-13
105403,2021-12-13
105404,2021-12-13
105405,2021-12-13
105406,2021-12-13
105407,2021-12-13
105408,2021-12-13
105409,2021-12-13
105410,2021-12-13
105411,2021-12-13
105412,2021-12-13
105413,2021-12-13
105414,2021-12-13
105415,2021-12-13
105416,2021-12-13
105417,2021-12-13
105418,2021-12-13
105420,2021-12-13
105421,2021-12-13
105422,2021-12-13
105423,2021-12-13
105424,2021-12-13
105425,2021-12-13
105426,2021-12-13
105427,2021-12-13
105428,2021-12-13
105429,2021-12-13
105430,2021-12-13
105431,2021-12-13
105432,2021-12-13
105433,2021-12-13
105434,2021-12-13
105435,2021-12-13
105436,2021-12-13
105437,2021-12-13
105438,2021-12-13
105439,2021-12-13
105440,2021-12-13
105441,2021-12-13
105442,2021-12-13
105443,2021-12-13
105444,2021-12-13
105445,2021-12-13
105447,2021-12-13
105448,2021-12-13
105449,2021-12-13
105450,2021-12-13
105451,2021-12-13
105452,2021-12-13
105453,2021-12-13
105454,2021-12-13
105455,2021-12-13
105456,2021-12-13
105457,2021-12-13
105458,2021-12-13
105459,2021-12-13
105460,2021-12-13
105461,2021-12-13
105462,2021-12-13
105463,2021-12-13
105464,2021-12-13
105465,2021-12-13
105466,2021-12-13
105467,2021-12-13
105468,2021-12-13
105469,2021-12-13
105470,2021-12-13
105471,2021-12-13
105472,2021-12-13
105473,2021-12-13
105474,2021-12-13
105475,2021-12-13
105476,2021-12-13
105477,2021-12-13
105478,2021-12-13
105479,2021-12-13
105481,2021-12-13
105482,2021-12-13
105483,2021-12-13
105484,2021-12-13
105485,2021-12-13
105486,2021-12-13
105487,2021-12-13
105488,2021-12-13
105489,2021-12-13
105490,2021-12-13
105491,2021-12-13
105492,2021-12-13
105493,2021-12-13
105494,2021-12-13
105495,2021-12-13
105496,2021-12-13
105497,2021-12-13
105498,2021-12-13
105499,2021-12-13
105500,2021-12-13
105501,2021-12-13
105502,2021-12-13
105503,2021-12-13
105504,2021-12-13
105505,2021-12-13
105506,2021-12-13
105507,2021-12-13
105508,2021-12-13
105509,2021-12-13
105510,2021-12-13
105511,2021-12-13
105512,2021-12-13
105513,2021-12-13
105514,2021-12-13
105515,2021-12-13
105516,2021-12-13
105517,2021-12-13
105518,2021-12-13
105519,2021-12-13
105520,2021-12-13
105521,2021-12-13
105522,2021-12-13
105524,2021-12-13
105525,2021-12-14
105526,2021-12-14
105527,2021-12-14
105528,2021-12-14
105531,2021-12-14
105532,2021-12-14
105533,2021-12-14
105534,2021-12-14
105535,2021-12-14
105536,2021-12-14
105537,2021-12-14
105538,2021-12-14
105539,2021-12-14
105540,2021-12-14
105541,2021-12-14
105542,2021-12-14
105543,2021-12-14
105544,2021-12-14
105545,2021-12-14
105546,2021-12-14
105547,2021-12-14
105548,2021-12-14
105549,2021-12-14
105550,2021-12-14
105551,2021-12-14
105552,2021-12-14
105553,2021-12-14
105554,2021-12-14
105555,2021-12-14
105556,2021-12-14
105557,2021-12-14
105558,2021-12-14
105559,2021-12-14
105560,2021-12-14
105561,2021-12-14
105562,2021-12-14
105563,2021-12-14
105564,2021-12-14
105565,2021-12-14
105566,2021-12-14
105567,2021-12-14
105568,2021-12-14
105569,2021-12-14
105570,2021-12-14
105571,2021-12-14
105572,2021-12-14
105573,2021-12-14
105574,2021-12-14
105575,2021-12-14
105576,2021-12-14
105577,2021-12-14
105578,2021-12-14
105579,2021-12-14
105580,2021-12-14
105581,2021-12-14
105582,2021-12-14
105583,2021-12-14
105584,2021-12-14
105585,2021-12-14
105586,2021-12-14
105587,2021-12-14
105589,2021-12-14
105591,2021-12-14
105592,2021-12-14
105593,2021-12-14
105594,2021-12-14
105595,2021-12-14
105596,2021-12-14
105597,2021-12-14
105598,2021-12-14
105599,2021-12-14
105600,2021-12-14
105601,2021-12-14
105602,2021-12-14
105603,2021-12-14
105604,2021-12-14
105605,2021-12-14
105606,2021-12-14
105607,2021-12-14
105608,2021-12-14
105609,2021-12-14
105610,2021-12-14
105611,2021-12-14
105612,2021-12-14
105613,2021-12-14
105614,2021-12-14
105615,2021-12-14
105616,2021-12-14
105617,2021-12-14
105618,2021-12-14
105619,2021-12-14
105620,2021-12-14
105621,2021-12-14
105622,2021-12-14
105623,2021-12-14
105624,2021-12-14
105625,2021-12-14
105626,2021-12-14
105627,2021-12-14
105628,2021-12-14
105629,2021-12-14
105630,2021-12-14
105631,2021-12-14
105632,2021-12-14
105633,2021-12-14
105634,2021-12-14
105635,2021-12-14
105636,2021-12-14
105637,2021-12-14
105638,2021-12-14
105639,2021-12-14
105640,2021-12-14
105641,2021-12-14
105642,2021-12-14
105643,2021-12-14
105644,2021-12-14
105645,2021-12-14
105646,2021-12-14
105647,2021-12-14
105648,2021-12-14
105649,2021-12-14
105650,2021-12-14
105651,2021-12-14
105652,2021-12-14
105653,2021-12-14
105654,2021-12-14
105655,2021-12-14
105656,2021-12-14
105657,2021-12-14
105658,2021-12-14
105659,2021-12-14
105660,2021-12-14
105661,2021-12-14
105662,2021-12-14
105663,2021-12-14
105664,2021-12-14
105665,2021-12-15
105666,2021-12-15
105667,2021-12-15
105668,2021-12-15
105671,2021-12-15
105672,2021-12-15
105673,2021-12-15
105674,2021-12-15
105675,2021-12-15
105676,2021-12-15
105677,2021-12-15
105678,2021-12-15
105679,2021-12-15
105680,2021-12-15
105681,2021-12-15
105682,2021-12-15
105683,2021-12-15
105684,2021-12-15
105685,2021-12-15
105686,2021-12-15
105687,2021-12-15
105688,2021-12-15
105689,2021-12-15
105690,2021-12-15
105691,2021-12-15
105692,2021-12-15
105693,2021-12-15
105694,2021-12-15
105695,2021-12-15
105696,2021-12-15
105697,2021-12-15
105698,2021-12-15
105699,2021-12-15
105700,2021-12-15
105701,2021-12-15
105703,2021-12-15
105704,2021-12-15
105705,2021-12-15
105706,2021-12-15
105707,2021-12-15
105708,2021-12-15
105709,2021-12-15
105710,2021-12-15
105711,2021-12-15
105712,2021-12-15
105713,2021-12-15
105714,2021-12-15
105715,2021-12-15
105716,2021-12-15
105717,2021-12-15
105718,2021-12-15
105719,2021-12-15
105720,2021-12-15
105721,2021-12-15
105722,2021-12-15
105723,2021-12-15
105724,2021-12-15
105725,2021-12-15
105726,2021-12-15
105727,2021-12-15
105728,2021-12-15
105729,2021-12-15
105730,2021-12-15
105731,2021-12-15
105732,2021-12-15
105733,2021-12-15
105734,2021-12-15
105735,2021-12-15
105736,2021-12-15
105737,2021-12-15
105738,2021-12-15
105739,2021-12-15
105740,2021-12-15
105741,2021-12-15
105742,2021-12-15
105743,2021-12-15
105744,2021-12-15
105745,2021-12-15
105746,2021-12-15
105747,2021-12-15
105748,2021-12-15
105749,2021-12-15
105750,2021-12-15
105751,2021-12-15
105752,2021-12-15
105753,2021-12-15
105754,2021-12-15
105755,2021-12-15
105756,2021-12-15
105757,2021-12-15
105758,2021-12-15
105759,2021-12-15
105760,2021-12-15
105761,2021-12-15
105762,2021-12-15
105763,2021-12-15
105764,2021-12-15
105765,2021-12-15
105766,2021-12-15
105767,2021-12-15
105768,2021-12-15
105769,2021-12-15
105770,2021-12-15
105771,2021-12-15
105772,2021-12-15
105773,2021-12-15
105774,2021-12-15
105775,2021-12-15
105776,2021-12-15
105777,2021-12-15
105778,2021-12-15
105779,2021-12-15
105780,2021-12-15
105781,2021-12-16
105782,2021-12-16
105783,2021-12-16
105784,2021-12-16
105788,2021-12-16
105789,2021-12-16
105790,2021-12-16
105791,2021-12-16
105792,2021-12-16
105793,2021-12-16
105794,2021-12-16
105795,2021-12-16
105796,2021-12-16
105797,2021-12-16
105798,2021-12-16
105799,2021-12-16
105800,2021-12-16
105801,2021-12-16
105802,2021-12-16
105803,2021-12-16
105804,2021-12-16
105805,2021-12-16
105806,2021-12-16
105807,2021-12-16
105808,2021-12-16
105809,2021-12-16
105810,2021-12-16
105811,2021-12-16
105812,2021-12-16
105814,2021-12-16
105815,2021-12-16
105816,2021-12-16
105817,2021-12-16
105818,2021-12-16
105819,2021-12-16
105820,2021-12-16
105821,2021-12-16
105822,2021-12-16
105823,2021-12-16
105824,2021-12-16
105825,2021-12-16
105826,2021-12-16
105827,2021-12-16
105828,2021-12-16
105829,2021-12-16
105830,2021-12-16
105831,2021-12-16
105832,2021-12-16
105833,2021-12-16
105834,2021-12-16
105835,2021-12-16
105836,2021-12-16
105837,2021-12-16
105838,2021-12-16
105839,2021-12-16
105840,2021-12-16
105841,2021-12-16
105842,2021-12-16
105843,2021-12-16
105844,2021-12-16
105846,2021-12-16
105847,2021-12-16
105848,2021-12-16
105849,2021-12-16
105850,2021-12-16
105851,2021-12-16
105852,2021-12-16
105853,2021-12-16
105854,2021-12-16
105855,2021-12-16
105856,2021-12-16
105858,2021-12-16
105859,2021-12-16
105860,2021-12-16
105861,2021-12-16
105862,2021-12-16
105863,2021-12-16
105864,2021-12-16
105865,2021-12-16
105866,2021-12-16
105867,2021-12-16
105868,2021-12-16
105869,2021-12-16
105871,2021-12-16
105872,2021-12-16
105873,2021-12-16
105874,2021-12-16
105875,2021-12-16
105876,2021-12-16
105877,2021-12-16
105878,2021-12-16
105879,2021-12-16
105880,2021-12-16
105881,2021-12-16
105882,2021-12-16
105883,2021-12-16
105887,2021-12-16
105888,2021-12-16
105889,2021-12-16
105890,2021-12-16
105891,2021-12-16
105892,2021-12-16
105893,2021-12-16
105894,2021-12-17
105895,2021-12-17
105896,2021-12-17
105897,2021-12-17
105900,2021-12-17
105901,2021-12-17
105902,2021-12-17
105903,2021-12-17
105904,2021-12-17
105905,2021-12-17
105906,2021-12-17
105907,2021-12-17
105908,2021-12-17
105909,2021-12-17
105910,2021-12-17
105911,2021-12-17
105912,2021-12-17
105913,2021-12-17
105914,2021-12-17
105915,2021-12-17
105916,2021-12-17
105917,2021-12-17
105918,2021-12-17
105919,2021-12-17
105920,2021-12-17
105921,2021-12-17
105922,2021-12-17
105923,2021-12-17
105924,2021-12-17
105925,2021-12-17
105926,2021-12-17
105927,2021-12-17
105928,2021-12-17
105929,2021-12-17
105930,2021-12-17
105931,2021-12-17
105932,2021-12-17
105933,2021-12-17
105934,2021-12-17
105935,2021-12-17
105936,2021-12-17
105937,2021-12-17
105938,2021-12-17
105939,2021-12-17
105940,2021-12-17
105941,2021-12-17
105942,2021-12-17
105943,2021-12-17
105944,2021-12-17
105945,2021-12-17
105946,2021-12-17
105947,2021-12-17
105948,2021-12-17
105949,2021-12-17
105950,2021-12-17
105951,2021-12-17
105952,2021-12-17
105953,2021-12-17
105954,2021-12-17
105955,2021-12-17
105956,2021-12-17
105957,2021-12-17
105958,2021-12-17
105959,2021-12-17
105960,2021-12-17
105961,2021-12-17
105962,2021-12-17
105963,2021-12-17
105964,2021-12-17
105965,2021-12-17
105966,2021-12-17
105967,2021-12-17
105968,2021-12-17
105969,2021-12-17
105970,2021-12-17
105971,2021-12-17
105972,2021-12-17
105973,2021-12-17
105974,2021-12-17
105975,2021-12-17
105976,2021-12-17
105977,2021-12-18
105978,2021-12-18
105979,2021-12-18
105980,2021-12-18
105981,2021-12-18
105982,2021-12-18
105985,2021-12-18
105987,2021-12-18
105988,2021-12-18
105989,2021-12-18
105990,2021-12-18
105991,2021-12-18
105992,2021-12-18
105993,2021-12-18
105994,2021-12-18
105995,2021-12-18
105996,2021-12-18
105997,2021-12-18
105998,2021-12-18
106000,2021-12-18
106001,2021-12-18
106002,2021-12-18
106003,2021-12-18
106004,2021-12-18
106005,2021-12-18
106006,2021-12-18
106007,2021-12-18
106008,2021-12-18
106009,2021-12-18
106010,2021-12-18
106011,2021-12-18
106012,2021-12-18
106013,2021-12-18
106014,2021-12-18
106015,2021-12-18
106016,2021-12-18
106017,2021-12-18
106018,2021-12-18
106019,2021-12-18
106020,2021-12-18
106021,2021-12-18
106023,2021-12-18
106024,2021-12-18
106025,2021-12-18
106026,2021-12-18
106027,2021-12-18
106028,2021-12-18
106029,2021-12-18
106030,2021-12-18
106031,2021-12-18
106032,2021-12-18
106033,2021-12-18
106034,2021-12-18
106035,2021-12-18
106036,2021-12-18
106037,2021-12-18
106038,2021-12-18
106039,2021-12-18
106040,2021-12-18
106041,2021-12-18
106042,2021-12-18
106043,2021-12-18
106044,2021-12-18
106045,2021-12-18
106046,2021-12-18
106047,2021-12-18
106048,2021-12-18
106049,2021-12-18
106050,2021-12-18
106051,2021-12-18
106052,2021-12-18
106053,2021-12-18
106054,2021-12-18
106055,2021-12-18
106056,2021-12-18
106057,2021-12-18
106058,2021-12-18
106059,2021-12-18
106060,2021-12-18
106061,2021-12-18
106062,2021-12-18
106064,2021-12-18
106065,2021-12-18
106066,2021-12-18
106067,2021-12-18
106068,2021-12-18
106069,2021-12-20
106070,2021-12-20
106071,2021-12-20
106072,2021-12-20
106073,2021-12-20
106076,2021-12-20
106077,2021-12-20
106078,2021-12-20
106079,2021-12-20
106080,2021-12-20
106081,2021-12-20
106082,2021-12-20
106083,2021-12-20
106084,2021-12-20
106085,2021-12-20
106086,2021-12-20
106087,2021-12-20
106088,2021-12-20
106089,2021-12-20
106090,2021-12-20
106091,2021-12-20
106092,2021-12-20
106093,2021-12-20
106094,2021-12-20
106095,2021-12-20
106096,2021-12-20
106097,2021-12-20
106098,2021-12-20
106099,2021-12-20
106100,2021-12-20
106101,2021-12-20
106102,2021-12-20
106103,2021-12-20
106104,2021-12-20
106105,2021-12-20
106106,2021-12-20
106107,2021-12-20
106108,2021-12-20
106109,2021-12-20
106110,2021-12-20
106111,2021-12-20
106112,2021-12-20
106113,2021-12-20
106114,2021-12-20
106115,2021-12-20
106116,2021-12-20
106117,2021-12-20
106118,2021-12-20
106119,2021-12-20
106120,2021-12-20
106121,2021-12-20
106122,2021-12-20
106123,2021-12-20
106124,2021-12-20
106125,2021-12-20
106126,2021-12-20
106127,2021-12-20
106128,2021-12-20
106129,2021-12-20
106130,2021-12-20
106131,2021-12-20
106132,2021-12-20
106133,2021-12-20
106134,2021-12-20
106135,2021-12-20
106136,2021-12-20
106137,2021-12-20
106138,2021-12-20
106139,2021-12-20
106140,2021-12-20
106141,2021-12-20
106142,2021-12-20
106143,2021-12-20
106144,2021-12-20
106145,2021-12-20
106146,2021-12-20
106147,2021-12-20
106148,2021-12-20
106149,2021-12-20
106150,2021-12-20
106151,2021-12-20
106152,2021-12-20
106153,2021-12-20
106154,2021-12-20
106155,2021-12-20
106156,2021-12-20
106157,2021-12-20
106158,2021-12-20
106159,2021-12-20
106160,2021-12-20
106161,2021-12-20
106162,2021-12-20
106163,2021-12-20
106164,2021-12-20
106165,2021-12-20
106166,2021-12-20
106167,2021-12-20
106168,2021-12-20
106169,2021-12-20
106170,2021-12-20
106171,2021-12-20
106172,2021-12-20
106173,2021-12-20
106174,2021-12-20
106175,2021-12-20
106176,2021-12-20
106178,2021-12-20
106179,2021-12-21
106180,2021-12-21
106181,2021-12-21
106182,2021-12-21
106183,2021-12-21
106187,2021-12-21
106188,2021-12-21
106189,2021-12-21
106190,2021-12-21
106191,2021-12-21
106192,2021-12-21
106193,2021-12-21
106195,2021-12-21
106196,2021-12-21
106197,2021-12-21
106198,2021-12-21
106199,2021-12-21
106200,2021-12-21
106201,2021-12-21
106202,2021-12-21
106203,2021-12-21
106204,2021-12-21
106205,2021-12-21
106206,2021-12-21
106207,2021-12-21
106208,2021-12-21
106209,2021-12-21
106210,2021-12-21
106211,2021-12-21
106212,2021-12-21
106213,2021-12-21
106214,2021-12-21
106215,2021-12-21
106216,2021-12-21
106217,2021-12-21
106218,2021-12-21
106219,2021-12-21
106220,2021-12-21
106221,2021-12-21
106222,2021-12-21
106223,2021-12-21
106224,2021-12-21
106225,2021-12-21
106226,2021-12-21
106227,2021-12-21
106228,2021-12-21
106229,2021-12-21
106230,2021-12-21
106231,2021-12-21
106232,2021-12-21
106233,2021-12-21
106234,2021-12-21
106235,2021-12-21
106237,2021-12-21
106238,2021-12-21
106239,2021-12-21
106240,2021-12-21
106241,2021-12-21
106242,2021-12-21
106243,2021-12-21
106244,2021-12-21
106245,2021-12-21
106246,2021-12-21
106247,2021-12-21
106248,2021-12-21
106249,2021-12-21
106250,2021-12-21
106251,2021-12-21
106252,2021-12-21
106253,2021-12-21
106254,2021-12-21
106255,2021-12-21
106256,2021-12-21
106257,2021-12-21
106258,2021-12-21
106259,2021-12-21
106260,2021-12-21
106261,2021-12-21
106262,2021-12-21
106263,2021-12-21
106264,2021-12-21
106265,2021-12-21
106266,2021-12-22
106267,2021-12-22
106268,2021-12-22
106269,2021-12-22
106270,2021-12-22
106273,2021-12-22
106274,2021-12-22
106275,2021-12-22
106276,2021-12-22
106277,2021-12-22
106278,2021-12-22
106279,2021-12-22
106280,2021-12-22
106281,2021-12-22
106282,2021-12-22
106283,2021-12-22
106284,2021-12-22
106285,2021-12-22
106286,2021-12-22
106287,2021-12-22
106288,2021-12-22
106290,2021-12-22
106291,2021-12-22
106292,2021-12-22
106293,2021-12-22
106294,2021-12-22
106295,2021-12-22
106296,2021-12-22
106298,2021-12-22
106299,2021-12-22
106300,2021-12-22
106301,2021-12-22
106302,2021-12-22
106303,2021-12-22
106304,2021-12-22
106305,2021-12-22
106306,2021-12-22
106307,2021-12-22
106308,2021-12-22
106309,2021-12-22
106310,2021-12-22
106311,2021-12-22
106312,2021-12-22
106313,2021-12-22
106314,2021-12-22
106315,2021-12-22
106316,2021-12-22
106317,2021-12-22
106318,2021-12-22
106319,2021-12-22
106320,2021-12-22
106321,2021-12-22
106322,2021-12-22
106323,2021-12-22
106324,2021-12-22
106325,2021-12-22
106326,2021-12-22
106327,2021-12-22
106328,2021-12-22
106329,2021-12-22
106330,2021-12-22
106331,2021-12-22
106332,2021-12-22
106333,2021-12-22
106334,2021-12-22
106335,2021-12-22
106336,2021-12-22
106337,2021-12-22
106338,2021-12-22
106339,2021-12-22
106340,2021-12-22
106341,2021-12-22
106343,2021-12-22
106344,2021-12-22
106345,2021-12-22
106346,2021-12-22
106347,2021-12-22
106348,2021-12-22
106349,2021-12-22
106350,2021-12-22
106351,2021-12-22
106352,2021-12-22
106353,2021-12-22
106354,2021-12-23
106355,2021-12-23
106356,2021-12-23
106357,2021-12-23
106360,2021-12-23
106361,2021-12-23
106362,2021-12-23
106363,2021-12-23
106364,2021-12-23
106365,2021-12-23
106367,2021-12-23
106368,2021-12-23
106369,2021-12-23
106370,2021-12-23
106371,2021-12-23
106372,2021-12-23
106373,2021-12-23
106374,2021-12-23
106375,2021-12-23
106376,2021-12-23
106377,2021-12-23
106378,2021-12-23
106379,2021-12-23
106380,2021-12-23
106381,2021-12-23
106382,2021-12-23
106383,2021-12-23
106384,2021-12-23
106385,2021-12-23
106386,2021-12-23
106387,2021-12-23
106388,2021-12-23
106389,2021-12-23
106390,2021-12-23
106391,2021-12-23
106392,2021-12-23
106393,2021-12-23
106394,2021-12-23
106395,2021-12-23
106396,2021-12-23
106397,2021-12-23
106398,2021-12-23
106399,2021-12-23
106400,2021-12-23
106401,2021-12-23
106402,2021-12-23
106403,2021-12-23
106404,2021-12-23
106405,2021-12-23
106406,2021-12-23
106407,2021-12-23
106408,2021-12-23
106409,2021-12-23
106410,2021-12-23
106411,2021-12-23
106412,2021-12-23
106413,2021-12-23
106414,2021-12-24
106415,2021-12-24
106417,2021-12-24
106418,2021-12-24
106421,2021-12-24
106422,2021-12-24
106423,2021-12-24
106424,2021-12-24
106425,2021-12-24
106426,2021-12-24
106427,2021-12-24
106428,2021-12-24
106429,2021-12-24
106430,2021-12-24
106431,2021-12-24
106434,2021-12-24
106435,2021-12-24
106436,2021-12-24
106437,2021-12-24
106438,2021-12-24
106439,2021-12-24
106440,2021-12-24
106441,2021-12-24
106442,2021-12-24
106443,2021-12-24
106445,2021-12-24
106446,2021-12-24
106447,2021-12-24
106448,2021-12-24
106449,2021-12-24
106450,2021-12-24
106451,2021-12-24
106452,2021-12-24
106453,2021-12-24
106454,2021-12-24
106455,2021-12-24
106456,2021-12-24
106457,2021-12-24
106458,2021-12-24
106459,2021-12-24
106460,2021-12-24
106461,2021-12-24
106462,2021-12-24
106463,2021-12-24
106464,2021-12-24
106465,2021-12-24
106466,2021-12-24
106467,2021-12-24
106468,2021-12-24
106469,2021-12-24
106470,2021-12-24
106471,2021-12-24
106472,2021-12-24
106473,2021-12-24
106474,2021-12-24
106475,2021-12-24
106476,2021-12-24
106477,2021-12-24
106478,2021-12-24
106479,2021-12-24
106480,2021-12-24
106481,2021-12-24
106482,2021-12-24
106483,2021-12-24
106484,2021-12-24
106485,2021-12-24
106486,2021-12-24
106487,2021-12-24
106488,2021-12-24
106489,2021-12-24
106490,2021-12-24
106491,2021-12-24
106492,2021-12-24
106493,2021-12-24
106494,2021-12-24
106495,2021-12-24
106496,2021-12-24
106497,2021-12-24
106498,2021-12-24
106499,2021-12-24
106500,2021-12-25
106501,2021-12-25
106502,2021-12-25
106503,2021-12-25
106506,2021-12-25
106507,2021-12-25
106508,2021-12-25
106509,2021-12-25
106510,2021-12-25
106511,2021-12-25
106512,2021-12-25
106513,2021-12-25
106514,2021-12-25
106515,2021-12-25
106516,2021-12-25
106517,2021-12-25
106518,2021-12-25
106519,2021-12-25
106520,2021-12-25
106521,2021-12-25
106522,2021-12-25
106523,2021-12-25
106524,2021-12-25
106525,2021-12-25
106526,2021-12-25
106527,2021-12-25
106528,2021-12-25
106529,2021-12-25
106530,2021-12-25
106531,2021-12-25
106532,2021-12-25
106533,2021-12-25
106534,2021-12-25
106536,2021-12-25
106537,2021-12-25
106538,2021-12-25
106539,2021-12-25
106540,2021-12-25
106541,2021-12-25
106542,2021-12-25
106543,2021-12-25
106544,2021-12-25
106545,2021-12-25
106546,2021-12-25
106547,2021-12-25
106548,2021-12-25
106549,2021-12-25
106550,2021-12-25
106551,2021-12-25
106552,2021-12-25
106553,2021-12-25
106554,2021-12-25
106555,2021-12-25
106556,2021-12-25
106557,2021-12-25
106558,2021-12-25
106559,2021-12-25
106560,2021-12-25
106561,2021-12-25
106562,2021-12-25
106563,2021-12-25
106564,2021-12-25
106565,2021-12-25
106566,2021-12-25
106567,2021-12-25
106568,2021-12-25
106569,2021-12-25
106570,2021-12-25
106571,2021-12-25
106572,2021-12-25
106573,2021-12-25
106574,2021-12-25
106575,2021-12-25
106576,2021-12-25
106577,2021-12-25
106578,2021-12-25
106579,2021-12-25
106580,2021-12-25
106581,2021-12-25
106582,2021-12-25
106583,2021-12-25
106584,2021-12-26
106585,2021-12-26
106586,2021-12-26
106587,2021-12-26
106592,2021-12-26
106593,2021-12-26
106594,2021-12-26
106595,2021-12-26
106596,2021-12-26
106597,2021-12-26
106598,2021-12-26
106599,2021-12-26
106600,2021-12-26
106601,2021-12-26
106602,2021-12-26
106603,2021-12-26
106604,2021-12-26
106605,2021-12-26
106606,2021-12-26
106607,2021-12-26
106608,2021-12-26
106609,2021-12-26
106610,2021-12-26
106611,2021-12-26
106612,2021-12-26
106613,2021-12-26
106614,2021-12-26
106615,2021-12-26
106616,2021-12-26
106617,2021-12-26
106618,2021-12-26
106619,2021-12-26
106620,2021-12-26
106621,2021-12-26
106622,2021-12-26
106623,2021-12-26
106624,2021-12-26
106625,2021-12-26
106627,2021-12-26
106628,2021-12-26
106629,2021-12-26
106630,2021-12-26
106631,2021-12-26
106632,2021-12-26
106633,2021-12-26
106634,2021-12-26
106635,2021-12-26
106636,2021-12-26
106637,2021-12-26
106638,2021-12-26
106639,2021-12-26
106640,2021-12-26
106641,2021-12-26
106642,2021-12-26
106643,2021-12-26
106644,2021-12-26
106645,2021-12-26
106646,2021-12-26
106647,2021-12-26
106648,2021-12-26
106649,2021-12-26
106650,2021-12-26
106651,2021-12-26
106652,2021-12-26
106655,2021-12-26
106656,2021-12-26
106657,2021-12-26
106658,2021-12-26
106659,2021-12-26
106660,2021-12-26
106661,2021-12-26
106662,2021-12-26
106663,2021-12-26
106664,2021-12-26
106665,2021-12-26
106666,2021-12-27
106667,2021-12-27
106669,2021-12-27
106670,2021-12-27
106671,2021-12-27
106674,2021-12-27
106675,2021-12-27
106676,2021-12-27
106677,2021-12-27
106678,2021-12-27
106679,2021-12-27
106680,2021-12-27
106681,2021-12-27
106682,2021-12-27
106683,2021-12-27
106684,2021-12-27
106685,2021-12-27
106686,2021-12-27
106687,2021-12-27
106688,2021-12-27
106689,2021-12-27
106690,2021-12-27
106691,2021-12-27
106692,2021-12-27
106693,2021-12-27
106694,2021-12-27
106695,2021-12-27
106696,2021-12-27
106697,2021-12-27
106698,2021-12-27
106699,2021-12-27
106700,2021-12-27
106701,2021-12-27
106702,2021-12-27
106703,2021-12-27
106704,2021-12-27
106705,2021-12-27
106706,2021-12-28
106707,2021-12-28
106708,2021-12-28
106709,2021-12-28
106712,2021-12-28
106713,2021-12-28
106714,2021-12-28
106715,2021-12-28
106716,2021-12-28
106717,2021-12-28
106718,2021-12-28
106719,2021-12-28
106720,2021-12-28
106721,2021-12-28
106722,2021-12-28
106723,2021-12-28
106724,2021-12-28
106725,2021-12-28
106726,2021-12-28
106727,2021-12-28
106728,2021-12-28
106729,2021-12-28
106730,2021-12-28
106731,2021-12-28
106732,2021-12-28
106733,2021-12-28
106734,2021-12-28
106735,2021-12-28
106736,2021-12-28
106737,2021-12-28
106738,2021-12-28
106739,2021-12-28
106740,2021-12-28
106741,2021-12-28
106742,2021-12-28
106743,2021-12-28
106744,2021-12-28
106745,2021-12-28
106746,2021-12-28
106747,2021-12-28
106748,2021-12-28
106749,2021-12-28
106750,2021-12-28
106751,2021-12-28
106752,2021-12-28
106753,2021-12-28
106754,2021-12-28
106755,2021-12-28
106756,2021-12-28
106757,2021-12-28
106758,2021-12-28
106759,2021-12-28
106760,2021-12-28
106761,2021-12-28
106762,2021-12-28
106763,2021-12-28
106764,2021-12-28
106765,2021-12-28
106766,2021-12-28
106767,2021-12-28
106768,2021-12-28
106769,2021-12-28
106770,2021-12-28
106771,2021-12-28
106772,2021-12-28
106773,2021-12-28
106774,2021-12-28
106775,2021-12-29
106776,2021-12-29
106777,2021-12-29
106778,2021-12-29
106781,2021-12-29
106782,2021-12-29
106783,2021-12-29
106784,2021-12-29
106785,2021-12-29
106786,2021-12-29
106787,2021-12-29
106788,2021-12-29
106789,2021-12-29
106790,2021-12-29
106791,2021-12-29
106792,2021-12-29
106793,2021-12-29
106794,2021-12-29
106795,2021-12-29
106796,2021-12-29
106797,2021-12-29
106798,2021-12-29
106799,2021-12-29
106800,2021-12-29
106801,2021-12-29
106802,2021-12-29
106803,2021-12-29
106804,2021-12-29
106805,2021-12-29
106806,2021-12-29
106807,2021-12-29
106808,2021-12-29
106809,2021-12-29
106810,2021-12-29
106811,2021-12-29
106812,2021-12-29
106813,2021-12-29
106814,2021-12-29
106815,2021-12-29
106816,2021-12-29
106817,2021-12-29
106818,2021-12-29
106819,2021-12-29
106820,2021-12-29
106821,2021-12-29
106822,2021-12-29
106823,2021-12-29
106824,2021-12-29
106825,2021-12-29
106826,2021-12-29
106827,2021-12-29
106828,2021-12-29
106829,2021-12-29
106830,2021-12-29
106831,2021-12-29
106832,2021-12-29
106833,2021-12-29
106834,2021-12-29
106835,2021-12-29
106836,2021-12-29
106837,2021-12-29
106838,2021-12-29
106839,2021-12-29
106840,2021-12-29
106841,2021-12-29
106842,2021-12-30
106843,2021-12-30
106844,2021-12-30
106845,2021-12-30
106846,2021-12-30
106849,2021-12-30
106850,2021-12-30
106851,2021-12-30
106852,2021-12-30
106853,2021-12-30
106854,2021-12-30
106855,2021-12-30
106856,2021-12-30
106857,2021-12-30
106858,2021-12-30
106859,2021-12-30
106860,2021-12-30
106861,2021-12-30
106862,2021-12-30
106863,2021-12-30
106864,2021-12-30
106865,2021-12-30
106866,2021-12-30
106867,2021-12-30
106868,2021-12-30
106869,2021-12-30
106870,2021-12-30
106871,2021-12-30
106872,2021-12-30
106873,2021-12-30
106874,2021-12-30
106875,2021-12-30
106876,2021-12-30
106877,2021-12-30
106878,2021-12-30
106879,2021-12-30
106880,2021-12-30
106881,2021-12-30
106882,2021-12-30
106883,2021-12-30
106884,2021-12-30
106885,2021-12-30
106886,2021-12-30
106887,2021-12-30
106888,2021-12-30
106889,2021-12-30
106890,2021-12-30
106891,2021-12-30
106892,2021-12-30
106893,2021-12-30
106894,2021-12-30
106895,2021-12-30
106896,2021-12-30
106897,2021-12-30
106898,2021-12-30
106899,2021-12-30
106900,2021-12-30
106901,2021-12-30
106902,2021-12-30
106903,2021-12-30
106904,2021-12-30
106905,2021-12-30
106906,2021-12-30
106907,2021-12-30
106908,2021-12-30
106909,2021-12-30
106910,2021-12-30
106911,2021-12-30
106912,2021-12-30
106913,2021-12-30
106914,2021-12-30
106915,2021-12-30
106916,2021-12-31
106917,2021-12-31
106918,2021-12-31
106919,2021-12-31
106920,2021-12-31
106923,2021-12-31
106924,2021-12-31
106925,2021-12-31
106926,2021-12-31
106927,2021-12-31
106928,2021-12-31
106929,2021-12-31
106930,2021-12-31
106931,2021-12-31
106932,2021-12-31
106933,2021-12-31
106934,2021-12-31
106935,2021-12-31
106936,2021-12-31
106937,2021-12-31
106938,2021-12-31
106940,2021-12-31
106941,2021-12-31
106942,2021-12-31
106943,2021-12-31
106944,2021-12-31
106945,2021-12-31
106946,2021-12-31
106947,2021-12-31
106948,2021-12-31
106949,2021-12-31
106950,2021-12-31
106951,2021-12-31
106952,2021-12-31
106953,2021-12-31
106954,2021-12-31
106955,2021-12-31
106956,2021-12-31
106957,2021-12-31
106958,2021-12-31
106959,2021-12-31
106960,2021-12-31
106961,2021-12-31
106962,2021-12-31
106963,2021-12-31
106964,2021-12-31
106965,2021-12-31
106966,2021-12-31
106967,2021-12-31
106968,2021-12-31
106969,2021-12-31
106970,2021-12-31
106971,2021-12-31
106972,2021-12-31
106973,2021-12-31
106974,2021-12-31
106975,2021-12-31
106976,2021-12-31
106977,2021-12-31
106978,2021-12-31
106979,2021-12-31
106980,2021-12-31
106982,2022-01-01
106983,2022-01-01
106984,2022-01-01
106985,2022-01-02
106986,2022-01-02
106987,2022-01-02
106988,2022-01-02
106991,2022-01-02
106992,2022-01-02
106993,2022-01-02
106994,2022-01-02
106995,2022-01-02
106996,2022-01-02
106997,2022-01-02
106998,2022-01-02
106999,2022-01-02
107000,2022-01-02
107001,2022-01-02
107002,2022-01-02
107003,2022-01-02
107004,2022-01-02
107005,2022-01-02
107006,2022-01-02
107007,2022-01-02
107009,2022-01-02
107010,2022-01-02
107011,2022-01-02
107012,2022-01-02
107013,2022-01-02
107014,2022-01-02
107015,2022-01-02
107016,2022-01-02
107017,2022-01-02
107018,2022-01-02
107019,2022-01-02
107020,2022-01-02
107021,2022-01-02
107022,2022-01-02
107023,2022-01-02
107024,2022-01-02
107025,2022-01-02
107026,2022-01-02
107027,2022-01-02
107028,2022-01-02
107029,2022-01-02
107030,2022-01-02
107031,2022-01-02
107032,2022-01-02
107033,2022-01-02
107034,2022-01-02
107035,2022-01-02
107036,2022-01-02
107037,2022-01-02
107038,2022-01-02
107039,2022-01-02
107040,2022-01-02
107041,2022-01-02
107042,2022-01-02
107043,2022-01-02
107044,2022-01-02
107045,2022-01-02
107046,2022-01-02
107047,2022-01-02
107048,2022-01-02
107049,2022-01-02
107050,2022-01-02
107051,2022-01-02
107052,2022-01-02
107053,2022-01-02
107054,2022-01-02
107055,2022-01-02
107056,2022-01-02
107057,2022-01-02
107058,2022-01-02
107059,2022-01-02
107060,2022-01-02
107061,2022-01-02
107062,2022-01-02
107063,2022-01-02
107064,2022-01-02
107065,2022-01-02
107066,2022-01-02
107067,2022-01-03
107068,2022-01-03
107069,2022-01-03
107070,2022-01-03
107071,2022-01-03
107072,2022-01-03
107073,2022-01-03
107076,2022-01-03
107077,2022-01-03
107078,2022-01-03
107079,2022-01-03
107080,2022-01-03
107081,2022-01-03
107082,2022-01-03
107083,2022-01-03
107084,2022-01-03
107085,2022-01-03
107086,2022-01-03
107088,2022-01-03
107089,2022-01-03
107090,2022-01-03
107091,2022-01-03
107092,2022-01-03
107093,2022-01-03
107094,2022-01-03
107095,2022-01-03
107096,2022-01-03
107097,2022-01-03
107098,2022-01-03
107099,2022-01-03
107100,2022-01-03
107101,2022-01-03
107102,2022-01-03
107103,2022-01-03
107104,2022-01-03
107105,2022-01-03
107106,2022-01-03
107107,2022-01-03
107108,2022-01-03
107109,2022-01-03
107110,2022-01-03
107111,2022-01-03
107112,2022-01-03
107113,2022-01-03
107114,2022-01-03
107115,2022-01-03
107116,2022-01-03
107117,2022-01-03
107118,2022-01-03
107119,2022-01-03
107120,2022-01-03
107121,2022-01-03
107122,2022-01-03
107123,2022-01-03
107124,2022-01-03
107125,2022-01-03
107126,2022-01-03
107127,2022-01-03
107128,2022-01-03
107129,2022-01-03
107130,2022-01-03
107131,2022-01-03
107132,2022-01-03
107133,2022-01-03
107134,2022-01-03
107135,2022-01-03
107136,2022-01-03
107137,2022-01-03
107138,2022-01-03
107139,2022-01-03
107140,2022-01-03
107141,2022-01-03
107142,2022-01-03
107143,2022-01-03
107144,2022-01-03
107145,2022-01-03
107146,2022-01-03
107147,2022-01-03
107148,2022-01-03
107149,2022-01-03
107150,2022-01-03
107151,2022-01-03
107152,2022-01-03
107153,2022-01-03
107154,2022-01-03
107155,2022-01-03
107156,2022-01-03
107157,2022-01-03
107158,2022-01-03
107159,2022-01-03
107160,2022-01-03
107162,2022-01-03
107163,2022-01-03
107164,2022-01-03
107165,2022-01-03
107166,2022-01-03
107167,2022-01-03
107168,2022-01-03
107169,2022-01-04
107170,2022-01-04
107171,2022-01-04
107172,2022-01-04
107173,2022-01-04
107176,2022-01-04
107177,2022-01-04
107178,2022-01-04
107179,2022-01-04
107180,2022-01-04
107181,2022-01-04
107182,2022-01-04
107183,2022-01-04
107184,2022-01-04
107185,2022-01-04
107186,2022-01-04
107187,2022-01-04
107188,2022-01-04
107189,2022-01-04
107190,2022-01-04
107191,2022-01-04
107193,2022-01-04
107194,2022-01-04
107195,2022-01-04
107196,2022-01-04
107197,2022-01-04
107198,2022-01-04
107199,2022-01-04
107200,2022-01-04
107201,2022-01-04
107202,2022-01-04
107203,2022-01-04
107204,2022-01-04
107205,2022-01-04
107206,2022-01-04
107207,2022-01-04
107208,2022-01-04
107209,2022-01-04
107210,2022-01-04
107211,2022-01-04
107212,2022-01-04
107213,2022-01-04
107214,2022-01-04
107215,2022-01-04
107216,2022-01-04
107217,2022-01-04
107218,2022-01-04
107219,2022-01-04
107220,2022-01-04
107221,2022-01-04
107222,2022-01-04
107223,2022-01-04
107224,2022-01-04
107225,2022-01-04
107226,2022-01-04
107227,2022-01-04
107228,2022-01-04
107229,2022-01-04
107230,2022-01-04
107231,2022-01-04
107232,2022-01-04
107233,2022-01-04
107234,2022-01-04
107235,2022-01-04
107236,2022-01-04
107237,2022-01-04
107238,2022-01-04
107239,2022-01-04
107240,2022-01-04
107241,2022-01-04
107242,2022-01-04
107243,2022-01-04
107244,2022-01-04
107245,2022-01-04
107246,2022-01-04
107247,2022-01-04
107248,2022-01-04
107249,2022-01-04
107250,2022-01-04
107251,2022-01-04
107252,2022-01-04
107253,2022-01-04
107254,2022-01-04
107255,2022-01-04
107256,2022-01-04
107257,2022-01-04
107258,2022-01-04
107259,2022-01-04
107260,2022-01-04
107261,2022-01-04
107262,2022-01-04
107263,2022-01-04
107264,2022-01-04
107265,2022-01-04
107266,2022-01-04
107267,2022-01-05
107268,2022-01-05
107269,2022-01-05
107270,2022-01-05
107271,2022-01-05
107274,2022-01-05
107275,2022-01-05
107276,2022-01-05
107277,2022-01-05
107278,2022-01-05
107279,2022-01-05
107280,2022-01-05
107281,2022-01-05
107282,2022-01-05
107283,2022-01-05
107284,2022-01-05
107285,2022-01-05
107286,2022-01-05
107287,2022-01-05
107288,2022-01-05
107289,2022-01-05
107290,2022-01-05
107291,2022-01-05
107292,2022-01-05
107293,2022-01-05
107294,2022-01-05
107295,2022-01-05
107296,2022-01-05
107298,2022-01-05
107299,2022-01-05
107300,2022-01-05
107301,2022-01-05
107302,2022-01-05
107303,2022-01-05
107304,2022-01-05
107305,2022-01-05
107306,2022-01-05
107307,2022-01-05
107308,2022-01-05
107309,2022-01-05
107310,2022-01-05
107311,2022-01-05
107312,2022-01-05
107313,2022-01-05
107314,2022-01-05
107315,2022-01-05
107316,2022-01-05
107317,2022-01-05
107318,2022-01-05
107319,2022-01-05
107320,2022-01-05
107321,2022-01-05
107322,2022-01-05
107323,2022-01-05
107324,2022-01-05
107326,2022-01-05
107327,2022-01-05
107328,2022-01-05
107329,2022-01-05
107330,2022-01-05
107331,2022-01-05
107332,2022-01-05
107333,2022-01-05
107334,2022-01-05
107335,2022-01-05
107336,2022-01-05
107337,2022-01-05
107338,2022-01-05
107339,2022-01-05
107340,2022-01-05
107341,2022-01-05
107342,2022-01-05
107343,2022-01-05
107344,2022-01-05
107345,2022-01-05
107346,2022-01-05
107347,2022-01-05
107348,2022-01-05
107349,2022-01-05
107350,2022-01-05
107351,2022-01-05
107352,2022-01-05
107353,2022-01-05
107354,2022-01-05
107355,2022-01-05
107356,2022-01-05
107357,2022-01-05
107358,2022-01-05
107359,2022-01-05
107360,2022-01-05
107361,2022-01-05
107362,2022-01-06
107364,2022-01-06
107365,2022-01-06
107366,2022-01-06
107367,2022-01-06
107370,2022-01-06
107371,2022-01-06
107372,2022-01-06
107373,2022-01-06
107374,2022-01-06
107375,2022-01-06
107376,2022-01-06
107377,2022-01-06
107378,2022-01-06
107379,2022-01-06
107380,2022-01-06
107381,2022-01-06
107382,2022-01-06
107383,2022-01-06
107384,2022-01-06
107385,2022-01-06
107386,2022-01-06
107387,2022-01-06
107388,2022-01-06
107389,2022-01-06
107390,2022-01-06
107391,2022-01-06
107392,2022-01-06
107393,2022-01-06
107394,2022-01-06
107395,2022-01-06
107396,2022-01-06
107397,2022-01-06
107398,2022-01-06
107399,2022-01-06
107400,2022-01-06
107401,2022-01-06
107402,2022-01-06
107403,2022-01-06
107404,2022-01-06
107405,2022-01-06
107406,2022-01-06
107409,2022-01-06
107410,2022-01-06
107411,2022-01-06
107412,2022-01-06
107413,2022-01-06
107414,2022-01-06
107415,2022-01-06
107416,2022-01-06
107417,2022-01-06
107419,2022-01-06
107420,2022-01-06
107421,2022-01-06
107422,2022-01-06
107423,2022-01-06
107424,2022-01-06
107425,2022-01-06
107426,2022-01-06
107427,2022-01-06
107428,2022-01-06
107429,2022-01-06
107430,2022-01-06
107431,2022-01-06
107432,2022-01-06
107433,2022-01-06
107434,2022-01-06
107435,2022-01-06
107436,2022-01-06
107437,2022-01-06
107438,2022-01-06
107439,2022-01-06
107440,2022-01-06
107441,2022-01-06
107442,2022-01-06
107443,2022-01-06
107444,2022-01-06
107445,2022-01-06
107448,2022-01-06
107449,2022-01-06
107450,2022-01-06
107451,2022-01-06
107452,2022-01-06
107453,2022-01-06
107454,2022-01-06
107455,2022-01-06
107456,2022-01-06
107457,2022-01-06
107458,2022-01-06
107459,2022-01-06
107460,2022-01-06
107461,2022-01-06
107462,2022-01-06
107463,2022-01-06
107464,2022-01-06
107466,2022-01-06
107467,2022-01-07
107468,2022-01-07
107469,2022-01-07
107470,2022-01-07
107473,2022-01-07
107474,2022-01-07
107476,2022-01-07
107477,2022-01-07
107478,2022-01-07
107479,2022-01-07
107480,2022-01-07
107481,2022-01-07
107482,2022-01-07
107483,2022-01-07
107484,2022-01-07
107485,2022-01-07
107486,2022-01-07
107487,2022-01-07
107488,2022-01-07
107489,2022-01-07
107490,2022-01-07
107491,2022-01-07
107492,2022-01-07
107493,2022-01-07
107494,2022-01-07
107495,2022-01-07
107496,2022-01-07
107497,2022-01-07
107498,2022-01-07
107499,2022-01-07
107500,2022-01-07
107501,2022-01-07
107502,2022-01-07
107503,2022-01-07
107504,2022-01-07
107505,2022-01-07
107506,2022-01-07
107507,2022-01-07
107508,2022-01-07
107509,2022-01-07
107510,2022-01-07
107511,2022-01-07
107512,2022-01-07
107513,2022-01-07
107514,2022-01-07
107515,2022-01-07
107516,2022-01-07
107517,2022-01-07
107518,2022-01-07
107519,2022-01-07
107520,2022-01-07
107521,2022-01-07
107522,2022-01-07
107523,2022-01-07
107524,2022-01-07
107525,2022-01-07
107526,2022-01-07
107527,2022-01-07
107529,2022-01-07
107530,2022-01-07
107531,2022-01-07
107532,2022-01-07
107533,2022-01-07
107534,2022-01-07
107535,2022-01-07
107536,2022-01-07
107537,2022-01-07
107538,2022-01-07
107539,2022-01-07
107540,2022-01-07
107541,2022-01-07
107542,2022-01-07
107543,2022-01-07
107544,2022-01-07
107545,2022-01-07
107546,2022-01-07
107547,2022-01-07
107548,2022-01-07
107549,2022-01-07
107550,2022-01-07
107551,2022-01-07
107552,2022-01-07
107553,2022-01-07
107554,2022-01-07
107555,2022-01-07
107556,2022-01-07
107557,2022-01-08
107558,2022-01-08
107559,2022-01-08
107560,2022-01-08
107562,2022-01-08
107563,2022-01-08
107564,2022-01-08
107566,2022-01-08
107567,2022-01-08
107568,2022-01-08
107569,2022-01-08
107570,2022-01-08
107573,2022-01-08
107574,2022-01-08
107575,2022-01-08
107576,2022-01-08
107577,2022-01-08
107578,2022-01-08
107581,2022-01-08
107582,2022-01-08
107583,2022-01-08
107584,2022-01-08
107585,2022-01-08
107586,2022-01-08
107587,2022-01-08
107588,2022-01-08
107589,2022-01-08
107590,2022-01-08
107591,2022-01-08
107592,2022-01-08
107593,2022-01-08
107594,2022-01-08
107595,2022-01-08
107596,2022-01-08
107597,2022-01-08
107598,2022-01-08
107599,2022-01-08
107600,2022-01-08
107601,2022-01-08
107602,2022-01-08
107603,2022-01-08
107604,2022-01-08
107606,2022-01-08
107607,2022-01-08
107608,2022-01-08
107609,2022-01-08
107610,2022-01-08
107611,2022-01-08
107612,2022-01-08
107615,2022-01-08
107616,2022-01-08
107617,2022-01-08
107618,2022-01-08
107620,2022-01-08
107621,2022-01-08
107622,2022-01-08
107624,2022-01-08
107625,2022-01-08
107626,2022-01-08
107627,2022-01-08
107628,2022-01-08
107629,2022-01-08
107630,2022-01-08
107631,2022-01-08
107632,2022-01-08
107633,2022-01-08
107634,2022-01-08
107635,2022-01-08
107636,2022-01-08
107637,2022-01-08
107638,2022-01-08
107639,2022-01-08
107640,2022-01-08
107641,2022-01-08
107642,2022-01-08
107643,2022-01-08
107644,2022-01-08
107645,2022-01-08
107646,2022-01-08
107647,2022-01-08
107648,2022-01-08
107649,2022-01-08
107650,2022-01-08
107651,2022-01-08
107652,2022-01-08
107653,2022-01-08
107654,2022-01-08
107655,2022-01-08
107656,2022-01-08
107657,2022-01-08
107658,2022-01-08
107659,2022-01-08
107660,2022-01-08
107661,2022-01-08
107662,2022-01-09
107663,2022-01-09
107665,2022-01-09
107666,2022-01-09
107669,2022-01-09
107670,2022-01-09
107671,2022-01-09
107672,2022-01-09
107673,2022-01-09
107674,2022-01-09
107675,2022-01-09
107676,2022-01-09
107677,2022-01-09
107678,2022-01-09
107679,2022-01-09
107680,2022-01-09
107681,2022-01-09
107682,2022-01-09
107683,2022-01-09
107684,2022-01-09
107685,2022-01-09
107686,2022-01-09
107687,2022-01-09
107688,2022-01-09
107689,2022-01-09
107690,2022-01-09
107691,2022-01-09
107692,2022-01-09
107693,2022-01-09
107694,2022-01-09
107695,2022-01-09
107696,2022-01-09
107697,2022-01-09
107698,2022-01-09
107699,2022-01-09
107700,2022-01-09
107701,2022-01-09
107702,2022-01-09
107703,2022-01-09
107704,2022-01-09
107705,2022-01-09
107706,2022-01-09
107707,2022-01-09
107708,2022-01-09
107709,2022-01-09
107710,2022-01-09
107711,2022-01-09
107712,2022-01-09
107713,2022-01-09
107714,2022-01-09
107715,2022-01-09
107716,2022-01-09
107717,2022-01-09
107718,2022-01-09
107719,2022-01-09
107720,2022-01-09
107721,2022-01-09
107722,2022-01-09
107723,2022-01-09
107724,2022-01-09
107725,2022-01-09
107726,2022-01-09
107727,2022-01-09
107728,2022-01-09
107729,2022-01-09
107730,2022-01-09
107731,2022-01-09
107732,2022-01-09
107733,2022-01-09
107734,2022-01-09
107735,2022-01-09
107736,2022-01-09
107737,2022-01-09
107738,2022-01-09
107739,2022-01-09
107740,2022-01-09
107741,2022-01-09
107742,2022-01-09
107743,2022-01-09
107745,2022-01-09
107746,2022-01-09
107747,2022-01-09
107749,2022-01-09
107750,2022-01-09
107751,2022-01-09
107752,2022-01-09
107753,2022-01-09
107754,2022-01-09
107755,2022-01-09
107756,2022-01-09
107757,2022-01-09
107758,2022-01-10
107759,2022-01-10
107761,2022-01-10
107762,2022-01-10
107765,2022-01-10
107766,2022-01-10
107767,2022-01-10
107768,2022-01-10
107769,2022-01-10
107770,2022-01-10
107771,2022-01-10
107772,2022-01-10
107773,2022-01-10
107775,2022-01-10
107776,2022-01-10
107777,2022-01-10
107778,2022-01-10
107780,2022-01-10
107781,2022-01-10
107782,2022-01-10
107783,2022-01-10
107784,2022-01-10
107785,2022-01-10
107786,2022-01-10
107787,2022-01-10
107788,2022-01-10
107789,2022-01-10
107790,2022-01-10
107791,2022-01-10
107792,2022-01-10
107793,2022-01-10
107794,2022-01-10
107795,2022-01-10
107796,2022-01-10
107797,2022-01-10
107798,2022-01-10
107799,2022-01-10
107800,2022-01-10
107801,2022-01-10
107802,2022-01-10
107803,2022-01-10
107804,2022-01-10
107805,2022-01-10
107806,2022-01-10
107807,2022-01-10
107808,2022-01-10
107809,2022-01-10
107810,2022-01-10
107811,2022-01-10
107812,2022-01-10
107813,2022-01-10
107814,2022-01-10
107815,2022-01-10
107816,2022-01-10
107817,2022-01-10
107818,2022-01-10
107819,2022-01-10
107820,2022-01-10
107821,2022-01-10
107822,2022-01-10
107823,2022-01-10
107824,2022-01-10
107825,2022-01-10
107826,2022-01-10
107827,2022-01-10
107828,2022-01-10
107829,2022-01-10
107830,2022-01-10
107831,2022-01-10
107832,2022-01-10
107833,2022-01-10
107834,2022-01-10
107835,2022-01-10
107836,2022-01-10
107837,2022-01-10
107838,2022-01-10
107839,2022-01-10
107840,2022-01-10
107841,2022-01-10
107842,2022-01-11
107843,2022-01-11
107844,2022-01-11
107845,2022-01-11
107848,2022-01-11
107849,2022-01-11
107850,2022-01-11
107851,2022-01-11
107852,2022-01-11
107853,2022-01-11
107854,2022-01-11
107855,2022-01-11
107856,2022-01-11
107857,2022-01-11
107858,2022-01-11
107859,2022-01-11
107860,2022-01-11
107862,2022-01-11
107863,2022-01-11
107864,2022-01-11
107865,2022-01-11
107866,2022-01-11
107868,2022-01-12
107873,2022-01-12
107875,2022-01-12
107876,2022-01-12
107877,2022-01-12
107878,2022-01-12
107879,2022-01-12
107880,2022-01-12
107881,2022-01-12
107882,2022-01-12
107883,2022-01-12
107884,2022-01-12
107885,2022-01-13
107886,2022-01-13
107887,2022-01-13
107888,2022-01-13
107889,2022-01-13
107890,2022-01-13
107891,2022-01-13
107892,2022-01-13
107893,2022-01-13
107894,2022-01-13
107895,2022-01-13
107896,2022-01-13
107897,2022-01-13
107898,2022-01-13
107899,2022-01-13
107900,2022-01-13
107901,2022-01-13
107902,2022-01-13
107903,2022-01-13
107905,2022-01-13
107972,2022-03-30
107975,2022-03-31
107979,2022-03-31
108007,2022-04-06
108010,2022-04-06
108011,2022-04-06
108012,2022-04-06
108013,2022-04-06
108014,2022-04-06
108015,2022-04-07
108016,2022-04-07
108017,2022-04-07
108018,2022-04-07
108020,2022-04-08
108021,2022-04-08
108022,2022-04-08
108024,2022-04-08
108025,2022-04-08
108026,2022-04-08
108027,2022-04-08
108028,2022-04-08
108033,2022-04-08
108034,2022-04-08
108035,2022-04-08
108042,2022-04-08
108043,2022-04-09
108044,2022-04-09
108045,2022-04-09
108046,2022-04-09
108049,2022-04-09
108051,2022-04-09
108052,2022-04-09
108053,2022-04-09
108054,2022-04-09
108056,2022-04-09
108057,2022-04-09
108058,2022-04-09
108059,2022-04-09
108060,2022-04-09
108076,2022-04-11
108077,2022-04-11
108078,2022-04-11
108079,2022-04-11
108082,2022-04-11
108083,2022-04-11
108084,2022-04-11
108086,2022-04-11
108087,2022-04-11
108088,2022-04-11
108089,2022-04-11
108090,2022-04-11
108091,2022-04-11
108092,2022-04-11
108093,2022-04-11
108094,2022-04-11
108095,2022-04-11
108096,2022-04-11
108097,2022-04-11
108098,2022-04-11
108099,2022-04-11
108100,2022-04-11
108101,2022-04-11
108102,2022-04-11
108103,2022-04-11
108104,2022-04-11
108105,2022-04-11
108106,2022-04-11
108107,2022-04-11
108108,2022-04-11
108109,2022-04-11
108110,2022-04-11
108111,2022-04-11
108112,2022-04-11
108113,2022-04-11
108114,2022-04-11
108117,2022-04-11
108118,2022-04-11
108119,2022-04-11
108120,2022-04-11
108121,2022-04-11
108122,2022-04-11
108123,2022-04-11
108124,2022-04-11
108125,2022-04-11
108126,2022-04-11
108127,2022-04-11
108128,2022-04-11
108129,2022-04-11
108130,2022-04-11
108131,2022-04-11
108132,2022-04-11
108133,2022-04-11
108134,2022-04-11
108135,2022-04-11
108136,2022-04-11
108137,2022-04-11
108138,2022-04-11
108139,2022-04-11
108140,2022-04-11
108141,2022-04-11
108142,2022-04-11
108143,2022-04-11
108144,2022-04-11
108145,2022-04-11
108146,2022-04-11
108147,2022-04-11
108148,2022-04-11
108149,2022-04-11
108150,2022-04-11
108151,2022-04-11
108152,2022-04-11
108153,2022-04-11
108154,2022-04-11
108155,2022-04-11
108156,2022-04-11
108157,2022-04-11
108158,2022-04-12
108159,2022-04-12
108160,2022-04-12
108161,2022-04-12
108162,2022-04-12
108164,2022-04-12
108165,2022-04-12
108166,2022-04-12
108167,2022-04-12
108168,2022-04-12
108171,2022-04-12
108172,2022-04-12
108173,2022-04-12
108174,2022-04-12
108175,2022-04-12
108176,2022-04-12
108177,2022-04-12
108179,2022-04-12
108180,2022-04-12
108181,2022-04-12
108182,2022-04-12
108183,2022-04-12
108184,2022-04-12
108186,2022-04-12
108187,2022-04-12
108188,2022-04-12
108189,2022-04-12
108190,2022-04-12
108191,2022-04-12
108192,2022-04-12
108193,2022-04-12
108194,2022-04-12
108195,2022-04-12
108196,2022-04-12
108197,2022-04-12
108198,2022-04-12
108199,2022-04-12
108200,2022-04-12
108201,2022-04-12
108202,2022-04-12
108203,2022-04-12
108204,2022-04-12
108205,2022-04-12
108206,2022-04-12
108207,2022-04-12
108208,2022-04-12
108209,2022-04-12
108210,2022-04-12
108211,2022-04-12
108212,2022-04-12
108213,2022-04-12
108215,2022-04-12
108216,2022-04-12
108217,2022-04-12
108218,2022-04-12
108219,2022-04-12
108220,2022-04-12
108221,2022-04-12
108222,2022-04-12
108223,2022-04-12
108224,2022-04-12
108225,2022-04-12
108226,2022-04-12
108227,2022-04-12
108228,2022-04-12
108229,2022-04-12
108230,2022-04-12
108231,2022-04-12
108232,2022-04-12
108233,2022-04-12
108234,2022-04-12
108235,2022-04-12
108236,2022-04-12
108237,2022-04-12
108238,2022-04-12
108239,2022-04-12
108240,2022-04-12
108242,2022-04-12
108244,2022-04-12
108245,2022-04-12
108247,2022-04-12
108248,2022-04-12
108249,2022-04-12
108250,2022-04-12
108251,2022-04-12
108252,2022-04-12
108253,2022-04-12
108254,2022-04-12
108255,2022-04-12
108256,2022-04-12
108257,2022-04-12
108258,2022-04-12
108259,2022-04-12
108260,2022-04-12
108261,2022-04-12
108262,2022-04-12
108263,2022-04-12
108264,2022-04-12
108265,2022-04-12
108266,2022-04-12
108267,2022-04-12
108268,2022-04-12
108269,2022-04-12
108270,2022-04-12
108271,2022-04-12
108272,2022-04-12
108273,2022-04-12
108274,2022-04-12
108275,2022-04-12
108276,2022-04-12
108278,2022-04-12
108279,2022-04-12
108280,2022-04-12
108281,2022-04-12
108282,2022-04-12
108283,2022-04-12
108284,2022-04-12
108286,2022-04-12
108287,2022-04-13
108288,2022-04-13
108289,2022-04-13
108290,2022-04-13
108291,2022-04-13
108292,2022-04-13
108293,2022-04-13
108294,2022-04-13
108295,2022-04-13
108296,2022-04-13
108297,2022-04-13
108298,2022-04-13
108300,2022-04-13
108301,2022-04-13
108302,2022-04-13
108303,2022-04-13
108304,2022-04-13
108305,2022-04-13
108306,2022-04-13
108307,2022-04-13
108308,2022-04-13
108309,2022-04-13
108310,2022-04-13
108311,2022-04-13
108312,2022-04-13
108313,2022-04-13
108314,2022-04-13
108315,2022-04-13
108316,2022-04-13
108317,2022-04-13
108318,2022-04-13
108319,2022-04-13
108320,2022-04-13
108321,2022-04-13
108322,2022-04-13
108323,2022-04-13
108324,2022-04-13
108325,2022-04-13
108326,2022-04-13
108327,2022-04-13
108328,2022-04-13
108329,2022-04-13
108330,2022-04-13
108331,2022-04-13
108332,2022-04-13
108333,2022-04-13
108334,2022-04-13
108335,2022-04-13
108336,2022-04-13
108337,2022-04-13
108338,2022-04-13
108339,2022-04-13
108340,2022-04-13
108342,2022-04-13
108344,2022-04-13
108345,2022-04-13
108346,2022-04-13
108347,2022-04-13
108348,2022-04-13
108349,2022-04-13
108350,2022-04-13
108351,2022-04-13
108352,2022-04-13
108354,2022-04-13
108355,2022-04-13
108356,2022-04-13
108357,2022-04-13
108358,2022-04-13
108359,2022-04-13
108360,2022-04-13
108361,2022-04-13
108362,2022-04-13
108363,2022-04-13
108364,2022-04-13
108365,2022-04-13
108366,2022-04-13
108367,2022-04-13
108368,2022-04-13
108369,2022-04-13
108370,2022-04-13
108371,2022-04-13
108372,2022-04-13
108373,2022-04-13
108374,2022-04-13
108375,2022-04-13
108376,2022-04-13
108377,2022-04-13
108378,2022-04-13
108379,2022-04-13
108380,2022-04-13
108381,2022-04-13
108382,2022-04-13
108383,2022-04-13
108384,2022-04-13
108385,2022-04-13
108386,2022-04-13
108387,2022-04-13
108388,2022-04-13
108389,2022-04-13
108390,2022-04-13
108391,2022-04-13
108392,2022-04-13
108393,2022-04-13
108394,2022-04-13
108395,2022-04-13
108396,2022-04-13
108397,2022-04-13
108398,2022-04-13
108399,2022-04-13
108400,2022-04-13
108401,2022-04-13
108402,2022-04-13
108403,2022-04-13
108404,2022-04-13
108405,2022-04-13
108406,2022-04-13
108407,2022-04-13
108408,2022-04-13
108409,2022-04-13
108410,2022-04-13
108411,2022-04-13
108412,2022-04-13
108413,2022-04-14
108414,2022-04-14
108415,2022-04-14
108416,2022-04-14
108417,2022-04-14
108418,2022-04-14
108421,2022-04-14
108422,2022-04-14
108423,2022-04-14
108425,2022-04-14
108426,2022-04-14
108427,2022-04-14
108428,2022-04-14
108429,2022-04-14
108430,2022-04-14
108431,2022-04-14
108432,2022-04-14
108433,2022-04-14
108434,2022-04-14
108435,2022-04-14
108436,2022-04-14
108437,2022-04-14
108438,2022-04-14
108439,2022-04-14
108440,2022-04-14
108441,2022-04-14
108442,2022-04-14
108443,2022-04-14
108444,2022-04-14
108446,2022-04-14
108447,2022-04-14
108448,2022-04-14
108449,2022-04-14
108450,2022-04-14
108452,2022-04-14
108453,2022-04-14
108455,2022-04-14
108456,2022-04-14
108457,2022-04-14
108460,2022-04-14
108461,2022-04-14
108462,2022-04-14
108463,2022-04-14
108464,2022-04-14
108465,2022-04-14
108466,2022-04-14
108467,2022-04-14
108468,2022-04-14
108469,2022-04-14
108471,2022-04-14
108472,2022-04-14
108473,2022-04-14
108474,2022-04-14
108475,2022-04-14
108476,2022-04-14
108477,2022-04-14
108478,2022-04-14
108479,2022-04-14
108481,2022-04-14
108482,2022-04-14
108483,2022-04-14
108484,2022-04-14
108485,2022-04-14
108486,2022-04-14
108487,2022-04-14
108488,2022-04-14
108489,2022-04-14
108491,2022-04-14
108492,2022-04-14
108493,2022-04-14
108494,2022-04-14
108495,2022-04-14
108496,2022-04-14
108497,2022-04-14
108498,2022-04-14
108499,2022-04-14
108500,2022-04-14
108501,2022-04-14
108502,2022-04-14
108503,2022-04-14
108504,2022-04-14
108505,2022-04-14
108506,2022-04-14
108507,2022-04-14
108508,2022-04-14
108509,2022-04-14
108510,2022-04-14
108511,2022-04-14
108512,2022-04-14
108513,2022-04-14
108514,2022-04-14
108515,2022-04-14
108516,2022-04-14
108517,2022-04-14
108518,2022-04-14
108519,2022-04-14
108520,2022-04-14
108521,2022-04-14
108522,2022-04-14
108523,2022-04-14
108524,2022-04-14
108525,2022-04-14
108526,2022-04-14
108527,2022-04-14
108528,2022-04-14
108529,2022-04-14
108530,2022-04-14
108531,2022-04-14
108532,2022-04-14
108533,2022-04-14
108534,2022-04-14
108535,2022-04-14
108536,2022-04-14
108537,2022-04-14
108538,2022-04-14
108539,2022-04-14
108540,2022-04-14
108541,2022-04-14
108542,2022-04-14
108543,2022-04-14
108544,2022-04-14
108545,2022-04-14
108546,2022-04-14
108547,2022-04-14
108548,2022-04-14
108549,2022-04-14
108550,2022-04-14
108551,2022-04-14
108552,2022-04-14
108553,2022-04-14
108554,2022-04-14
108555,2022-04-14
108556,2022-04-14
108557,2022-04-14
108558,2022-04-14
108559,2022-04-14
108560,2022-04-15
108561,2022-04-15
108562,2022-04-15
108563,2022-04-15
108566,2022-04-15
108567,2022-04-15
108568,2022-04-15
108569,2022-04-15
108570,2022-04-15
108571,2022-04-15
108572,2022-04-15
108573,2022-04-15
108574,2022-04-15
108576,2022-04-15
108577,2022-04-15
108578,2022-04-15
108579,2022-04-15
108580,2022-04-15
108581,2022-04-15
108582,2022-04-15
108583,2022-04-15
108584,2022-04-15
108585,2022-04-15
108586,2022-04-15
108587,2022-04-15
108588,2022-04-15
108589,2022-04-15
108590,2022-04-15
108591,2022-04-15
108592,2022-04-15
108593,2022-04-15
108594,2022-04-15
108595,2022-04-15
108596,2022-04-15
108597,2022-04-15
108598,2022-04-15
108599,2022-04-15
108600,2022-04-15
108601,2022-04-15
108602,2022-04-15
108603,2022-04-15
108604,2022-04-15
108605,2022-04-15
108606,2022-04-15
108607,2022-04-15
108608,2022-04-15
108609,2022-04-15
108610,2022-04-15
108611,2022-04-15
108612,2022-04-15
108613,2022-04-15
108614,2022-04-15
108615,2022-04-15
108616,2022-04-15
108617,2022-04-15
108618,2022-04-15
108619,2022-04-15
108620,2022-04-15
108621,2022-04-15
108622,2022-04-15
108623,2022-04-15
108624,2022-04-15
108625,2022-04-15
108626,2022-04-15
108627,2022-04-15
108628,2022-04-15
108629,2022-04-15
108630,2022-04-15
108631,2022-04-15
108632,2022-04-15
108633,2022-04-15
108634,2022-04-15
108635,2022-04-15
108636,2022-04-15
108637,2022-04-15
108638,2022-04-15
108639,2022-04-15
108640,2022-04-15
108641,2022-04-15
108642,2022-04-15
108643,2022-04-15
108644,2022-04-15
108645,2022-04-15
108648,2022-04-15
108649,2022-04-15
108650,2022-04-15
108651,2022-04-15
108652,2022-04-15
108654,2022-04-15
108655,2022-04-15
108656,2022-04-15
108658,2022-04-15
108659,2022-04-15
108660,2022-04-15
108661,2022-04-15
108662,2022-04-15
108663,2022-04-15
108664,2022-04-15
108665,2022-04-15
108666,2022-04-15
108667,2022-04-15
108668,2022-04-15
108669,2022-04-15
108670,2022-04-15
108671,2022-04-15
108672,2022-04-15
108673,2022-04-15
108674,2022-04-15
108675,2022-04-15
108676,2022-04-15
108677,2022-04-15
108678,2022-04-15
108679,2022-04-15
108680,2022-04-15
108681,2022-04-15
108682,2022-04-15
108683,2022-04-15
108684,2022-04-15
108685,2022-04-15
108686,2022-04-15
108687,2022-04-16
108688,2022-04-16
108689,2022-04-16
108690,2022-04-16
108691,2022-04-16
108692,2022-04-16
108693,2022-04-16
108694,2022-04-16
108696,2022-04-16
108698,2022-04-16
108699,2022-04-16
108700,2022-04-16
108701,2022-04-16
108702,2022-04-16
108703,2022-04-16
108704,2022-04-16
108705,2022-04-16
108706,2022-04-16
108707,2022-04-16
108709,2022-04-16
108710,2022-04-16
108711,2022-04-16
108712,2022-04-16
108713,2022-04-16
108714,2022-04-16
108715,2022-04-16
108716,2022-04-16
108717,2022-04-16
108718,2022-04-16
108719,2022-04-16
108720,2022-04-16
108721,2022-04-16
108722,2022-04-16
108723,2022-04-16
108724,2022-04-16
108725,2022-04-16
108726,2022-04-16
108727,2022-04-16
108728,2022-04-16
108729,2022-04-16
108730,2022-04-16
108731,2022-04-16
108732,2022-04-16
108733,2022-04-16
108734,2022-04-16
108735,2022-04-16
108736,2022-04-16
108737,2022-04-16
108738,2022-04-16
108739,2022-04-16
108740,2022-04-16
108741,2022-04-16
108742,2022-04-16
108743,2022-04-16
108744,2022-04-16
108745,2022-04-16
108746,2022-04-16
108747,2022-04-16
108749,2022-04-16
108750,2022-04-16
108751,2022-04-16
108752,2022-04-16
108753,2022-04-16
108754,2022-04-16
108755,2022-04-16
108756,2022-04-16
108757,2022-04-16
108758,2022-04-16
108759,2022-04-16
108760,2022-04-16
108761,2022-04-16
108762,2022-04-16
108763,2022-04-16
108764,2022-04-16
108765,2022-04-16
108766,2022-04-16
108767,2022-04-16
108768,2022-04-16
108769,2022-04-16
108770,2022-04-16
108771,2022-04-16
108772,2022-04-16
108773,2022-04-16
108775,2022-04-16
108776,2022-04-16
108777,2022-04-16
108778,2022-04-16
108779,2022-04-16
108780,2022-04-18
108781,2022-04-18
108782,2022-04-18
108783,2022-04-18
108784,2022-04-18
108785,2022-04-18
108786,2022-04-18
108787,2022-04-18
108788,2022-04-18
108789,2022-04-18
108790,2022-04-18
108791,2022-04-18
108792,2022-04-18
108793,2022-04-18
108794,2022-04-18
108796,2022-04-18
108797,2022-04-18
108798,2022-04-18
108799,2022-04-18
108800,2022-04-18
108801,2022-04-18
108802,2022-04-18
108803,2022-04-18
108804,2022-04-18
108806,2022-04-18
108807,2022-04-18
108808,2022-04-18
108809,2022-04-18
108810,2022-04-18
108811,2022-04-18
108812,2022-04-18
108813,2022-04-18
108814,2022-04-18
108815,2022-04-18
108816,2022-04-18
108817,2022-04-18
108818,2022-04-18
108819,2022-04-18
108820,2022-04-18
108821,2022-04-18
108822,2022-04-18
108823,2022-04-18
108824,2022-04-18
108825,2022-04-18
108826,2022-04-18
108827,2022-04-18
108828,2022-04-18
108829,2022-04-18
108830,2022-04-18
108831,2022-04-18
108832,2022-04-18
108833,2022-04-18
108834,2022-04-18
108835,2022-04-18
108836,2022-04-18
108837,2022-04-18
108838,2022-04-18
108839,2022-04-18
108840,2022-04-18
108841,2022-04-18
108842,2022-04-18
108843,2022-04-18
108844,2022-04-18
108845,2022-04-18
108846,2022-04-18
108847,2022-04-18
108848,2022-04-18
108849,2022-04-18
108850,2022-04-18
108851,2022-04-18
108852,2022-04-18
108853,2022-04-18
108854,2022-04-18
108855,2022-04-18
108856,2022-04-18
108857,2022-04-18
108858,2022-04-18
108859,2022-04-18
108860,2022-04-18
108861,2022-04-18
108862,2022-04-18
108863,2022-04-18
108864,2022-04-18
108865,2022-04-18
108866,2022-04-18
108868,2022-04-18
108869,2022-04-18
108870,2022-04-18
108871,2022-04-18
108872,2022-04-18
108873,2022-04-18
108874,2022-04-18
108875,2022-04-19
108876,2022-04-19
108877,2022-04-19
108878,2022-04-19
108881,2022-04-19
108882,2022-04-19
108883,2022-04-19
108884,2022-04-19
108885,2022-04-19
108886,2022-04-19
108887,2022-04-19
108888,2022-04-19
108889,2022-04-19
108890,2022-04-19
108891,2022-04-19
108892,2022-04-19
108893,2022-04-19
108894,2022-04-19
108895,2022-04-19
108896,2022-04-19
108897,2022-04-19
108898,2022-04-19
108899,2022-04-19
108900,2022-04-19
108901,2022-04-19
108902,2022-04-19
108903,2022-04-19
108904,2022-04-19
108905,2022-04-19
108906,2022-04-19
108907,2022-04-19
108908,2022-04-19
108909,2022-04-19
108910,2022-04-19
108911,2022-04-19
108912,2022-04-19
108913,2022-04-19
108914,2022-04-19
108915,2022-04-19
108916,2022-04-19
108917,2022-04-19
108918,2022-04-19
108919,2022-04-19
108920,2022-04-19
108921,2022-04-19
108922,2022-04-19
108923,2022-04-19
108924,2022-04-19
108925,2022-04-19
108926,2022-04-19
108928,2022-04-19
108929,2022-04-19
108933,2022-04-19
108934,2022-04-19
108935,2022-04-19
108936,2022-04-19
108937,2022-04-19
108938,2022-04-19
108940,2022-04-19
108941,2022-04-19
108942,2022-04-19
108943,2022-04-19
108944,2022-04-19
108945,2022-04-19
108946,2022-04-19
108947,2022-04-19
108948,2022-04-19
108949,2022-04-19
108950,2022-04-19
108951,2022-04-19
108952,2022-04-19
108953,2022-04-19
108954,2022-04-19
108955,2022-04-19
108956,2022-04-19
108957,2022-04-19
108958,2022-04-19
108959,2022-04-19
108960,2022-04-19
108961,2022-04-19
108962,2022-04-19
108963,2022-04-19
108964,2022-04-19
108965,2022-04-19
108966,2022-04-19
108967,2022-04-19
108968,2022-04-19
108969,2022-04-19
108970,2022-04-19
108971,2022-04-19
108972,2022-04-19
108973,2022-04-19
108974,2022-04-19
108975,2022-04-19
108976,2022-04-19
108977,2022-04-19
108978,2022-04-20
108979,2022-04-20
108980,2022-04-20
108981,2022-04-20
108982,2022-04-20
108984,2022-04-20
108985,2022-04-20
108986,2022-04-20
108987,2022-04-20
108988,2022-04-20
108989,2022-04-20
108990,2022-04-20
108991,2022-04-20
108992,2022-04-20
108993,2022-04-20
108994,2022-04-20
108995,2022-04-20
108996,2022-04-20
108997,2022-04-20
108998,2022-04-20
108999,2022-04-20
109000,2022-04-20
109001,2022-04-20
109002,2022-04-20
109003,2022-04-20
109004,2022-04-20
109005,2022-04-20
109007,2022-04-20
109009,2022-04-20
109010,2022-04-20
109011,2022-04-20
109012,2022-04-20
109013,2022-04-20
109014,2022-04-20
109015,2022-04-20
109016,2022-04-20
109017,2022-04-20
109018,2022-04-20
109019,2022-04-20
109020,2022-04-20
109021,2022-04-20
109022,2022-04-20
109023,2022-04-20
109024,2022-04-20
109025,2022-04-20
109026,2022-04-20
109027,2022-04-20
109028,2022-04-20
109029,2022-04-20
109030,2022-04-20
109031,2022-04-20
109033,2022-04-20
109034,2022-04-20
109035,2022-04-20
109036,2022-04-20
109037,2022-04-20
109038,2022-04-20
109039,2022-04-20
109040,2022-04-20
109041,2022-04-20
109042,2022-04-20
109043,2022-04-20
109045,2022-04-20
109046,2022-04-20
109047,2022-04-20
109048,2022-04-20
109049,2022-04-20
109050,2022-04-20
109052,2022-04-20
109053,2022-04-20
109054,2022-04-20
109055,2022-04-20
109056,2022-04-20
109057,2022-04-20
109058,2022-04-20
109059,2022-04-20
109061,2022-04-20
109062,2022-04-21
109063,2022-04-21
109065,2022-04-21
109067,2022-04-21
109068,2022-04-21
109069,2022-04-21
109070,2022-04-21
109071,2022-04-21
109072,2022-04-21
109073,2022-04-21
109074,2022-04-21
109075,2022-04-21
109076,2022-04-21
109077,2022-04-21
109078,2022-04-21
109079,2022-04-21
109080,2022-04-21
109081,2022-04-21
109082,2022-04-21
109083,2022-04-21
109084,2022-04-21
109085,2022-04-21
109086,2022-04-21
109087,2022-04-21
109088,2022-04-21
109089,2022-04-21
109090,2022-04-21
109091,2022-04-21
109092,2022-04-21
109093,2022-04-21
109094,2022-04-21
109095,2022-04-21
109096,2022-04-21
109097,2022-04-21
109098,2022-04-21
109099,2022-04-21
109100,2022-04-21
109101,2022-04-21
109102,2022-04-21
109103,2022-04-21
109104,2022-04-21
109105,2022-04-21
109106,2022-04-21
109107,2022-04-21
109108,2022-04-21
109109,2022-04-21
109110,2022-04-21
109111,2022-04-21
109112,2022-04-21
109113,2022-04-21
109114,2022-04-21
109115,2022-04-21
109116,2022-04-21
109117,2022-04-21
109118,2022-04-21
109119,2022-04-21
109120,2022-04-21
109121,2022-04-21
109122,2022-04-21
109123,2022-04-21
109124,2022-04-21
109127,2022-04-21
109128,2022-04-21
109129,2022-04-21
109130,2022-04-21
109131,2022-04-21
109132,2022-04-21
109133,2022-04-21
109134,2022-04-21
109135,2022-04-21
109136,2022-04-21
109137,2022-04-21
109138,2022-04-21
109139,2022-04-21
109140,2022-04-21
109141,2022-04-21
109142,2022-04-21
109143,2022-04-21
109144,2022-04-21
109145,2022-04-21
109146,2022-04-21
109147,2022-04-21
109148,2022-04-21
109149,2022-04-21
109150,2022-04-21
109151,2022-04-21
109152,2022-04-21
109153,2022-04-21
109154,2022-04-21
109155,2022-04-21
109156,2022-04-21
109157,2022-04-21
109158,2022-04-21
109159,2022-04-21
109160,2022-04-21
109161,2022-04-21
109162,2022-04-22
109163,2022-04-22
109164,2022-04-22
109165,2022-04-22
109167,2022-04-22
109168,2022-04-22
109169,2022-04-22
109170,2022-04-22
109171,2022-04-22
109172,2022-04-22
109173,2022-04-22
109174,2022-04-22
109175,2022-04-22
109176,2022-04-22
109177,2022-04-22
109178,2022-04-22
109179,2022-04-22
109180,2022-04-22
109181,2022-04-22
109182,2022-04-22
109183,2022-04-22
109184,2022-04-22
109185,2022-04-22
109186,2022-04-22
109187,2022-04-22
109188,2022-04-22
109189,2022-04-22
109190,2022-04-22
109191,2022-04-22
109192,2022-04-22
109193,2022-04-22
109194,2022-04-22
109195,2022-04-22
109196,2022-04-22
109197,2022-04-22
109198,2022-04-22
109199,2022-04-22
109200,2022-04-22
109201,2022-04-22
109202,2022-04-22
109203,2022-04-22
109204,2022-04-22
109205,2022-04-22
109206,2022-04-22
109207,2022-04-22
109208,2022-04-22
109209,2022-04-22
109210,2022-04-22
109211,2022-04-22
109212,2022-04-22
109213,2022-04-22
109214,2022-04-22
109215,2022-04-22
109216,2022-04-22
109217,2022-04-22
109218,2022-04-22
109219,2022-04-22
109220,2022-04-22
109221,2022-04-22
109222,2022-04-22
109223,2022-04-22
109224,2022-04-22
109225,2022-04-22
109226,2022-04-22
109227,2022-04-22
109228,2022-04-22
109229,2022-04-22
109230,2022-04-22
109231,2022-04-22
109232,2022-04-22
109233,2022-04-22
109234,2022-04-22
109235,2022-04-22
109236,2022-04-22
109237,2022-04-22
109238,2022-04-22
109239,2022-04-22
109240,2022-04-22
109241,2022-04-22
109242,2022-04-22
109243,2022-04-23
109245,2022-04-23
109246,2022-04-23
109248,2022-04-23
109249,2022-04-23
109250,2022-04-23
109251,2022-04-23
109252,2022-04-23
109253,2022-04-23
109254,2022-04-23
109255,2022-04-23
109256,2022-04-23
109257,2022-04-23
109258,2022-04-23
109259,2022-04-23
109260,2022-04-23
109261,2022-04-23
109262,2022-04-23
109263,2022-04-23
109264,2022-04-23
109265,2022-04-23
109266,2022-04-23
109267,2022-04-23
109268,2022-04-23
109269,2022-04-23
109270,2022-04-23
109271,2022-04-23
109272,2022-04-23
109273,2022-04-23
109274,2022-04-23
109275,2022-04-23
109276,2022-04-23
109277,2022-04-23
109278,2022-04-23
109279,2022-04-23
109280,2022-04-23
109281,2022-04-23
109282,2022-04-23
109283,2022-04-23
109284,2022-04-23
109285,2022-04-23
109286,2022-04-23
109287,2022-04-23
109288,2022-04-23
109289,2022-04-23
109290,2022-04-23
109291,2022-04-23
109292,2022-04-23
109293,2022-04-23
109294,2022-04-23
109295,2022-04-23
109296,2022-04-23
109297,2022-04-23
109298,2022-04-23
109299,2022-04-23
109300,2022-04-23
109301,2022-04-23
109302,2022-04-23
109303,2022-04-23
109304,2022-04-23
109305,2022-04-23
109306,2022-04-23
109307,2022-04-23
109308,2022-04-23
109309,2022-04-23
109310,2022-04-23
109311,2022-04-23
109312,2022-04-23
109313,2022-04-23
109314,2022-04-23
109315,2022-04-23
109317,2022-04-23
109318,2022-04-23
109319,2022-04-23
109320,2022-04-23
109321,2022-04-23
109322,2022-04-23
109323,2022-04-23
109324,2022-04-23
109325,2022-04-23
109326,2022-04-23
109327,2022-04-23
109328,2022-04-23
109329,2022-04-23
109330,2022-04-23
109331,2022-04-23
109332,2022-04-23
109333,2022-04-23
109334,2022-04-23
109335,2022-04-23
109336,2022-04-23
109337,2022-04-23
109338,2022-04-23
109339,2022-04-23
109340,2022-04-23
109341,2022-04-23
109342,2022-04-23
109343,2022-04-23
109344,2022-04-23
109345,2022-04-23
109348,2022-04-23
109352,2022-04-23
109353,2022-04-23
109354,2022-04-23
109355,2022-04-23
109356,2022-04-23
109357,2022-04-23
109358,2022-04-23
109359,2022-04-23
109360,2022-04-23
109361,2022-04-23
109362,2022-04-23
109364,2022-04-23
109366,2022-04-23
109367,2022-04-23
109368,2022-04-23
109369,2022-04-25
109370,2022-04-25
109371,2022-04-25
109372,2022-04-25
109374,2022-04-25
109375,2022-04-25
109376,2022-04-25
109377,2022-04-25
109378,2022-04-25
109379,2022-04-25
109380,2022-04-25
109381,2022-04-25
109382,2022-04-25
109384,2022-04-25
109385,2022-04-25
109386,2022-04-25
109387,2022-04-25
109388,2022-04-25
109389,2022-04-25
109390,2022-04-25
109391,2022-04-25
109392,2022-04-25
109393,2022-04-25
109394,2022-04-25
109395,2022-04-25
109396,2022-04-25
109397,2022-04-25
109398,2022-04-25
109400,2022-04-25
109401,2022-04-25
109402,2022-04-25
109403,2022-04-25
109404,2022-04-25
109405,2022-04-25
109406,2022-04-25
109407,2022-04-25
109408,2022-04-25
109409,2022-04-25
109410,2022-04-25
109411,2022-04-25
109412,2022-04-25
109413,2022-04-25
109414,2022-04-25
109415,2022-04-25
109416,2022-04-25
109417,2022-04-25
109418,2022-04-25
109419,2022-04-25
109420,2022-04-25
109421,2022-04-25
109422,2022-04-25
109423,2022-04-25
109424,2022-04-25
109425,2022-04-25
109426,2022-04-25
109427,2022-04-25
109428,2022-04-25
109429,2022-04-25
109430,2022-04-25
109431,2022-04-25
109432,2022-04-25
109433,2022-04-25
109434,2022-04-25
109435,2022-04-25
109436,2022-04-25
109437,2022-04-25
109438,2022-04-25
109439,2022-04-25
109440,2022-04-25
109441,2022-04-25
109442,2022-04-25
109443,2022-04-25
109444,2022-04-25
109445,2022-04-25
109446,2022-04-25
109447,2022-04-25
109448,2022-04-25
109449,2022-04-25
109450,2022-04-25
109451,2022-04-25
109452,2022-04-25
109453,2022-04-25
109454,2022-04-25
109455,2022-04-25
109456,2022-04-25
109457,2022-04-25
109458,2022-04-25
109459,2022-04-25
109460,2022-04-25
109461,2022-04-25
109462,2022-04-25
109463,2022-04-25
109464,2022-04-25
109465,2022-04-25
109466,2022-04-25
109467,2022-04-25
109468,2022-04-25
109469,2022-04-25
109470,2022-04-25
109471,2022-04-25
109472,2022-04-25
109473,2022-04-25
109474,2022-04-25
109475,2022-04-25
109476,2022-04-25
109477,2022-04-25
109478,2022-04-25
109479,2022-04-25
109480,2022-04-25
109481,2022-04-25
109482,2022-04-25
109483,2022-04-25
109484,2022-04-25
109485,2022-04-25
109486,2022-04-25
109487,2022-04-25
109488,2022-04-25
109489,2022-04-25
109490,2022-04-25
109491,2022-04-25
109492,2022-04-25
109493,2022-04-25
109494,2022-04-25
109495,2022-04-25
109496,2022-04-25
109497,2022-04-26
109498,2022-04-26
109499,2022-04-26
109500,2022-04-26
109501,2022-04-26
109503,2022-04-26
109504,2022-04-26
109505,2022-04-26
109506,2022-04-26
109507,2022-04-26
109509,2022-04-26
109510,2022-04-26
109511,2022-04-26
109512,2022-04-26
109513,2022-04-26
109514,2022-04-26
109515,2022-04-26
109516,2022-04-26
109517,2022-04-26
109518,2022-04-26
109519,2022-04-26
109520,2022-04-26
109521,2022-04-26
109522,2022-04-26
109523,2022-04-26
109524,2022-04-26
109525,2022-04-26
109526,2022-04-26
109527,2022-04-26
109528,2022-04-26
109529,2022-04-26
109530,2022-04-26
109531,2022-04-26
109532,2022-04-26
109533,2022-04-26
109534,2022-04-26
109535,2022-04-26
109536,2022-04-26
109537,2022-04-26
109538,2022-04-26
109539,2022-04-26
109540,2022-04-26
109541,2022-04-26
109542,2022-04-26
109543,2022-04-26
109544,2022-04-26
109545,2022-04-26
109546,2022-04-26
109547,2022-04-26
109548,2022-04-26
109549,2022-04-26
109550,2022-04-26
109551,2022-04-26
109552,2022-04-26
109553,2022-04-26
109554,2022-04-26
109555,2022-04-26
109556,2022-04-26
109557,2022-04-26
109558,2022-04-26
109559,2022-04-26
109560,2022-04-26
109561,2022-04-26
109562,2022-04-26
109563,2022-04-26
109564,2022-04-26
109565,2022-04-26
109566,2022-04-26
109567,2022-04-26
109568,2022-04-26
109569,2022-04-26
109570,2022-04-26
109571,2022-04-26
109572,2022-04-26
109573,2022-04-26
109574,2022-04-26
109575,2022-04-26
109576,2022-04-26
109577,2022-04-26
109578,2022-04-26
109579,2022-04-26
109580,2022-04-26
109581,2022-04-26
109582,2022-04-26
109583,2022-04-26
109584,2022-04-26
109585,2022-04-26
109586,2022-04-26
109587,2022-04-26
109588,2022-04-26
109589,2022-04-26
109590,2022-04-26
109591,2022-04-26
109592,2022-04-26
109593,2022-04-26
109594,2022-04-26
109595,2022-04-26
109596,2022-04-26
109597,2022-04-26
109598,2022-04-26
109599,2022-04-26
109600,2022-04-26
109601,2022-04-26
109602,2022-04-26
109603,2022-04-26
109604,2022-04-26
109605,2022-04-26
109606,2022-04-26
109607,2022-04-26
109608,2022-04-26
109609,2022-04-26
109610,2022-04-27
109611,2022-04-27
109612,2022-04-27
109613,2022-04-27
109615,2022-04-27
109616,2022-04-27
109618,2022-04-27
109619,2022-04-27
109620,2022-04-27
109622,2022-04-27
109623,2022-04-27
109624,2022-04-27
109625,2022-04-27
109626,2022-04-27
109627,2022-04-27
109628,2022-04-27
109629,2022-04-27
109630,2022-04-27
109631,2022-04-27
109632,2022-04-27
109633,2022-04-27
109634,2022-04-27
109635,2022-04-27
109636,2022-04-27
109637,2022-04-27
109638,2022-04-27
109639,2022-04-27
109640,2022-04-27
109641,2022-04-27
109642,2022-04-27
109643,2022-04-27
109644,2022-04-27
109645,2022-04-27
109646,2022-04-27
109647,2022-04-27
109648,2022-04-27
109649,2022-04-27
109650,2022-04-27
109651,2022-04-27
109652,2022-04-27
109653,2022-04-27
109654,2022-04-27
109655,2022-04-27
109656,2022-04-27
109657,2022-04-27
109658,2022-04-27
109659,2022-04-27
109660,2022-04-27
109661,2022-04-27
109662,2022-04-27
109663,2022-04-27
109664,2022-04-27
109665,2022-04-27
109666,2022-04-27
109667,2022-04-27
109668,2022-04-27
109669,2022-04-27
109670,2022-04-27
109671,2022-04-27
109672,2022-04-27
109674,2022-04-27
109675,2022-04-27
109676,2022-04-27
109677,2022-04-27
109678,2022-04-27
109679,2022-04-27
109680,2022-04-27
109681,2022-04-27
109682,2022-04-27
109683,2022-04-27
109684,2022-04-27
109685,2022-04-27
109686,2022-04-27
109687,2022-04-27
109688,2022-04-27
109689,2022-04-27
109690,2022-04-27
109691,2022-04-27
109692,2022-04-27
109693,2022-04-27
109694,2022-04-27
109695,2022-04-27
109696,2022-04-27
109697,2022-04-27
109698,2022-04-27
109699,2022-04-27
109700,2022-04-27
109701,2022-04-27
109702,2022-04-27
109703,2022-04-27
109704,2022-04-27
109705,2022-04-27
109706,2022-04-27
109707,2022-04-27
109708,2022-04-27
109709,2022-04-27
109710,2022-04-27
109711,2022-04-28
109712,2022-04-28
109713,2022-04-28
109714,2022-04-28
109716,2022-04-28
109717,2022-04-28
109718,2022-04-28
109719,2022-04-28
109720,2022-04-28
109721,2022-04-28
109722,2022-04-28
109723,2022-04-28
109725,2022-04-28
109726,2022-04-28
109727,2022-04-28
109728,2022-04-28
109729,2022-04-28
109730,2022-04-28
109731,2022-04-28
109732,2022-04-28
109733,2022-04-28
109734,2022-04-28
109735,2022-04-28
109736,2022-04-28
109737,2022-04-28
109738,2022-04-28
109739,2022-04-28
109740,2022-04-28
109741,2022-04-28
109742,2022-04-28
109743,2022-04-28
109744,2022-04-28
109745,2022-04-28
109746,2022-04-28
109747,2022-04-28
109748,2022-04-28
109749,2022-04-28
109750,2022-04-28
109751,2022-04-28
109752,2022-04-28
109753,2022-04-28
109754,2022-04-28
109755,2022-04-28
109756,2022-04-28
109757,2022-04-28
109758,2022-04-28
109759,2022-04-28
109760,2022-04-28
109761,2022-04-28
109762,2022-04-28
109763,2022-04-28
109764,2022-04-28
109765,2022-04-28
109766,2022-04-28
109767,2022-04-28
109768,2022-04-28
109769,2022-04-28
109770,2022-04-28
109771,2022-04-28
109772,2022-04-28
109773,2022-04-28
109774,2022-04-28
109775,2022-04-28
109776,2022-04-28
109777,2022-04-28
109778,2022-04-28
109779,2022-04-28
109780,2022-04-28
109781,2022-04-28
109782,2022-04-28
109783,2022-04-28
109784,2022-04-28
109785,2022-04-28
109786,2022-04-28
109787,2022-04-28
109788,2022-04-28
109789,2022-04-28
109791,2022-04-28
109792,2022-04-28
109793,2022-04-28
109794,2022-04-28
109795,2022-04-28
109796,2022-04-28
109797,2022-04-28
109798,2022-04-28
109800,2022-04-29
109801,2022-04-29
109802,2022-04-29
109803,2022-04-29
109805,2022-04-29
109806,2022-04-29
109807,2022-04-29
109808,2022-04-29
109809,2022-04-29
109810,2022-04-29
109811,2022-04-29
109813,2022-04-29
109815,2022-04-29
109816,2022-04-29
109817,2022-04-29
109818,2022-04-29
109819,2022-04-29
109820,2022-04-29
109821,2022-04-29
109822,2022-04-29
109823,2022-04-29
109824,2022-04-29
109825,2022-04-29
109826,2022-04-29
109827,2022-04-29
109828,2022-04-29
109830,2022-04-29
109832,2022-04-29
109833,2022-04-29
109835,2022-04-29
109837,2022-04-29
109838,2022-04-29
109839,2022-04-29
109840,2022-04-29
109841,2022-04-29
109842,2022-04-29
109843,2022-04-29
109844,2022-04-29
109845,2022-04-29
109846,2022-04-29
109847,2022-04-29
109848,2022-04-29
109849,2022-04-29
109850,2022-04-29
109851,2022-04-29
109852,2022-04-29
109853,2022-04-29
109854,2022-04-29
109856,2022-04-29
109857,2022-04-29
109858,2022-04-29
109859,2022-04-29
109860,2022-04-30
109861,2022-04-30
109862,2022-04-30
109863,2022-04-30
109864,2022-04-30
109865,2022-04-30
109866,2022-04-30
109867,2022-04-30
109868,2022-04-30
109869,2022-04-30
109870,2022-04-30
109872,2022-04-30
109873,2022-04-30
109874,2022-04-30
109875,2022-04-30
109876,2022-04-30
109877,2022-04-30
109878,2022-04-30
109879,2022-04-30
109880,2022-04-30
109881,2022-04-30
109882,2022-04-30
109883,2022-04-30
109884,2022-04-30
109885,2022-04-30
109886,2022-04-30
109887,2022-04-30
109888,2022-04-30
109889,2022-04-30
109890,2022-04-30
109891,2022-04-30
109892,2022-04-30
109893,2022-04-30
109895,2022-04-30
109896,2022-04-30
109897,2022-04-30
109898,2022-04-30
109899,2022-04-30
109900,2022-04-30
109901,2022-04-30
109902,2022-04-30
109903,2022-04-30
109904,2022-04-30
109905,2022-04-30
109906,2022-04-30
109907,2022-04-30
109908,2022-04-30
109909,2022-04-30
109910,2022-04-30
109911,2022-04-30
109912,2022-04-30
109913,2022-04-30
109914,2022-04-30
109915,2022-04-30
109916,2022-04-30
109917,2022-04-30
109918,2022-04-30
109919,2022-04-30
109920,2022-04-30
109921,2022-04-30
109922,2022-04-30
109923,2022-04-30
109924,2022-04-30
109925,2022-04-30
109926,2022-04-30
109927,2022-04-30
109928,2022-04-30
109929,2022-04-30
109930,2022-04-30
109931,2022-04-30
109932,2022-04-30
109933,2022-04-30
109934,2022-04-30
109935,2022-04-30
109936,2022-04-30
109937,2022-04-30
109938,2022-04-30
109939,2022-04-30
109940,2022-04-30
109941,2022-04-30
109942,2022-04-30
109943,2022-04-30
109944,2022-04-30
109945,2022-04-30
109946,2022-04-30
109947,2022-04-30
109948,2022-04-30
109949,2022-04-30
109950,2022-04-30
109951,2022-04-30
109952,2022-04-30
109953,2022-04-30
109954,2022-04-30
109955,2022-04-30
109956,2022-04-30
109957,2022-04-30
109958,2022-04-30
109959,2022-04-30
109960,2022-04-30
109961,2022-04-30
109962,2022-04-30
109963,2022-04-30
109964,2022-04-30
109965,2022-04-30
109966,2022-04-30
109967,2022-04-30
109968,2022-04-30
109969,2022-04-30
109970,2022-04-30
109971,2022-04-30
109972,2022-04-30
109973,2022-04-30
109974,2022-04-30
109975,2022-04-30
109976,2022-04-30
109977,2022-04-30
109978,2022-04-30
109979,2022-04-30
109980,2022-04-30
109981,2022-04-30
109982,2022-04-30
109983,2022-04-30
109984,2022-04-30
109985,2022-05-01
109986,2022-05-01
109987,2022-05-01
109988,2022-05-01
109989,2022-05-01
109990,2022-05-01
109991,2022-05-01
109992,2022-05-02
109993,2022-05-02
109994,2022-05-02
109995,2022-05-02
109997,2022-05-02
109998,2022-05-02
109999,2022-05-02
110000,2022-05-02
110001,2022-05-02
110002,2022-05-02
110003,2022-05-02
110004,2022-05-02
110005,2022-05-02
110006,2022-05-02
110007,2022-05-02
110008,2022-05-02
110009,2022-05-02
110010,2022-05-02
110011,2022-05-02
110012,2022-05-02
110013,2022-05-02
110014,2022-05-02
110015,2022-05-02
110016,2022-05-02
110017,2022-05-02
110018,2022-05-02
110019,2022-05-02
110020,2022-05-02
110021,2022-05-02
110022,2022-05-02
110023,2022-05-02
110024,2022-05-02
110025,2022-05-02
110026,2022-05-02
110027,2022-05-02
110028,2022-05-02
110029,2022-05-02
110030,2022-05-02
110031,2022-05-02
110032,2022-05-02
110033,2022-05-02
110034,2022-05-02
110035,2022-05-02
110036,2022-05-02
110037,2022-05-02
110038,2022-05-02
110039,2022-05-02
110040,2022-05-02
110041,2022-05-02
110042,2022-05-02
110043,2022-05-02
110044,2022-05-02
110045,2022-05-02
110046,2022-05-02
110047,2022-05-02
110048,2022-05-02
110049,2022-05-02
110050,2022-05-02
110051,2022-05-02
110052,2022-05-02
110053,2022-05-02
110054,2022-05-02
110055,2022-05-02
110056,2022-05-02
110057,2022-05-02
110058,2022-05-02
110059,2022-05-02
110060,2022-05-02
110061,2022-05-02
110062,2022-05-02
110063,2022-05-02
110064,2022-05-02
110065,2022-05-02
110066,2022-05-02
110067,2022-05-02
110068,2022-05-02
110069,2022-05-02
110070,2022-05-02
110071,2022-05-02
110072,2022-05-02
110073,2022-05-02
110074,2022-05-02
110075,2022-05-03
110076,2022-05-03
110078,2022-05-03
110079,2022-05-03
110080,2022-05-03
110081,2022-05-03
110083,2022-05-03
110084,2022-05-03
110085,2022-05-03
110086,2022-05-03
110087,2022-05-03
110088,2022-05-03
110089,2022-05-03
110090,2022-05-03
110091,2022-05-03
110092,2022-05-03
110093,2022-05-03
110094,2022-05-03
110095,2022-05-03
110096,2022-05-03
110097,2022-05-03
110098,2022-05-03
110099,2022-05-03
110100,2022-05-03
110101,2022-05-03
110102,2022-05-03
110103,2022-05-03
110104,2022-05-03
110105,2022-05-03
110106,2022-05-03
110107,2022-05-03
110108,2022-05-03
110109,2022-05-03
110110,2022-05-03
110111,2022-05-03
110112,2022-05-03
110113,2022-05-03
110114,2022-05-03
110115,2022-05-03
110116,2022-05-03
110117,2022-05-03
110118,2022-05-03
110119,2022-05-03
110120,2022-05-03
110121,2022-05-03
110122,2022-05-03
110123,2022-05-03
110124,2022-05-03
110125,2022-05-03
110126,2022-05-03
110127,2022-05-03
110128,2022-05-03
110129,2022-05-03
110130,2022-05-03
110131,2022-05-03
110132,2022-05-03
110133,2022-05-03
110134,2022-05-03
110135,2022-05-03
110136,2022-05-03
110137,2022-05-03
110138,2022-05-03
110139,2022-05-04
110140,2022-05-04
110141,2022-05-04
110142,2022-05-04
110144,2022-05-04
110145,2022-05-04
110147,2022-05-04
110148,2022-05-04
110149,2022-05-04
110150,2022-05-04
110151,2022-05-04
110152,2022-05-04
110153,2022-05-04
110154,2022-05-04
110155,2022-05-04
110156,2022-05-04
110157,2022-05-04
110158,2022-05-04
110159,2022-05-04
110160,2022-05-04
110161,2022-05-04
110162,2022-05-04
110163,2022-05-04
110164,2022-05-04
110165,2022-05-04
110166,2022-05-04
110167,2022-05-04
110168,2022-05-04
110169,2022-05-04
110170,2022-05-04
110171,2022-05-04
110172,2022-05-04
110173,2022-05-04
110174,2022-05-04
110175,2022-05-04
110176,2022-05-04
110177,2022-05-04
110178,2022-05-04
110179,2022-05-04
110180,2022-05-04
110181,2022-05-04
110182,2022-05-04
110183,2022-05-04
110184,2022-05-04
110185,2022-05-04
110186,2022-05-04
110187,2022-05-04
110188,2022-05-04
110189,2022-05-04
110190,2022-05-04
110191,2022-05-04
110192,2022-05-04
110193,2022-05-04
110194,2022-05-04
110195,2022-05-04
110196,2022-05-04
110197,2022-05-04
110198,2022-05-04
110199,2022-05-04
110200,2022-05-04
110201,2022-05-04
110202,2022-05-04
110203,2022-05-04
110204,2022-05-04
110205,2022-05-04
110206,2022-05-04
110207,2022-05-04
110208,2022-05-04
110209,2022-05-04
110210,2022-05-04
110211,2022-05-04
110212,2022-05-04
110213,2022-05-04
110214,2022-05-04
110215,2022-05-04
110216,2022-05-04
110217,2022-05-04
110218,2022-05-04
110219,2022-05-04
110220,2022-05-04
110221,2022-05-04
110222,2022-05-04
110223,2022-05-04
110224,2022-05-04
110225,2022-05-04
110226,2022-05-04
110227,2022-05-04
110228,2022-05-04
110229,2022-05-04
110230,2022-05-04
110231,2022-05-04
110232,2022-05-04
110233,2022-05-04
110234,2022-05-04
110235,2022-05-04
110236,2022-05-04
110237,2022-05-04
110238,2022-05-04
110239,2022-05-04
110240,2022-05-05
110241,2022-05-05
110242,2022-05-05
110243,2022-05-05
110244,2022-05-05
110245,2022-05-05
110246,2022-05-05
110248,2022-05-05
110249,2022-05-05
110250,2022-05-05
110252,2022-05-05
110253,2022-05-05
110254,2022-05-05
110255,2022-05-05
110256,2022-05-05
110257,2022-05-05
110259,2022-05-05
110260,2022-05-05
110261,2022-05-05
110262,2022-05-05
110263,2022-05-05
110264,2022-05-05
110265,2022-05-05
110266,2022-05-05
110267,2022-05-05
110268,2022-05-05
110269,2022-05-05
110270,2022-05-05
110271,2022-05-05
110272,2022-05-05
110273,2022-05-05
110274,2022-05-05
110275,2022-05-05
110276,2022-05-05
110277,2022-05-05
110278,2022-05-05
110279,2022-05-05
110280,2022-05-05
110281,2022-05-05
110282,2022-05-05
110283,2022-05-05
110284,2022-05-05
110285,2022-05-05
110286,2022-05-05
110287,2022-05-05
110288,2022-05-05
110289,2022-05-05
110290,2022-05-05
110291,2022-05-05
110292,2022-05-05
110293,2022-05-05
110294,2022-05-05
110295,2022-05-05
110297,2022-05-05
110298,2022-05-05
110299,2022-05-05
110300,2022-05-05
110301,2022-05-05
110302,2022-05-05
110303,2022-05-05
110304,2022-05-05
110305,2022-05-05
110306,2022-05-05
110307,2022-05-05
110308,2022-05-05
110309,2022-05-05
110310,2022-05-05
110311,2022-05-05
110312,2022-05-05
110313,2022-05-05
110314,2022-05-05
110315,2022-05-05
110317,2022-05-05
110318,2022-05-05
110319,2022-05-05
110320,2022-05-05
110321,2022-05-05
110322,2022-05-05
110323,2022-05-05
110324,2022-05-06
110325,2022-05-06
110326,2022-05-06
110327,2022-05-06
110328,2022-05-06
110329,2022-05-06
110330,2022-05-06
110331,2022-05-06
110333,2022-05-06
110334,2022-05-06
110335,2022-05-06
110336,2022-05-06
110337,2022-05-06
110338,2022-05-06
110339,2022-05-06
110340,2022-05-06
110341,2022-05-06
110342,2022-05-06
110343,2022-05-06
110344,2022-05-06
110345,2022-05-06
110346,2022-05-06
110347,2022-05-06
110348,2022-05-06
110349,2022-05-06
110350,2022-05-06
110351,2022-05-06
110352,2022-05-06
110353,2022-05-06
110354,2022-05-06
110355,2022-05-06
110356,2022-05-06
110357,2022-05-06
110358,2022-05-06
110359,2022-05-06
110360,2022-05-06
110361,2022-05-06
110362,2022-05-06
110363,2022-05-06
110364,2022-05-06
110365,2022-05-06
110366,2022-05-06
110367,2022-05-06
110368,2022-05-06
110369,2022-05-06
110370,2022-05-06
110371,2022-05-06
110372,2022-05-06
110373,2022-05-06
110374,2022-05-06
110375,2022-05-06
110376,2022-05-06
110377,2022-05-06
110378,2022-05-06
110379,2022-05-06
110380,2022-05-06
110381,2022-05-06
110382,2022-05-06
110383,2022-05-06
110384,2022-05-06
110385,2022-05-06
110386,2022-05-06
110387,2022-05-06
110388,2022-05-06
110389,2022-05-06
110390,2022-05-06
110391,2022-05-06
110392,2022-05-06
110393,2022-05-06
110394,2022-05-06
110395,2022-05-06
110396,2022-05-06
110397,2022-05-06
110398,2022-05-06
110399,2022-05-06
110400,2022-05-06
110401,2022-05-06
110402,2022-05-06
110403,2022-05-06
110404,2022-05-06
110405,2022-05-06
110406,2022-05-06
110407,2022-05-06
110408,2022-05-06
110409,2022-05-07
110410,2022-05-07
110411,2022-05-07
110412,2022-05-07
110413,2022-05-07
110414,2022-05-07
110416,2022-05-07
110417,2022-05-07
110418,2022-05-07
110419,2022-05-07
110420,2022-05-07
110422,2022-05-07
110423,2022-05-07
110424,2022-05-07
110425,2022-05-07
110426,2022-05-07
110427,2022-05-07
110428,2022-05-07
110429,2022-05-07
110430,2022-05-07
110431,2022-05-07
110432,2022-05-07
110433,2022-05-07
110434,2022-05-07
110435,2022-05-07
110436,2022-05-07
110437,2022-05-07
110438,2022-05-07
110439,2022-05-07
110440,2022-05-07
110441,2022-05-07
110442,2022-05-07
110443,2022-05-07
110444,2022-05-07
110445,2022-05-07
110446,2022-05-07
110447,2022-05-07
110448,2022-05-07
110449,2022-05-07
110450,2022-05-07
110451,2022-05-07
110452,2022-05-07
110453,2022-05-07
110454,2022-05-07
110455,2022-05-07
110456,2022-05-07
110457,2022-05-07
110458,2022-05-07
110459,2022-05-07
110460,2022-05-07
110461,2022-05-07
110462,2022-05-07
110463,2022-05-07
110464,2022-05-07
110465,2022-05-07
110466,2022-05-07
110467,2022-05-07
110468,2022-05-07
110469,2022-05-07
110470,2022-05-07
110472,2022-05-07
110473,2022-05-07
110474,2022-05-07
110475,2022-05-07
110476,2022-05-07
110477,2022-05-07
110478,2022-05-07
110479,2022-05-07
110480,2022-05-07
110481,2022-05-07
110482,2022-05-07
110483,2022-05-07
110484,2022-05-07
110485,2022-05-07
110487,2022-05-07
110488,2022-05-07
110490,2022-05-07
110492,2022-05-07
110493,2022-05-07
110496,2022-05-07
110497,2022-05-07
110498,2022-05-07
110499,2022-05-07
110500,2022-05-08
110501,2022-05-08
110503,2022-05-08
110504,2022-05-08
110505,2022-05-08
110506,2022-05-08
110508,2022-05-08
110509,2022-05-08
110510,2022-05-08
110511,2022-05-08
110512,2022-05-08
110513,2022-05-08
110514,2022-05-08
110515,2022-05-08
110516,2022-05-08
110517,2022-05-08
110518,2022-05-08
110519,2022-05-08
110521,2022-05-08
110522,2022-05-08
110523,2022-05-08
110524,2022-05-08
110525,2022-05-08
110527,2022-05-08
110528,2022-05-08
110529,2022-05-08
110530,2022-05-08
110531,2022-05-08
110532,2022-05-08
110533,2022-05-08
110534,2022-05-08
110535,2022-05-08
110536,2022-05-08
110537,2022-05-08
110538,2022-05-08
110539,2022-05-08
110540,2022-05-08
110541,2022-05-08
110542,2022-05-08
110543,2022-05-08
110544,2022-05-08
110545,2022-05-08
110546,2022-05-08
110547,2022-05-08
110548,2022-05-08
110549,2022-05-08
110550,2022-05-08
110551,2022-05-08
110552,2022-05-08
110553,2022-05-08
110554,2022-05-08
110555,2022-05-08
110556,2022-05-08
110557,2022-05-08
110558,2022-05-08
110559,2022-05-08
110560,2022-05-08
110561,2022-05-08
110562,2022-05-08
110563,2022-05-08
110564,2022-05-08
110565,2022-05-08
110566,2022-05-08
110567,2022-05-08
110568,2022-05-08
110569,2022-05-08
110570,2022-05-08
110571,2022-05-08
110572,2022-05-08
110573,2022-05-08
110574,2022-05-08
110575,2022-05-08
110577,2022-05-08
110578,2022-05-08
110579,2022-05-08
110580,2022-05-08
110581,2022-05-08
110582,2022-05-08
110583,2022-05-08
110584,2022-05-08
110585,2022-05-08
110586,2022-05-08
110587,2022-05-08
110589,2022-05-08
110590,2022-05-08
110591,2022-05-08
110592,2022-05-08
110593,2022-05-08
110594,2022-05-08
110595,2022-05-08
110596,2022-05-08
110597,2022-05-08
110598,2022-05-08
110599,2022-05-08
110600,2022-05-08
110601,2022-05-08
110602,2022-05-08
110603,2022-05-08
110604,2022-05-09
110605,2022-05-09
110606,2022-05-09
110607,2022-05-09
110608,2022-05-09
110609,2022-05-09
110610,2022-05-09
110612,2022-05-09
110613,2022-05-09
110614,2022-05-09
110615,2022-05-09
110616,2022-05-09
110617,2022-05-09
110618,2022-05-09
110619,2022-05-09
110620,2022-05-09
110621,2022-05-09
110622,2022-05-09
110623,2022-05-09
110624,2022-05-09
110625,2022-05-09
110626,2022-05-09
110627,2022-05-09
110628,2022-05-09
110629,2022-05-09
110630,2022-05-09
110631,2022-05-09
110632,2022-05-09
110633,2022-05-09
110634,2022-05-09
110635,2022-05-09
110636,2022-05-09
110637,2022-05-09
110638,2022-05-09
110639,2022-05-09
110640,2022-05-09
110641,2022-05-09
110642,2022-05-09
110643,2022-05-09
110644,2022-05-09
110645,2022-05-09
110646,2022-05-09
110647,2022-05-09
110648,2022-05-09
110649,2022-05-09
110650,2022-05-09
110651,2022-05-09
110652,2022-05-09
110653,2022-05-09
110654,2022-05-09
110655,2022-05-09
110656,2022-05-09
110657,2022-05-09
110658,2022-05-09
110659,2022-05-09
110660,2022-05-09
110661,2022-05-09
110662,2022-05-09
110663,2022-05-09
110664,2022-05-09
110665,2022-05-09
110666,2022-05-09
110667,2022-05-09
110668,2022-05-09
110669,2022-05-09
110670,2022-05-09
110671,2022-05-09
110672,2022-05-09
110673,2022-05-09
110674,2022-05-09
110675,2022-05-09
110676,2022-05-09
110677,2022-05-09
110678,2022-05-09
110679,2022-05-09
110680,2022-05-09
110681,2022-05-10
110682,2022-05-10
110683,2022-05-10
110684,2022-05-10
110685,2022-05-10
110687,2022-05-10
110688,2022-05-10
110689,2022-05-10
110690,2022-05-10
110691,2022-05-10
110692,2022-05-10
110693,2022-05-10
110694,2022-05-10
110695,2022-05-10
110696,2022-05-10
110697,2022-05-10
110698,2022-05-10
110699,2022-05-10
110700,2022-05-10
110701,2022-05-10
110702,2022-05-10
110703,2022-05-10
110704,2022-05-10
110705,2022-05-10
110706,2022-05-10
110707,2022-05-10
110708,2022-05-10
110709,2022-05-10
110710,2022-05-10
110711,2022-05-10
110712,2022-05-10
110713,2022-05-10
110714,2022-05-10
110715,2022-05-10
110716,2022-05-10
110717,2022-05-10
110718,2022-05-10
110719,2022-05-10
110720,2022-05-10
110721,2022-05-10
110722,2022-05-10
110723,2022-05-10
110724,2022-05-10
110725,2022-05-10
110726,2022-05-10
110727,2022-05-10
110728,2022-05-10
110729,2022-05-10
110730,2022-05-10
110731,2022-05-10
110732,2022-05-10
110733,2022-05-10
110734,2022-05-10
110735,2022-05-10
110736,2022-05-10
110737,2022-05-10
110738,2022-05-10
110739,2022-05-10
110740,2022-05-10
110741,2022-05-10
110742,2022-05-10
110743,2022-05-10
110744,2022-05-10
110745,2022-05-10
110746,2022-05-10
110747,2022-05-10
110748,2022-05-10
110749,2022-05-11
110750,2022-05-11
110752,2022-05-11
110753,2022-05-11
110754,2022-05-11
110755,2022-05-11
110756,2022-05-11
110757,2022-05-11
110758,2022-05-11
110761,2022-05-11
110762,2022-05-11
110763,2022-05-11
110764,2022-05-11
110765,2022-05-11
110766,2022-05-11
110767,2022-05-11
110768,2022-05-11
110769,2022-05-11
110770,2022-05-11
110771,2022-05-11
110772,2022-05-11
110773,2022-05-11
110774,2022-05-11
110775,2022-05-11
110776,2022-05-11
110777,2022-05-11
110778,2022-05-11
110779,2022-05-11
110780,2022-05-11
110781,2022-05-11
110782,2022-05-11
110783,2022-05-11
110784,2022-05-11
110785,2022-05-11
110786,2022-05-11
110787,2022-05-11
110788,2022-05-11
110789,2022-05-11
110790,2022-05-11
110791,2022-05-11
110792,2022-05-11
110793,2022-05-11
110794,2022-05-11
110795,2022-05-11
110796,2022-05-11
110797,2022-05-23
110798,2022-05-23
110799,2022-05-23
110800,2022-05-23
110801,2022-05-23
110802,2022-05-23
110803,2022-05-23
110804,2022-05-23
110805,2022-05-23
110806,2022-05-23
110807,2022-05-23
110808,2022-05-23
110809,2022-05-23
110810,2022-05-24
110811,2022-05-24
110812,2022-05-24
110813,2022-05-24
110815,2022-05-24
110816,2022-05-25
110817,2022-05-25
110818,2022-05-25
110819,2022-05-25
110820,2022-05-25
110822,2022-05-25
110823,2022-05-25
110824,2022-05-25
110825,2022-05-25
110826,2022-05-25
110827,2022-05-25
110828,2022-05-25
110829,2022-05-25
110830,2022-05-25
110831,2022-05-25
110832,2022-05-25
110833,2022-05-25
110834,2022-05-25
110835,2022-05-25
110836,2022-05-25
110837,2022-05-25
110838,2022-05-25
110839,2022-05-25
110840,2022-05-25
110841,2022-05-25
110842,2022-05-25
110843,2022-05-25
110845,2022-05-25
110846,2022-05-25
110847,2022-05-25
110848,2022-05-25
110849,2022-05-25
110850,2022-05-25
110851,2022-05-25
110852,2022-05-25
110853,2022-05-25
110854,2022-05-25
110855,2022-05-25
110856,2022-05-25
110857,2022-05-25
110858,2022-05-25
110860,2022-05-25
110861,2022-05-25
110862,2022-05-25
110863,2022-05-25
110864,2022-05-25
110865,2022-05-25
110866,2022-05-25
110867,2022-05-25
110868,2022-05-25
110869,2022-05-25
110870,2022-05-25
110871,2022-05-25
110872,2022-05-25
110873,2022-05-25
110874,2022-05-25
110876,2022-05-25
110877,2022-05-25
110878,2022-05-25
110879,2022-05-25
110880,2022-05-25
110881,2022-05-25
110882,2022-05-25
110883,2022-05-25
110884,2022-05-25
110885,2022-05-25
110886,2022-05-25
110887,2022-05-25
110888,2022-05-25
110889,2022-05-25
110890,2022-05-25
110891,2022-05-25
110892,2022-05-25
110893,2022-05-25
110894,2022-05-25
110895,2022-05-25
110896,2022-05-25
110897,2022-05-25
110898,2022-05-25
110899,2022-05-25
110900,2022-05-25
110901,2022-05-25
110902,2022-05-25
110903,2022-05-25
110904,2022-05-25
110905,2022-05-25
110906,2022-05-25
110907,2022-05-25
110908,2022-05-25
110909,2022-05-25
110910,2022-05-25
110911,2022-05-25
110912,2022-05-25
110913,2022-05-25
110914,2022-05-25
110915,2022-05-25
110916,2022-05-25
110917,2022-05-25
110918,2022-05-25
110919,2022-05-25
110920,2022-05-25
110921,2022-05-25
110922,2022-05-25
110924,2022-05-26
110925,2022-05-26
110926,2022-05-26
110927,2022-05-26
110928,2022-05-26
110929,2022-05-26
110930,2022-05-26
110932,2022-05-26
110933,2022-05-26
110934,2022-05-26
110935,2022-05-26
110936,2022-05-26
110937,2022-05-26
110938,2022-05-26
110939,2022-05-26
110940,2022-05-26
110941,2022-05-26
110942,2022-05-26
110943,2022-05-26
110944,2022-05-26
110945,2022-05-26
110946,2022-05-26
110947,2022-05-26
110948,2022-05-26
110950,2022-05-26
110951,2022-05-26
110952,2022-05-26
110953,2022-05-26
110954,2022-05-26
110956,2022-05-26
110957,2022-05-26
110958,2022-05-26
110959,2022-05-26
110960,2022-05-26
110961,2022-05-26
110962,2022-05-26
110963,2022-05-26
110964,2022-05-26
110965,2022-05-26
110966,2022-05-26
110967,2022-05-26
110968,2022-05-26
110969,2022-05-26
110970,2022-05-26
110971,2022-05-26
110973,2022-05-26
110974,2022-05-26
110975,2022-05-26
110976,2022-05-26
110977,2022-05-26
110978,2022-05-26
110979,2022-05-26
110980,2022-05-26
110981,2022-05-26
110982,2022-05-26
110983,2022-05-26
110984,2022-05-26
110985,2022-05-26
110986,2022-05-26
110987,2022-05-26
110988,2022-05-26
110989,2022-05-26
110990,2022-05-26
110991,2022-05-26
110992,2022-05-26
110993,2022-05-26
110994,2022-05-26
110995,2022-05-26
110998,2022-05-26
110999,2022-05-26
111000,2022-05-26
111001,2022-05-26
111002,2022-05-26
111003,2022-05-26
111004,2022-05-26
111005,2022-05-26
111006,2022-05-26
111007,2022-05-26
111008,2022-05-26
111009,2022-05-26
111010,2022-05-26
111011,2022-05-26
111012,2022-05-26
111013,2022-05-26
111014,2022-05-26
111015,2022-05-26
111016,2022-05-26
111017,2022-05-26
111018,2022-05-26
111019,2022-05-26
111020,2022-05-26
111021,2022-05-26
111022,2022-05-26
111023,2022-05-26
111027,2022-05-26
111028,2022-05-26
111029,2022-05-26
111030,2022-05-26
111031,2022-05-26
111032,2022-05-26
111033,2022-05-26
111034,2022-05-26
111035,2022-05-26
111036,2022-05-26
111037,2022-05-26
111038,2022-05-26
111039,2022-05-26
111040,2022-05-26
111041,2022-05-26
111042,2022-05-26
111043,2022-05-26
111044,2022-05-26
111045,2022-05-26
111046,2022-05-26
111047,2022-05-26
111048,2022-05-26
111049,2022-05-26
111050,2022-05-26
111051,2022-05-26
111052,2022-05-26
111053,2022-05-26
111054,2022-05-26
111055,2022-05-26
111056,2022-05-26
111057,2022-05-27
111058,2022-05-27
111059,2022-05-27
111060,2022-05-27
111061,2022-05-27
111062,2022-05-27
111064,2022-05-27
111065,2022-05-27
111066,2022-05-27
111067,2022-05-27
111068,2022-05-27
111069,2022-05-27
111070,2022-05-27
111071,2022-05-27
111072,2022-05-27
111073,2022-05-27
111074,2022-05-27
111075,2022-05-27
111076,2022-05-27
111077,2022-05-27
111078,2022-05-27
111079,2022-05-27
111080,2022-05-27
111081,2022-05-27
111082,2022-05-27
111083,2022-05-27
111084,2022-05-27
111085,2022-05-27
111086,2022-05-27
111087,2022-05-27
111088,2022-05-27
111089,2022-05-27
111091,2022-05-27
111092,2022-05-27
111093,2022-05-27
111094,2022-05-27
111095,2022-05-27
111096,2022-05-27
111097,2022-05-27
111098,2022-05-27
111099,2022-05-27
111100,2022-05-27
111101,2022-05-27
111102,2022-05-27
111103,2022-05-27
111104,2022-05-27
111105,2022-05-27
111106,2022-05-27
111107,2022-05-27
111108,2022-05-27
111109,2022-05-27
111110,2022-05-27
111111,2022-05-27
111112,2022-05-27
111113,2022-05-27
111114,2022-05-27
111115,2022-05-27
111116,2022-05-27
111117,2022-05-27
111118,2022-05-27
111119,2022-05-27
111120,2022-05-27
111121,2022-05-27
111122,2022-05-27
111123,2022-05-27
111124,2022-05-27
111125,2022-05-27
111126,2022-05-27
111127,2022-05-27
111128,2022-05-27
111129,2022-05-27
111130,2022-05-27
111131,2022-05-27
111132,2022-05-27
111133,2022-05-27
111134,2022-05-27
111135,2022-05-27
111136,2022-05-27
111137,2022-05-27
111138,2022-05-27
111139,2022-05-27
111140,2022-05-27
111141,2022-05-27
111142,2022-05-27
111143,2022-05-27
111144,2022-05-27
111145,2022-05-27
111146,2022-05-27
111147,2022-05-27
111148,2022-05-27
111149,2022-05-27
111150,2022-05-27
111151,2022-05-27
111152,2022-05-27
111153,2022-05-27
111154,2022-05-27
111155,2022-05-27
111156,2022-05-27
111157,2022-05-27
111158,2022-05-27
111159,2022-05-27
111160,2022-05-27
111161,2022-05-27
111162,2022-05-27
111163,2022-05-27
111164,2022-05-27
111165,2022-05-27
111166,2022-05-27
111167,2022-05-27
111168,2022-05-27
111169,2022-05-27
111170,2022-05-27
111171,2022-05-27
111172,2022-05-27
111173,2022-05-27
111174,2022-05-27
111175,2022-05-27
111176,2022-05-27
111177,2022-05-27
111178,2022-05-27
111179,2022-05-27
111180,2022-05-27
111181,2022-05-27
111182,2022-05-27
111183,2022-05-27
111184,2022-05-27
111185,2022-05-27
111186,2022-05-27
111187,2022-05-27
111188,2022-05-27
111189,2022-05-27
111190,2022-05-27
111191,2022-05-28
111192,2022-05-28
111193,2022-05-28
111194,2022-05-28
111196,2022-05-28
111197,2022-05-28
111198,2022-05-28
111199,2022-05-28
111200,2022-05-28
111201,2022-05-28
111202,2022-05-28
111203,2022-05-28
111204,2022-05-28
111205,2022-05-28
111206,2022-05-28
111207,2022-05-28
111208,2022-05-28
111209,2022-05-28
111210,2022-05-28
111211,2022-05-28
111212,2022-05-28
111213,2022-05-28
111214,2022-05-28
111215,2022-05-28
111216,2022-05-28
111217,2022-05-28
111218,2022-05-28
111219,2022-05-28
111220,2022-05-28
111221,2022-05-28
111222,2022-05-28
111223,2022-05-28
111224,2022-05-28
111225,2022-05-28
111226,2022-05-28
111227,2022-05-28
111228,2022-05-28
111229,2022-05-28
111230,2022-05-28
111232,2022-05-28
111233,2022-05-28
111234,2022-05-28
111235,2022-05-28
111236,2022-05-28
111237,2022-05-28
111238,2022-05-28
111239,2022-05-28
111240,2022-05-28
111241,2022-05-28
111242,2022-05-28
111243,2022-05-28
111244,2022-05-28
111245,2022-05-28
111246,2022-05-28
111247,2022-05-28
111248,2022-05-28
111249,2022-05-28
111250,2022-05-28
111251,2022-05-28
111252,2022-05-28
111253,2022-05-28
111254,2022-05-28
111255,2022-05-28
111256,2022-05-28
111257,2022-05-28
111258,2022-05-28
111259,2022-05-28
111260,2022-05-28
111261,2022-05-28
111262,2022-05-28
111263,2022-05-28
111264,2022-05-28
111265,2022-05-28
111266,2022-05-28
111267,2022-05-28
111268,2022-05-28
111269,2022-05-28
111270,2022-05-28
111271,2022-05-28
111272,2022-05-28
111273,2022-05-28
111274,2022-05-28
111275,2022-05-28
111276,2022-05-28
111277,2022-05-28
111278,2022-05-28
111279,2022-05-28
111280,2022-05-28
111281,2022-05-28
111282,2022-05-28
111283,2022-05-28
111284,2022-05-28
111285,2022-05-28
111286,2022-05-28
111288,2022-05-28
111289,2022-05-28
111290,2022-05-28
111291,2022-05-28
111292,2022-05-28
111293,2022-05-28
111294,2022-05-28
111295,2022-05-28
111296,2022-05-28
111297,2022-05-28
111298,2022-05-28
111299,2022-05-28
111300,2022-05-28
111301,2022-05-28
111302,2022-05-28
111303,2022-05-28
111304,2022-05-28
111305,2022-05-28
111306,2022-05-28
111307,2022-05-28
111308,2022-05-28
111309,2022-05-28
111310,2022-05-28
111311,2022-05-28
111312,2022-05-28
111313,2022-05-28
111314,2022-05-28
111315,2022-05-28
111316,2022-05-28
111317,2022-05-28
111318,2022-05-28
111319,2022-05-28
111320,2022-05-28
111321,2022-05-29
111322,2022-05-29
111323,2022-05-29
111324,2022-05-29
111325,2022-05-29
111327,2022-05-29
111328,2022-05-29
111329,2022-05-29
111330,2022-05-29
111331,2022-05-29
111332,2022-05-29
111333,2022-05-29
111334,2022-05-29
111335,2022-05-29
111336,2022-05-29
111337,2022-05-29
111338,2022-05-29
111339,2022-05-29
111340,2022-05-29
111341,2022-05-29
111343,2022-05-29
111344,2022-05-29
111345,2022-05-29
111346,2022-05-29
111347,2022-05-29
111348,2022-05-29
111349,2022-05-29
111350,2022-05-29
111351,2022-05-29
111352,2022-05-29
111353,2022-05-29
111355,2022-05-29
111356,2022-05-29
111357,2022-05-29
111358,2022-05-29
111359,2022-05-29
111360,2022-05-29
111361,2022-05-29
111362,2022-05-29
111363,2022-05-29
111364,2022-05-29
111365,2022-05-29
111366,2022-05-29
111367,2022-05-29
111368,2022-05-29
111369,2022-05-29
111370,2022-05-29
111371,2022-05-29
111372,2022-05-29
111373,2022-05-29
111374,2022-05-29
111375,2022-05-29
111376,2022-05-29
111377,2022-05-29
111378,2022-05-29
111379,2022-05-29
111380,2022-05-29
111381,2022-05-29
111382,2022-05-29
111383,2022-05-29
111384,2022-05-29
111385,2022-05-29
111386,2022-05-29
111387,2022-05-29
111388,2022-05-29
111389,2022-05-29
111390,2022-05-29
111391,2022-05-29
111392,2022-05-29
111393,2022-05-29
111394,2022-05-29
111395,2022-05-29
111396,2022-05-29
111397,2022-05-29
111398,2022-05-29
111399,2022-05-29
111400,2022-05-29
111401,2022-05-29
111402,2022-05-29
111403,2022-05-29
111404,2022-05-29
111405,2022-05-29
111406,2022-05-29
111407,2022-05-29
111408,2022-05-29
111409,2022-05-29
111410,2022-05-29
111411,2022-05-29
111412,2022-05-29
111413,2022-05-29
111414,2022-05-29
111415,2022-05-29
111416,2022-05-29
111417,2022-05-29
111418,2022-05-29
111420,2022-05-29
111421,2022-05-29
111422,2022-05-29
111423,2022-05-29
111424,2022-05-29
111425,2022-05-29
111426,2022-05-29
111427,2022-05-29
111428,2022-05-29
111429,2022-05-29
111430,2022-05-29
111431,2022-05-29
111432,2022-05-29
111433,2022-05-29
111434,2022-05-29
111435,2022-05-29
111436,2022-05-29
111437,2022-05-29
111438,2022-05-29
111439,2022-05-29
111440,2022-05-29
111441,2022-05-29
111442,2022-05-29
111443,2022-05-29
111444,2022-05-29
111445,2022-05-29
111446,2022-05-29
111447,2022-05-29
111448,2022-05-29
111449,2022-05-29
111450,2022-05-29
111451,2022-05-29
111452,2022-05-29
111453,2022-05-29
111454,2022-05-29
111455,2022-05-29
111456,2022-05-29
111457,2022-05-29
111458,2022-05-29
111459,2022-05-29
111460,2022-05-29
111461,2022-05-29
111462,2022-05-29
111463,2022-05-29
111464,2022-05-29
111465,2022-05-29
111466,2022-05-29
111467,2022-05-29
111468,2022-05-29
111469,2022-05-29
111470,2022-05-30
111471,2022-05-30
111472,2022-05-30
111473,2022-05-30
111474,2022-05-30
111475,2022-05-30
111477,2022-05-30
111478,2022-05-30
111479,2022-05-30
111480,2022-05-30
111481,2022-05-30
111483,2022-05-30
111484,2022-05-30
111485,2022-05-30
111486,2022-05-30
111487,2022-05-30
111489,2022-05-30
111490,2022-05-30
111491,2022-05-30
111492,2022-05-30
111493,2022-05-30
111494,2022-05-30
111495,2022-05-30
111496,2022-05-30
111497,2022-05-30
111498,2022-05-30
111499,2022-05-30
111500,2022-05-30
111501,2022-05-30
111502,2022-05-30
111503,2022-05-30
111504,2022-05-30
111505,2022-05-30
111506,2022-05-30
111507,2022-05-30
111508,2022-05-30
111509,2022-05-30
111510,2022-05-30
111511,2022-05-30
111512,2022-05-30
111513,2022-05-30
111514,2022-05-30
111515,2022-05-30
111516,2022-05-30
111517,2022-05-30
111518,2022-05-30
111519,2022-05-30
111520,2022-05-30
111521,2022-05-30
111522,2022-05-30
111523,2022-05-30
111524,2022-05-30
111525,2022-05-30
111526,2022-05-30
111527,2022-05-30
111528,2022-05-30
111529,2022-05-30
111530,2022-05-30
111531,2022-05-30
111532,2022-05-30
111533,2022-05-30
111534,2022-05-30
111536,2022-05-30
111537,2022-05-30
111538,2022-05-30
111539,2022-05-30
111540,2022-05-30
111541,2022-05-30
111542,2022-05-30
111543,2022-05-30
111544,2022-05-30
111545,2022-05-30
111546,2022-05-30
111547,2022-05-30
111548,2022-05-30
111549,2022-05-30
111550,2022-05-30
111551,2022-05-30
111552,2022-05-30
111553,2022-05-30
111554,2022-05-30
111555,2022-05-30
111556,2022-05-30
111557,2022-05-30
111558,2022-05-30
111559,2022-05-30
111560,2022-05-30
111561,2022-05-30
111562,2022-05-30
111563,2022-05-30
111564,2022-05-30
111565,2022-05-30
111566,2022-05-30
111567,2022-05-30
111568,2022-05-30
111569,2022-05-30
111570,2022-05-30
111571,2022-05-30
111573,2022-05-30
111574,2022-05-30
111575,2022-05-30
111576,2022-05-30
111577,2022-05-30
111578,2022-05-30
111579,2022-05-30
111580,2022-05-30
111581,2022-05-30
111582,2022-05-30
111583,2022-05-30
111584,2022-05-30
111585,2022-05-30
111586,2022-05-30
111587,2022-05-30
111588,2022-05-30
111589,2022-05-30
111590,2022-05-30
111591,2022-05-30
111592,2022-05-30
111593,2022-05-30
111594,2022-05-30
111595,2022-05-30
111596,2022-05-30
111597,2022-05-30
111598,2022-05-30
111599,2022-05-30
111600,2022-05-30
111601,2022-05-30
111602,2022-05-30
111603,2022-05-30
111604,2022-05-30
111605,2022-05-30
111606,2022-05-30
111607,2022-05-30
111608,2022-05-30
111609,2022-05-30
111610,2022-05-30
111611,2022-05-30
111612,2022-05-30
111613,2022-05-30
111614,2022-05-30
111615,2022-05-30
111616,2022-05-30
111617,2022-05-30
111618,2022-05-31
111619,2022-05-31
111620,2022-05-31
111621,2022-05-31
111622,2022-05-31
111623,2022-05-31
111625,2022-05-31
111626,2022-05-31
111627,2022-05-31
111628,2022-05-31
111629,2022-05-31
111630,2022-05-31
111631,2022-05-31
111632,2022-05-31
111633,2022-05-31
111634,2022-05-31
111635,2022-05-31
111636,2022-05-31
111637,2022-05-31
111638,2022-05-31
111639,2022-05-31
111640,2022-05-31
111641,2022-05-31
111642,2022-05-31
111643,2022-05-31
111644,2022-05-31
111645,2022-05-31
111646,2022-05-31
111647,2022-05-31
111648,2022-05-31
111649,2022-05-31
111650,2022-05-31
111651,2022-05-31
111652,2022-05-31
111653,2022-05-31
111654,2022-05-31
111655,2022-05-31
111656,2022-05-31
111657,2022-05-31
111658,2022-05-31
111659,2022-05-31
111660,2022-05-31
111661,2022-05-31
111662,2022-05-31
111663,2022-05-31
111664,2022-05-31
111665,2022-05-31
111666,2022-05-31
111667,2022-05-31
111668,2022-05-31
111669,2022-05-31
111670,2022-05-31
111671,2022-05-31
111672,2022-05-31
111673,2022-05-31
111674,2022-05-31
111675,2022-05-31
111676,2022-05-31
111677,2022-05-31
111678,2022-05-31
111679,2022-05-31
111680,2022-05-31
111681,2022-05-31
111682,2022-05-31
111683,2022-05-31
111684,2022-05-31
111685,2022-05-31
111686,2022-05-31
111687,2022-05-31
111688,2022-05-31
111689,2022-05-31
111690,2022-05-31
111691,2022-05-31
111692,2022-05-31
111693,2022-05-31
111694,2022-05-31
111695,2022-05-31
111696,2022-05-31
111697,2022-05-31
111698,2022-05-31
111699,2022-05-31
111700,2022-05-31
111701,2022-05-31
111702,2022-05-31
111703,2022-05-31
111704,2022-05-31
111705,2022-05-31
111706,2022-05-31
111707,2022-05-31
111708,2022-05-31
111709,2022-05-31
111710,2022-05-31
111711,2022-05-31
111712,2022-05-31
111713,2022-06-01
111714,2022-06-01
111715,2022-06-01
111716,2022-06-01
111718,2022-06-01
111719,2022-06-01
111720,2022-06-01
111721,2022-06-01
111722,2022-06-01
111723,2022-06-01
111724,2022-06-01
111725,2022-06-01
111726,2022-06-01
111727,2022-06-01
111728,2022-06-01
111729,2022-06-01
111730,2022-06-01
111731,2022-06-01
111732,2022-06-01
111733,2022-06-01
111734,2022-06-01
111735,2022-06-01
111736,2022-06-01
111737,2022-06-01
111738,2022-06-01
111739,2022-06-01
111740,2022-06-01
111741,2022-06-01
111742,2022-06-01
111743,2022-06-01
111744,2022-06-01
111745,2022-06-01
111746,2022-06-01
111747,2022-06-01
111748,2022-06-01
111749,2022-06-01
111750,2022-06-01
111751,2022-06-01
111752,2022-06-01
111753,2022-06-01
111754,2022-06-01
111755,2022-06-01
111756,2022-06-01
111757,2022-06-01
111758,2022-06-01
111759,2022-06-01
111760,2022-06-01
111761,2022-06-01
111762,2022-06-01
111763,2022-06-01
111764,2022-06-01
111765,2022-06-01
111766,2022-06-01
111767,2022-06-01
111768,2022-06-01
111769,2022-06-01
111770,2022-06-01
111771,2022-06-01
111772,2022-06-01
111773,2022-06-01
111774,2022-06-01
111775,2022-06-01
111776,2022-06-01
111777,2022-06-01
111778,2022-06-01
111779,2022-06-01
111780,2022-06-01
111781,2022-06-01
111782,2022-06-01
111783,2022-06-01
111784,2022-06-01
111785,2022-06-01
111786,2022-06-01
111787,2022-06-01
111788,2022-06-01
111789,2022-06-01
111790,2022-06-01
111791,2022-06-01
111792,2022-06-01
111793,2022-06-01
111794,2022-06-01
111795,2022-06-01
111796,2022-06-01
111797,2022-06-01
111798,2022-06-01
111799,2022-06-01
111800,2022-06-02
111801,2022-06-02
111802,2022-06-02
111803,2022-06-02
111804,2022-06-02
111806,2022-06-02
111807,2022-06-02
111808,2022-06-02
111809,2022-06-02
111810,2022-06-02
111811,2022-06-02
111812,2022-06-02
111813,2022-06-02
111814,2022-06-02
111816,2022-06-02
111817,2022-06-02
111818,2022-06-02
111819,2022-06-02
111820,2022-06-02
111821,2022-06-02
111822,2022-06-02
111823,2022-06-02
111824,2022-06-02
111825,2022-06-02
111826,2022-06-02
111827,2022-06-02
111828,2022-06-02
111829,2022-06-02
111830,2022-06-02
111831,2022-06-02
111832,2022-06-02
111833,2022-06-02
111834,2022-06-02
111835,2022-06-02
111836,2022-06-02
111837,2022-06-02
111838,2022-06-02
111839,2022-06-02
111840,2022-06-02
111841,2022-06-02
111842,2022-06-02
111843,2022-06-02
111844,2022-06-02
111845,2022-06-02
111846,2022-06-02
111847,2022-06-02
111848,2022-06-02
111849,2022-06-02
111850,2022-06-02
111851,2022-06-02
111852,2022-06-02
111853,2022-06-02
111854,2022-06-02
111855,2022-06-02
111856,2022-06-02
111857,2022-06-02
111858,2022-06-02
111859,2022-06-02
111860,2022-06-02
111861,2022-06-02
111862,2022-06-02
111863,2022-06-02
111864,2022-06-02
111865,2022-06-02
111866,2022-06-02
111867,2022-06-02
111868,2022-06-02
111869,2022-06-02
111870,2022-06-02
111871,2022-06-02
111872,2022-06-02
111873,2022-06-02
111874,2022-06-02
111875,2022-06-02
111876,2022-06-02
111877,2022-06-04
111878,2022-06-04
111879,2022-06-04
111880,2022-06-04
111881,2022-06-04
111883,2022-06-04
111884,2022-06-04
111885,2022-06-04
111886,2022-06-04
111887,2022-06-04
111888,2022-06-04
111889,2022-06-04
111890,2022-06-04
111891,2022-06-04
111892,2022-06-04
111893,2022-06-04
111894,2022-06-04
111895,2022-06-04
111896,2022-06-04
111897,2022-06-04
111898,2022-06-04
111899,2022-06-04
111900,2022-06-04
111901,2022-06-04
111902,2022-06-04
111903,2022-06-04
111904,2022-06-04
111905,2022-06-04
111906,2022-06-04
111907,2022-06-04
111908,2022-06-04
111909,2022-06-04
111911,2022-06-04
111912,2022-06-04
111913,2022-06-04
111914,2022-06-04
111915,2022-06-04
111916,2022-06-04
111917,2022-06-04
111918,2022-06-04
111919,2022-06-04
111920,2022-06-04
111921,2022-06-04
111922,2022-06-04
111923,2022-06-04
111924,2022-06-04
111925,2022-06-04
111926,2022-06-04
111927,2022-06-04
111928,2022-06-04
111929,2022-06-04
111930,2022-06-04
111931,2022-06-04
111932,2022-06-04
111933,2022-06-04
111934,2022-06-04
111935,2022-06-04
111936,2022-06-04
111937,2022-06-04
111938,2022-06-04
111939,2022-06-04
111940,2022-06-04
111942,2022-06-04
111943,2022-06-04
111944,2022-06-04
111945,2022-06-04
111946,2022-06-04
111947,2022-06-04
111948,2022-06-05
111949,2022-06-05
111950,2022-06-05
111951,2022-06-05
111952,2022-06-05
111953,2022-06-05
111954,2022-06-05
111956,2022-06-05
111957,2022-06-05
111958,2022-06-05
111959,2022-06-05
111960,2022-06-05
111961,2022-06-05
111962,2022-06-05
111963,2022-06-05
111964,2022-06-05
111965,2022-06-05
111966,2022-06-05
111967,2022-06-05
111968,2022-06-05
111969,2022-06-05
111970,2022-06-05
111971,2022-06-05
111972,2022-06-05
111973,2022-06-05
111974,2022-06-05
111975,2022-06-05
111976,2022-06-05
111977,2022-06-05
111978,2022-06-05
111979,2022-06-05
111980,2022-06-05
111981,2022-06-05
111982,2022-06-05
111983,2022-06-05
111984,2022-06-05
111985,2022-06-05
111986,2022-06-05
111987,2022-06-05
111988,2022-06-05
111989,2022-06-05
111990,2022-06-05
111991,2022-06-05
111992,2022-06-05
111993,2022-06-05
111994,2022-06-05
111995,2022-06-05
111996,2022-06-05
111997,2022-06-05
111998,2022-06-05
111999,2022-06-05
112000,2022-06-05
112001,2022-06-05
112002,2022-06-05
112003,2022-06-05
112004,2022-06-05
112005,2022-06-05
112006,2022-06-05
112007,2022-06-05
112008,2022-06-05
112009,2022-06-05
112010,2022-06-05
112011,2022-06-05
112012,2022-06-05
112013,2022-06-05
112014,2022-06-05
112015,2022-06-05
112017,2022-06-05
112018,2022-06-05
112019,2022-06-05
112020,2022-06-05
112021,2022-06-05
112022,2022-06-05
112023,2022-06-05
112024,2022-06-05
112025,2022-06-05
112026,2022-06-05
112027,2022-06-05
112028,2022-06-05
112029,2022-06-05
112030,2022-06-05
112031,2022-06-05
112032,2022-06-05
112033,2022-06-05
112034,2022-06-05
112035,2022-06-05
112037,2022-06-05
112038,2022-06-05
112039,2022-06-05
112040,2022-06-05
112041,2022-06-05
112042,2022-06-05
112043,2022-06-05
112044,2022-06-05
112045,2022-06-05
112046,2022-06-05
112047,2022-06-05
112048,2022-06-05
112049,2022-06-05
112050,2022-06-05
112051,2022-06-05
112052,2022-06-06
112053,2022-06-06
112054,2022-06-06
112055,2022-06-06
112056,2022-06-06
112057,2022-06-06
112059,2022-06-06
112060,2022-06-06
112061,2022-06-06
112062,2022-06-06
112064,2022-06-06
112065,2022-06-06
112066,2022-06-06
112067,2022-06-06
112068,2022-06-06
112069,2022-06-06
112070,2022-06-06
112071,2022-06-06
112072,2022-06-06
112073,2022-06-06
112074,2022-06-06
112075,2022-06-06
112076,2022-06-06
112077,2022-06-06
112078,2022-06-06
112079,2022-06-06
112080,2022-06-06
112081,2022-06-06
112082,2022-06-06
112083,2022-06-06
112084,2022-06-06
112085,2022-06-06
112086,2022-06-06
112087,2022-06-06
112088,2022-06-06
112089,2022-06-06
112090,2022-06-06
112091,2022-06-06
112092,2022-06-06
112093,2022-06-06
112094,2022-06-06
112095,2022-06-06
112096,2022-06-06
112097,2022-06-06
112098,2022-06-06
112099,2022-06-06
112100,2022-06-06
112101,2022-06-06
112102,2022-06-06
112103,2022-06-06
112104,2022-06-06
112105,2022-06-06
112106,2022-06-06
112107,2022-06-06
112108,2022-06-06
112109,2022-06-06
112110,2022-06-06
112111,2022-06-06
112112,2022-06-06
112113,2022-06-06
112114,2022-06-06
112115,2022-06-06
112116,2022-06-06
112117,2022-06-06
112118,2022-06-06
112119,2022-06-06
112120,2022-06-06
112121,2022-06-06
112122,2022-06-06
112123,2022-06-06
112124,2022-06-06
112125,2022-06-06
112126,2022-06-06
112127,2022-06-06
112128,2022-06-06
112129,2022-06-06
112130,2022-06-06
112131,2022-06-06
112132,2022-06-07
112133,2022-06-07
112134,2022-06-07
112135,2022-06-07
112136,2022-06-07
112137,2022-06-07
112139,2022-06-07
112140,2022-06-07
112141,2022-06-07
112142,2022-06-07
112143,2022-06-07
112144,2022-06-07
112145,2022-06-07
112146,2022-06-07
112147,2022-06-07
112148,2022-06-07
112149,2022-06-07
112150,2022-06-07
112151,2022-06-07
112152,2022-06-07
112153,2022-06-07
112154,2022-06-07
112155,2022-06-07
112156,2022-06-07
112157,2022-06-07
112158,2022-06-07
112159,2022-06-07
112160,2022-06-07
112161,2022-06-07
112162,2022-06-07
112163,2022-06-07
112164,2022-06-07
112165,2022-06-07
112166,2022-06-07
112167,2022-06-07
112168,2022-06-07
112169,2022-06-07
112170,2022-06-07
112171,2022-06-07
112172,2022-06-07
112173,2022-06-07
112174,2022-06-07
112175,2022-06-07
112176,2022-06-07
112177,2022-06-07
112178,2022-06-07
112179,2022-06-07
112180,2022-06-07
112181,2022-06-07
112182,2022-06-07
112183,2022-06-07
112184,2022-06-07
112186,2022-06-07
112187,2022-06-07
112188,2022-06-07
112189,2022-06-07
112190,2022-06-07
112191,2022-06-07
112192,2022-06-07
112193,2022-06-07
112195,2022-06-07
112196,2022-06-07
112197,2022-06-07
112198,2022-06-07
112199,2022-06-07
112200,2022-06-07
112201,2022-06-07
112203,2022-06-07
112204,2022-06-07
112205,2022-06-07
112206,2022-06-07
112207,2022-06-07
112208,2022-06-07
112209,2022-06-07
112210,2022-06-07
112211,2022-06-07
112212,2022-06-07
112213,2022-06-07
112214,2022-06-07
112215,2022-06-07
112216,2022-06-07
112217,2022-06-07
112218,2022-06-07
112219,2022-06-07
112220,2022-06-07
112221,2022-06-07
112222,2022-06-07
112223,2022-06-07
112224,2022-06-07
112225,2022-06-07
112226,2022-06-07
112227,2022-06-07
112228,2022-06-07
112229,2022-06-07
112230,2022-06-07
112231,2022-06-07
112232,2022-06-07
112233,2022-06-07
112234,2022-06-07
112235,2022-06-07
112236,2022-06-08
112237,2022-06-08
112238,2022-06-08
112239,2022-06-08
112240,2022-06-08
112241,2022-06-08
112242,2022-06-08
112243,2022-06-08
112244,2022-06-08
112246,2022-06-08
112247,2022-06-08
112248,2022-06-08
112249,2022-06-08
112250,2022-06-08
112251,2022-06-08
112252,2022-06-08
112253,2022-06-08
112254,2022-06-08
112255,2022-06-08
112256,2022-06-08
112257,2022-06-08
112258,2022-06-08
112259,2022-06-08
112260,2022-06-08
112261,2022-06-08
112262,2022-06-08
112263,2022-06-08
112264,2022-06-08
112265,2022-06-08
112266,2022-06-08
112267,2022-06-08
112268,2022-06-08
112269,2022-06-08
112270,2022-06-08
112271,2022-06-08
112272,2022-06-08
112273,2022-06-08
112274,2022-06-08
112275,2022-06-08
112276,2022-06-08
112277,2022-06-08
112278,2022-06-08
112279,2022-06-08
112280,2022-06-08
112282,2022-06-08
112283,2022-06-08
112284,2022-06-08
112285,2022-06-08
112286,2022-06-08
112287,2022-06-08
112288,2022-06-08
112289,2022-06-08
112290,2022-06-08
112291,2022-06-08
112292,2022-06-08
112293,2022-06-08
112294,2022-06-08
112295,2022-06-08
112296,2022-06-08
112297,2022-06-08
112298,2022-06-08
112299,2022-06-08
112300,2022-06-08
112301,2022-06-08
112302,2022-06-08
112303,2022-06-08
112304,2022-06-08
112305,2022-06-08
112306,2022-06-08
112307,2022-06-08
112308,2022-06-08
112309,2022-06-08
112310,2022-06-08
112311,2022-06-08
112312,2022-06-08
112313,2022-06-08
112314,2022-06-08
112315,2022-06-08
112316,2022-06-08
112317,2022-06-08
112318,2022-06-08
112319,2022-06-08
112320,2022-06-08
112321,2022-06-08
112322,2022-06-08
112323,2022-06-08
112324,2022-06-08
112325,2022-06-08
112326,2022-06-08
112327,2022-06-08
112328,2022-06-08
112329,2022-06-09
112330,2022-06-09
112331,2022-06-09
112332,2022-06-09
112333,2022-06-09
112335,2022-06-09
112336,2022-06-09
112337,2022-06-09
112338,2022-06-09
112339,2022-06-09
112340,2022-06-09
112341,2022-06-09
112342,2022-06-09
112343,2022-06-09
112344,2022-06-09
112345,2022-06-09
112346,2022-06-09
112347,2022-06-09
112349,2022-06-09
112350,2022-06-09
112351,2022-06-09
112352,2022-06-09
112353,2022-06-09
112354,2022-06-09
112355,2022-06-09
112356,2022-06-09
112357,2022-06-09
112358,2022-06-09
112359,2022-06-09
112360,2022-06-09
112361,2022-06-09
112362,2022-06-09
112363,2022-06-09
112364,2022-06-09
112365,2022-06-09
112366,2022-06-09
112367,2022-06-09
112368,2022-06-09
112369,2022-06-09
112370,2022-06-09
112371,2022-06-09
112372,2022-06-09
112373,2022-06-09
112374,2022-06-09
112375,2022-06-09
112376,2022-06-09
112379,2022-06-09
112380,2022-06-09
112381,2022-06-09
112382,2022-06-09
112383,2022-06-09
112384,2022-06-09
112385,2022-06-09
112386,2022-06-09
112387,2022-06-09
112388,2022-06-09
112389,2022-06-09
112390,2022-06-09
112391,2022-06-09
112392,2022-06-09
112394,2022-06-09
112395,2022-06-09
112396,2022-06-09
112397,2022-06-09
112398,2022-06-09
112399,2022-06-09
112402,2022-06-09
112403,2022-06-09
112405,2022-06-09
112407,2022-06-09
112408,2022-06-09
112409,2022-06-09
112410,2022-06-09
112411,2022-06-09
112412,2022-06-09
112413,2022-06-09
112414,2022-06-09
112415,2022-06-09
112417,2022-06-09
112419,2022-06-09
112420,2022-06-09
112421,2022-06-09
112422,2022-06-09
112423,2022-06-09
112424,2022-06-09
112425,2022-06-09
112426,2022-06-09
112427,2022-06-09
112428,2022-06-09
112429,2022-06-09
112430,2022-06-09
112431,2022-06-09
112432,2022-06-09
112433,2022-06-09
112434,2022-06-09
112435,2022-06-09
112436,2022-06-09
112437,2022-06-09
112438,2022-06-09
112439,2022-06-09
112440,2022-06-09
112442,2022-06-10
112443,2022-06-10
112444,2022-06-10
112445,2022-06-10
112446,2022-06-10
112448,2022-06-10
112449,2022-06-10
112450,2022-06-10
112451,2022-06-10
112452,2022-06-10
112453,2022-06-10
112454,2022-06-10
112455,2022-06-10
112456,2022-06-10
112457,2022-06-10
112458,2022-06-10
112459,2022-06-10
112460,2022-06-10
112461,2022-06-10
112462,2022-06-10
112463,2022-06-10
112464,2022-06-10
112465,2022-06-10
112466,2022-06-10
112467,2022-06-10
112468,2022-06-10
112469,2022-06-10
112470,2022-06-10
112471,2022-06-10
112472,2022-06-10
112473,2022-06-10
112474,2022-06-10
112475,2022-06-10
112476,2022-06-10
112477,2022-06-10
112478,2022-06-10
112479,2022-06-10
112480,2022-06-10
112481,2022-06-10
112483,2022-06-10
112484,2022-06-10
112485,2022-06-10
112486,2022-06-10
112487,2022-06-10
112488,2022-06-10
112489,2022-06-10
112490,2022-06-10
112491,2022-06-10
112492,2022-06-10
112493,2022-06-10
112494,2022-06-10
112495,2022-06-10
112496,2022-06-10
112497,2022-06-10
112498,2022-06-10
112499,2022-06-10
112500,2022-06-10
112501,2022-06-10
112502,2022-06-10
112504,2022-06-10
112505,2022-06-10
112506,2022-06-10
112507,2022-06-10
112508,2022-06-10
112509,2022-06-10
112510,2022-06-10
112511,2022-06-10
112512,2022-06-10
112513,2022-06-10
112514,2022-06-10
112515,2022-06-10
112516,2022-06-10
112517,2022-06-10
112518,2022-06-10
112519,2022-06-10
112520,2022-06-11
112521,2022-06-11
112522,2022-06-11
112523,2022-06-11
112524,2022-06-11
112526,2022-06-11
112527,2022-06-11
112528,2022-06-11
112529,2022-06-11
112530,2022-06-11
112531,2022-06-11
112532,2022-06-11
112533,2022-06-11
112534,2022-06-11
112535,2022-06-11
112536,2022-06-11
112537,2022-06-11
112538,2022-06-11
112539,2022-06-11
112540,2022-06-11
112541,2022-06-11
112542,2022-06-11
112543,2022-06-11
112544,2022-06-11
112545,2022-06-11
112546,2022-06-11
112548,2022-06-11
112549,2022-06-11
112550,2022-06-11
112551,2022-06-11
112552,2022-06-11
112553,2022-06-11
112554,2022-06-11
112555,2022-06-11
112556,2022-06-11
112557,2022-06-11
112558,2022-06-11
112559,2022-06-11
112560,2022-06-11
112561,2022-06-11
112562,2022-06-11
112563,2022-06-11
112564,2022-06-11
112565,2022-06-11
112566,2022-06-11
112567,2022-06-11
112568,2022-06-11
112569,2022-06-11
112570,2022-06-11
112571,2022-06-11
112572,2022-06-11
112573,2022-06-11
112574,2022-06-11
112575,2022-06-11
112576,2022-06-11
112577,2022-06-11
112578,2022-06-11
112579,2022-06-11
112580,2022-06-11
112581,2022-06-11
112585,2022-06-11
112586,2022-06-11
112587,2022-06-11
112588,2022-06-11
112589,2022-06-11
112590,2022-06-11
112591,2022-06-11
112592,2022-06-11
112593,2022-06-11
112594,2022-06-11
112595,2022-06-11
112596,2022-06-11
112597,2022-06-11
112598,2022-06-11
112599,2022-06-11
112600,2022-06-11
112601,2022-06-11
112602,2022-06-11
112603,2022-06-11
112604,2022-06-13
112605,2022-06-13
112606,2022-06-13
112607,2022-06-13
112609,2022-06-13
112610,2022-06-13
112611,2022-06-13
112612,2022-06-13
112613,2022-06-13
112614,2022-06-13
112615,2022-06-13
112616,2022-06-13
112618,2022-06-13
112619,2022-06-13
112620,2022-06-13
112621,2022-06-13
112622,2022-06-13
112623,2022-06-13
112624,2022-06-13
112625,2022-06-13
112626,2022-06-13
112627,2022-06-13
112628,2022-06-13
112629,2022-06-13
112630,2022-06-13
112631,2022-06-13
112632,2022-06-13
112633,2022-06-13
112634,2022-06-13
112635,2022-06-13
112636,2022-06-13
112637,2022-06-13
112638,2022-06-13
112639,2022-06-13
112640,2022-06-13
112641,2022-06-13
112642,2022-06-13
112643,2022-06-13
112645,2022-06-13
112646,2022-06-13
112647,2022-06-13
112648,2022-06-13
112650,2022-06-13
112651,2022-06-13
112652,2022-06-13
112653,2022-06-13
112654,2022-06-13
112655,2022-06-13
112656,2022-06-13
112657,2022-06-13
112658,2022-06-13
112659,2022-06-13
112660,2022-06-13
112661,2022-06-13
112662,2022-06-13
112663,2022-06-13
112664,2022-06-13
112665,2022-06-13
112666,2022-06-13
112667,2022-06-13
112668,2022-06-13
112669,2022-06-13
112670,2022-06-13
112671,2022-06-13
112672,2022-06-13
112673,2022-06-13
112674,2022-06-13
112675,2022-06-13
112676,2022-06-13
112677,2022-06-13
112678,2022-06-13
112679,2022-06-13
112680,2022-06-13
112681,2022-06-13
112682,2022-06-13
112683,2022-06-13
112684,2022-06-13
112685,2022-06-13
112686,2022-06-13
112687,2022-06-13
112688,2022-06-13
112689,2022-06-13
112690,2022-06-13
112691,2022-06-13
112692,2022-06-13
112693,2022-06-13
112694,2022-06-13
112695,2022-06-14
112696,2022-06-14
112697,2022-06-14
112698,2022-06-14
112700,2022-06-14
112701,2022-06-14
112702,2022-06-14
112704,2022-06-14
112705,2022-06-14
112706,2022-06-14
112707,2022-06-14
112708,2022-06-14
112709,2022-06-14
112710,2022-06-14
112711,2022-06-14
112712,2022-06-14
112713,2022-06-14
112714,2022-06-14
112715,2022-06-14
112716,2022-06-14
112717,2022-06-14
112718,2022-06-14
112719,2022-06-14
112720,2022-06-14
112721,2022-06-14
112722,2022-06-14
112723,2022-06-14
112724,2022-06-14
112725,2022-06-14
112726,2022-06-14
112727,2022-06-14
112728,2022-06-14
112729,2022-06-14
112730,2022-06-14
112731,2022-06-14
112732,2022-06-14
112733,2022-06-14
112734,2022-06-14
112735,2022-06-14
112736,2022-06-14
112737,2022-06-14
112738,2022-06-14
112739,2022-06-14
112740,2022-06-14
112741,2022-06-14
112742,2022-06-14
112743,2022-06-14
112744,2022-06-14
112745,2022-06-14
112746,2022-06-14
112747,2022-06-14
112748,2022-06-14
112749,2022-06-14
112750,2022-06-14
112751,2022-06-14
112752,2022-06-14
112753,2022-06-14
112754,2022-06-14
112755,2022-06-14
112756,2022-06-14
112757,2022-06-14
112758,2022-06-14
112759,2022-06-14
112760,2022-06-14
112761,2022-06-14
112762,2022-06-14
112763,2022-06-14
112766,2022-06-14
112767,2022-06-14
112768,2022-06-14
112769,2022-06-14
112770,2022-06-14
112771,2022-06-14
112772,2022-06-14
112773,2022-06-14
112774,2022-06-14
112775,2022-06-14
112776,2022-06-14
112777,2022-06-14
112778,2022-06-14
112779,2022-06-14
112783,2022-06-14
112784,2022-06-14
112785,2022-06-14
112786,2022-06-14
112787,2022-06-14
112788,2022-06-14
112789,2022-06-14
112790,2022-06-14
112791,2022-06-14
112792,2022-06-14
112793,2022-06-14
112794,2022-06-14
112795,2022-06-14
112796,2022-06-14
112797,2022-06-14
112798,2022-06-14
112799,2022-06-14
112800,2022-06-14
112801,2022-06-14
112802,2022-06-14
112803,2022-06-14
112804,2022-06-14
112805,2022-06-14
112806,2022-06-14
112807,2022-06-14
112808,2022-06-14
112809,2022-06-14
112810,2022-06-14
112811,2022-06-14
112812,2022-06-14
112813,2022-06-14
112814,2022-06-14
112815,2022-06-14
112816,2022-06-15
112817,2022-06-15
112819,2022-06-15
112821,2022-06-15
112822,2022-06-15
112823,2022-06-15
112824,2022-06-15
112825,2022-06-15
112826,2022-06-15
112827,2022-06-15
112828,2022-06-15
112829,2022-06-15
112830,2022-06-15
112831,2022-06-15
112832,2022-06-15
112833,2022-06-15
112834,2022-06-15
112835,2022-06-15
112836,2022-06-15
112837,2022-06-15
112838,2022-06-15
112839,2022-06-15
112840,2022-06-15
112841,2022-06-15
112842,2022-06-15
112843,2022-06-15
112844,2022-06-15
112845,2022-06-15
112846,2022-06-15
112847,2022-06-15
112848,2022-06-15
112849,2022-06-15
112850,2022-06-15
112851,2022-06-15
112852,2022-06-15
112853,2022-06-15
112854,2022-06-15
112855,2022-06-15
112856,2022-06-15
112857,2022-06-15
112858,2022-06-15
112859,2022-06-15
112860,2022-06-15
112861,2022-06-15
112862,2022-06-15
112863,2022-06-15
112864,2022-06-15
112865,2022-06-15
112866,2022-06-15
112867,2022-06-15
112868,2022-06-15
112869,2022-06-15
112870,2022-06-15
112871,2022-06-15
112872,2022-06-15
112873,2022-06-15
112874,2022-06-15
112875,2022-06-15
112876,2022-06-15
112877,2022-06-15
112878,2022-06-15
112879,2022-06-15
112880,2022-06-15
112881,2022-06-15
112882,2022-06-15
112883,2022-06-15
112885,2022-06-15
112886,2022-06-15
112887,2022-06-15
112888,2022-06-15
112889,2022-06-15
112890,2022-06-15
112891,2022-06-15
112892,2022-06-15
112893,2022-06-15
112894,2022-06-15
112895,2022-06-15
112896,2022-06-15
112897,2022-06-15
112898,2022-06-15
112899,2022-06-15
112900,2022-06-15
112901,2022-06-15
112902,2022-06-15
112903,2022-06-15
112904,2022-06-15
112905,2022-06-15
112906,2022-06-15
112907,2022-06-15
112908,2022-06-15
112909,2022-06-15
112910,2022-06-15
112911,2022-06-15
112912,2022-06-15
112913,2022-06-15
112914,2022-06-15
112915,2022-06-15
112916,2022-06-15
112917,2022-06-15
112918,2022-06-15
112919,2022-06-15
112920,2022-06-15
112921,2022-06-15
112922,2022-06-15
112923,2022-06-15
112924,2022-06-15
112925,2022-06-15
112926,2022-06-15
112927,2022-06-16
112928,2022-06-16
112929,2022-06-16
112930,2022-06-16
112931,2022-06-16
112933,2022-06-16
112934,2022-06-16
112935,2022-06-16
112936,2022-06-16
112937,2022-06-16
112938,2022-06-16
112939,2022-06-16
112940,2022-06-16
112941,2022-06-16
112942,2022-06-16
112943,2022-06-16
112944,2022-06-16
112945,2022-06-16
112946,2022-06-16
112947,2022-06-16
112948,2022-06-16
112949,2022-06-16
112950,2022-06-16
112951,2022-06-16
112952,2022-06-16
112953,2022-06-16
112954,2022-06-16
112955,2022-06-16
112956,2022-06-16
112957,2022-06-16
112958,2022-06-16
112959,2022-06-16
112960,2022-06-16
112961,2022-06-16
112962,2022-06-16
112963,2022-06-16
112964,2022-06-16
112965,2022-06-16
112966,2022-06-16
112967,2022-06-16
112968,2022-06-16
112969,2022-06-16
112970,2022-06-16
112971,2022-06-16
112972,2022-06-16
112973,2022-06-16
112974,2022-06-16
112975,2022-06-16
112976,2022-06-16
112977,2022-06-16
112978,2022-06-16
112979,2022-06-16
112980,2022-06-16
112981,2022-06-16
112982,2022-06-16
112983,2022-06-16
112984,2022-06-16
112985,2022-06-16
112986,2022-06-16
112987,2022-06-16
112988,2022-06-16
112989,2022-06-16
112990,2022-06-16
112991,2022-06-16
112992,2022-06-16
112993,2022-06-16
112994,2022-06-16
112995,2022-06-16
112996,2022-06-16
112997,2022-06-16
112998,2022-06-16
112999,2022-06-16
113001,2022-06-16
113002,2022-06-16
113003,2022-06-16
113004,2022-06-16
113005,2022-06-16
113006,2022-06-16
113007,2022-06-16
113008,2022-06-16
113009,2022-06-16
113010,2022-06-16
113011,2022-06-16
113012,2022-06-16
113013,2022-06-16
113014,2022-06-16
113015,2022-06-16
113016,2022-06-16
113017,2022-06-16
113018,2022-06-16
113019,2022-06-16
113020,2022-06-16
113021,2022-06-16
113022,2022-06-16
113023,2022-06-16
113024,2022-06-16
113025,2022-06-16
113026,2022-06-16
113027,2022-06-16
113028,2022-06-16
113029,2022-06-16
113030,2022-06-16
113031,2022-06-16
113032,2022-06-16
113033,2022-06-16
113034,2022-06-17
113035,2022-06-17
113036,2022-06-17
113037,2022-06-17
113038,2022-06-17
113040,2022-06-17
113041,2022-06-17
113042,2022-06-17
113043,2022-06-17
113045,2022-06-17
113046,2022-06-17
113047,2022-06-17
113048,2022-06-17
113049,2022-06-17
113050,2022-06-17
113051,2022-06-17
113052,2022-06-17
113053,2022-06-17
113054,2022-06-17
113055,2022-06-17
113056,2022-06-17
113058,2022-06-17
113059,2022-06-17
113060,2022-06-17
113061,2022-06-17
113062,2022-06-17
113065,2022-06-17
113067,2022-06-17
113068,2022-06-17
113070,2022-06-17
113072,2022-06-17
113073,2022-06-17
113074,2022-06-17
113075,2022-06-17
113077,2022-06-17
113079,2022-06-17
113080,2022-06-17
113081,2022-06-17
113082,2022-06-17
113083,2022-06-17
113084,2022-06-17
113085,2022-06-17
113086,2022-06-17
113088,2022-06-17
113089,2022-06-17
113090,2022-06-17
113091,2022-06-17
113093,2022-06-17
113095,2022-06-17
113097,2022-06-17
113101,2022-06-17
113102,2022-06-17
113103,2022-06-17
113104,2022-06-17
113105,2022-06-17
113106,2022-06-17
113107,2022-06-17
113108,2022-06-17
113109,2022-06-17
113110,2022-06-17
113111,2022-06-17
113113,2022-06-17
113114,2022-06-17
113115,2022-06-17
113116,2022-06-17
113117,2022-06-17
113118,2022-06-17
113119,2022-06-17
113120,2022-06-17
113121,2022-06-17
113126,2022-06-17
113127,2022-06-17
113128,2022-06-17
113129,2022-06-17
113130,2022-06-17
113131,2022-06-17
113132,2022-06-17
113133,2022-06-17
113134,2022-06-17
113135,2022-06-17
113136,2022-06-17
113137,2022-06-17
113138,2022-06-17
113139,2022-06-17
113140,2022-06-17
113141,2022-06-17
113142,2022-06-17
113143,2022-06-17
113144,2022-06-17
113145,2022-06-17
113146,2022-06-17
113147,2022-06-17
113148,2022-06-17
113149,2022-06-17
113150,2022-06-17
113151,2022-06-17
113152,2022-06-17
113153,2022-06-18
113154,2022-06-18
113155,2022-06-18
113156,2022-06-18
113158,2022-06-18
113159,2022-06-18
113160,2022-06-18
113161,2022-06-18
113162,2022-06-18
113163,2022-06-18
113164,2022-06-18
113165,2022-06-18
113166,2022-06-18
113167,2022-06-18
113168,2022-06-18
113169,2022-06-18
113170,2022-06-18
113171,2022-06-18
113172,2022-06-18
113173,2022-06-18
113174,2022-06-18
113175,2022-06-18
113176,2022-06-18
113177,2022-06-18
113178,2022-06-18
113179,2022-06-18
113181,2022-06-18
113182,2022-06-18
113183,2022-06-18
113184,2022-06-18
113185,2022-06-18
113186,2022-06-18
113187,2022-06-18
113188,2022-06-18
113189,2022-06-18
113191,2022-06-18
113192,2022-06-18
113193,2022-06-18
113194,2022-06-18
113195,2022-06-18
113196,2022-06-18
113197,2022-06-18
113198,2022-06-18
113199,2022-06-18
113200,2022-06-18
113201,2022-06-18
113202,2022-06-18
113203,2022-06-18
113204,2022-06-18
113205,2022-06-18
113206,2022-06-18
113207,2022-06-18
113208,2022-06-18
113209,2022-06-18
113210,2022-06-18
113211,2022-06-18
113212,2022-06-18
113213,2022-06-18
113214,2022-06-18
113215,2022-06-18
113216,2022-06-18
113217,2022-06-18
113218,2022-06-18
113219,2022-06-18
113220,2022-06-18
113221,2022-06-18
113222,2022-06-18
113223,2022-06-18
113224,2022-06-18
113225,2022-06-18
113226,2022-06-18
113227,2022-06-18
113228,2022-06-18
113229,2022-06-18
113230,2022-06-18
113231,2022-06-18
113232,2022-06-18
113233,2022-06-18
113234,2022-06-18
113235,2022-06-18
113236,2022-06-18
113237,2022-06-18
113238,2022-06-18
113239,2022-06-18
113240,2022-06-18
113241,2022-06-18
113242,2022-06-18
113243,2022-06-18
113244,2022-06-18
113245,2022-06-18
113246,2022-06-18
113247,2022-06-18
113248,2022-06-18
113249,2022-06-18
113250,2022-06-18
113251,2022-06-18
113252,2022-06-18
113253,2022-06-18
113254,2022-06-18
113255,2022-06-18
113256,2022-06-18
113257,2022-06-18
113258,2022-06-18
113259,2022-06-18
113260,2022-06-18
113261,2022-06-18
113263,2022-06-18
113264,2022-06-18
113265,2022-06-18
113267,2022-06-18
113268,2022-06-18
113270,2022-06-20
113271,2022-06-20
113272,2022-06-20
113273,2022-06-20
113275,2022-06-20
113276,2022-06-20
113277,2022-06-20
113278,2022-06-20
113279,2022-06-20
113280,2022-06-20
113281,2022-06-20
113282,2022-06-20
113283,2022-06-20
113284,2022-06-20
113285,2022-06-20
113286,2022-06-20
113287,2022-06-20
113288,2022-06-20
113289,2022-06-20
113290,2022-06-20
113291,2022-06-20
113292,2022-06-20
113293,2022-06-20
113294,2022-06-20
113295,2022-06-20
113296,2022-06-20
113297,2022-06-20
113298,2022-06-20
113299,2022-06-20
113300,2022-06-20
113301,2022-06-20
113302,2022-06-20
113303,2022-06-20
113304,2022-06-20
113305,2022-06-20
113306,2022-06-20
113307,2022-06-20
113308,2022-06-20
113309,2022-06-20
113310,2022-06-20
113311,2022-06-20
113312,2022-06-20
113313,2022-06-20
113314,2022-06-20
113315,2022-06-20
113316,2022-06-20
113317,2022-06-20
113318,2022-06-20
113319,2022-06-20
113320,2022-06-20
113321,2022-06-20
113322,2022-06-20
113323,2022-06-20
113324,2022-06-20
113325,2022-06-20
113326,2022-06-20
113327,2022-06-20
113328,2022-06-20
113329,2022-06-20
113330,2022-06-20
113331,2022-06-20
113332,2022-06-20
113333,2022-06-20
113334,2022-06-20
113335,2022-06-20
113336,2022-06-20
113337,2022-06-20
113338,2022-06-20
113339,2022-06-20
113340,2022-06-20
113341,2022-06-20
113342,2022-06-20
113343,2022-06-20
113344,2022-06-20
113345,2022-06-20
113346,2022-06-20
113347,2022-06-20
113348,2022-06-20
113349,2022-06-20
113350,2022-06-20
113351,2022-06-20
113352,2022-06-20
113353,2022-06-20
113354,2022-06-20
113355,2022-06-20
113356,2022-06-20
113357,2022-06-20
113358,2022-06-20
113359,2022-06-21
113361,2022-06-21
113362,2022-06-21
113364,2022-06-21
113365,2022-06-21
113366,2022-06-21
113367,2022-06-21
113369,2022-06-21
113371,2022-06-21
113372,2022-06-21
113373,2022-06-21
113376,2022-06-21
113377,2022-06-21
113378,2022-06-21
113379,2022-06-21
113380,2022-06-21
113381,2022-06-21
113382,2022-06-21
113383,2022-06-21
113384,2022-06-21
113385,2022-06-21
113386,2022-06-21
113387,2022-06-21
113388,2022-06-21
113389,2022-06-21
113390,2022-06-21
113391,2022-06-21
113392,2022-06-21
113393,2022-06-21
113394,2022-06-21
113395,2022-06-21
113396,2022-06-21
113397,2022-06-21
113398,2022-06-21
113399,2022-06-21
113400,2022-06-21
113401,2022-06-21
113402,2022-06-21
113403,2022-06-21
113404,2022-06-21
113405,2022-06-21
113406,2022-06-21
113407,2022-06-21
113408,2022-06-21
113409,2022-06-21
113410,2022-06-21
113411,2022-06-21
113412,2022-06-21
113413,2022-06-21
113414,2022-06-21
113415,2022-06-21
113416,2022-06-21
113417,2022-06-21
113418,2022-06-21
113419,2022-06-21
113420,2022-06-21
113421,2022-06-21
113422,2022-06-21
113423,2022-06-21
113424,2022-06-21
113425,2022-06-21
113426,2022-06-21
113427,2022-06-21
113428,2022-06-21
113429,2022-06-21
113430,2022-06-21
113431,2022-06-21
113432,2022-06-21
113433,2022-06-21
113434,2022-06-21
113435,2022-06-21
113436,2022-06-21
113437,2022-06-21
113438,2022-06-21
113439,2022-06-21
113440,2022-06-21
113441,2022-06-21
113442,2022-06-21
113443,2022-06-21
113444,2022-06-21
113445,2022-06-21
113446,2022-06-21
113447,2022-06-21
113448,2022-06-21
113449,2022-06-21
113450,2022-06-21
113451,2022-06-21
113452,2022-06-21
113453,2022-06-21
113454,2022-06-21
113455,2022-06-21
113456,2022-06-21
113457,2022-06-21
113458,2022-06-21
113459,2022-06-21
113460,2022-06-21
113461,2022-06-21
113462,2022-06-21
113463,2022-06-21
113464,2022-06-21
113465,2022-06-21
113466,2022-06-21
113467,2022-06-21
113468,2022-06-21
113469,2022-06-21
113470,2022-06-21
113471,2022-06-21
113472,2022-06-21
113473,2022-06-21
113474,2022-06-21
113475,2022-06-21
113476,2022-06-22
113477,2022-06-22
113479,2022-06-22
113480,2022-06-22
113481,2022-06-22
113483,2022-06-22
113484,2022-06-22
113485,2022-06-22
113486,2022-06-22
113487,2022-06-22
113488,2022-06-22
113489,2022-06-22
113490,2022-06-22
113491,2022-06-22
113492,2022-06-22
113493,2022-06-22
113494,2022-06-22
113495,2022-06-22
113496,2022-06-22
113497,2022-06-22
113498,2022-06-22
113499,2022-06-22
113500,2022-06-22
113501,2022-06-22
113502,2022-06-22
113503,2022-06-22
113504,2022-06-22
113505,2022-06-22
113506,2022-06-22
113507,2022-06-22
113508,2022-06-22
113509,2022-06-22
113510,2022-06-22
113511,2022-06-22
113512,2022-06-22
113513,2022-06-22
113514,2022-06-22
113515,2022-06-22
113516,2022-06-22
113517,2022-06-22
113518,2022-06-22
113519,2022-06-22
113521,2022-06-22
113522,2022-06-22
113523,2022-06-22
113524,2022-06-22
113525,2022-06-22
113526,2022-06-22
113527,2022-06-22
113528,2022-06-22
113529,2022-06-22
113530,2022-06-22
113531,2022-06-22
113532,2022-06-22
113533,2022-06-22
113534,2022-06-22
113535,2022-06-22
113536,2022-06-22
113537,2022-06-22
113538,2022-06-22
113539,2022-06-22
113540,2022-06-22
113541,2022-06-22
113542,2022-06-22
113543,2022-06-22
113544,2022-06-22
113545,2022-06-22
113546,2022-06-22
113547,2022-06-22
113548,2022-06-22
113549,2022-06-22
113550,2022-06-22
113551,2022-06-22
113552,2022-06-22
113553,2022-06-22
113554,2022-06-22
113555,2022-06-22
113556,2022-06-22
113557,2022-06-22
113558,2022-06-22
113559,2022-06-22
113560,2022-06-22
113561,2022-06-22
113562,2022-06-22
113563,2022-06-22
113564,2022-06-22
113565,2022-06-22
113566,2022-06-22
113567,2022-06-22
113568,2022-06-22
113569,2022-06-22
113570,2022-06-22
113571,2022-06-22
113572,2022-06-22
113573,2022-06-22
113574,2022-06-22
113575,2022-06-22
113576,2022-06-22
113577,2022-06-22
113579,2022-06-23
113580,2022-06-23
113581,2022-06-23
113582,2022-06-23
113583,2022-06-23
113585,2022-06-23
113586,2022-06-23
113587,2022-06-23
113588,2022-06-23
113589,2022-06-23
113590,2022-06-23
113591,2022-06-23
113592,2022-06-23
113593,2022-06-23
113594,2022-06-23
113595,2022-06-23
113596,2022-06-23
113597,2022-06-23
113598,2022-06-23
113599,2022-06-23
113600,2022-06-23
113601,2022-06-23
113602,2022-06-23
113603,2022-06-23
113604,2022-06-23
113605,2022-06-23
113606,2022-06-23
113607,2022-06-23
113608,2022-06-23
113609,2022-06-23
113610,2022-06-23
113611,2022-06-23
113612,2022-06-23
113613,2022-06-23
113614,2022-06-23
113615,2022-06-23
113616,2022-06-23
113617,2022-06-23
113618,2022-06-23
113619,2022-06-23
113620,2022-06-23
113621,2022-06-23
113622,2022-06-23
113623,2022-06-23
113624,2022-06-23
113625,2022-06-23
113626,2022-06-23
113627,2022-06-23
113628,2022-06-23
113629,2022-06-23
113630,2022-06-23
113631,2022-06-23
113632,2022-06-23
113633,2022-06-23
113634,2022-06-23
113635,2022-06-23
113636,2022-06-23
113637,2022-06-23
113638,2022-06-23
113639,2022-06-23
113640,2022-06-23
113641,2022-06-23
113642,2022-06-23
113643,2022-06-23
113644,2022-06-23
113645,2022-06-23
113646,2022-06-23
113647,2022-06-23
113648,2022-06-23
113649,2022-06-23
113650,2022-06-23
113651,2022-06-23
113652,2022-06-23
113653,2022-06-23
113654,2022-06-23
113655,2022-06-23
113656,2022-06-23
113657,2022-06-23
113658,2022-06-23
113659,2022-06-23
113660,2022-06-23
113661,2022-06-23
113662,2022-06-23
113663,2022-06-23
113664,2022-06-23
113665,2022-06-23
113666,2022-06-23
113667,2022-06-23
113668,2022-06-23
113669,2022-06-23
113670,2022-06-23
113671,2022-06-23
113672,2022-06-23
113673,2022-06-23
113674,2022-06-23
113675,2022-06-23
113676,2022-06-23
113677,2022-06-23
113678,2022-06-23
113680,2022-06-23
113681,2022-06-23
113682,2022-06-23
113683,2022-06-23
113684,2022-06-24
113685,2022-06-24
113686,2022-06-24
113687,2022-06-24
113688,2022-06-24
113689,2022-06-24
113691,2022-06-24
113693,2022-06-24
113694,2022-06-24
113695,2022-06-24
113696,2022-06-24
113697,2022-06-24
113699,2022-06-24
113700,2022-06-24
113701,2022-06-24
113702,2022-06-24
113703,2022-06-24
113706,2022-06-24
113707,2022-06-24
113708,2022-06-24
113709,2022-06-24
113710,2022-06-24
113711,2022-06-24
113712,2022-06-24
113713,2022-06-24
113715,2022-06-24
113716,2022-06-24
113717,2022-06-24
113718,2022-06-24
113719,2022-06-24
113720,2022-06-24
113721,2022-06-24
113722,2022-06-24
113723,2022-06-24
113724,2022-06-24
113725,2022-06-24
113726,2022-06-24
113727,2022-06-24
113728,2022-06-24
113729,2022-06-24
113730,2022-06-24
113731,2022-06-24
113732,2022-06-24
113733,2022-06-24
113734,2022-06-24
113735,2022-06-24
113736,2022-06-24
113737,2022-06-24
113738,2022-06-24
113739,2022-06-24
113740,2022-06-24
113741,2022-06-24
113742,2022-06-24
113743,2022-06-24
113745,2022-06-24
113746,2022-06-24
113747,2022-06-24
113748,2022-06-24
113749,2022-06-24
113750,2022-06-24
113751,2022-06-24
113752,2022-06-24
113753,2022-06-24
113754,2022-06-24
113755,2022-06-24
113756,2022-06-24
113757,2022-06-24
113758,2022-06-24
113759,2022-06-24
113760,2022-06-24
113761,2022-06-24
113762,2022-06-24
113763,2022-06-24
113764,2022-06-24
113765,2022-06-24
113766,2022-06-24
113767,2022-06-24
113768,2022-06-24
113769,2022-06-24
113771,2022-06-24
113772,2022-06-24
113773,2022-06-24
113774,2022-06-24
113775,2022-06-24
113776,2022-06-24
113777,2022-06-24
113780,2022-06-24
113781,2022-06-24
113782,2022-06-24
113783,2022-06-24
113784,2022-06-24
113785,2022-06-24
113786,2022-06-24
113787,2022-06-24
113788,2022-06-24
113789,2022-06-24
113790,2022-06-24
113791,2022-06-24
113792,2022-06-24
113793,2022-06-24
113794,2022-06-24
113795,2022-06-24
113796,2022-06-24
113798,2022-06-24
113799,2022-06-24
113800,2022-06-24
113801,2022-06-24
113802,2022-06-24
113803,2022-06-24
113804,2022-06-24
113805,2022-06-25
113806,2022-06-25
113807,2022-06-25
113808,2022-06-25
113810,2022-06-25
113811,2022-06-25
113812,2022-06-25
113813,2022-06-25
113814,2022-06-25
113815,2022-06-25
113816,2022-06-25
113817,2022-06-25
113818,2022-06-25
113819,2022-06-25
113820,2022-06-25
113821,2022-06-25
113822,2022-06-25
113823,2022-06-25
113824,2022-06-25
113825,2022-06-25
113826,2022-06-25
113827,2022-06-25
113828,2022-06-25
113829,2022-06-25
113830,2022-06-25
113831,2022-06-25
113832,2022-06-25
113833,2022-06-25
113834,2022-06-25
113835,2022-06-25
113836,2022-06-25
113837,2022-06-25
113838,2022-06-25
113839,2022-06-25
113840,2022-06-25
113841,2022-06-25
113842,2022-06-25
113843,2022-06-25
113844,2022-06-25
113845,2022-06-25
113846,2022-06-25
113847,2022-06-25
113848,2022-06-25
113849,2022-06-25
113850,2022-06-25
113851,2022-06-25
113852,2022-06-25
113853,2022-06-25
113854,2022-06-25
113855,2022-06-25
113856,2022-06-25
113857,2022-06-25
113858,2022-06-25
113859,2022-06-25
113860,2022-06-25
113861,2022-06-25
113862,2022-06-25
113863,2022-06-25
113864,2022-06-25
113865,2022-06-25
113867,2022-06-25
113868,2022-06-25
113869,2022-06-25
113870,2022-06-25
113871,2022-06-25
113872,2022-06-25
113873,2022-06-25
113874,2022-06-25
113875,2022-06-25
113876,2022-06-25
113877,2022-06-25
113879,2022-06-25
113880,2022-06-25
113881,2022-06-25
113882,2022-06-25
113883,2022-06-25
113884,2022-06-25
113885,2022-06-25
113886,2022-06-25
113887,2022-06-25
113888,2022-06-25
113889,2022-06-25
113890,2022-06-25
113891,2022-06-25
113892,2022-06-25
113893,2022-06-25
113894,2022-06-25
113895,2022-06-25
113896,2022-06-25
113897,2022-06-25
113898,2022-06-25
113899,2022-06-25
113900,2022-06-25
113901,2022-06-25
113902,2022-06-25
113903,2022-06-25
113904,2022-06-25
113905,2022-06-25
113906,2022-06-25
113907,2022-06-26
113908,2022-06-26
113909,2022-06-27
113911,2022-06-27
113912,2022-06-27
113913,2022-06-27
113915,2022-06-27
113916,2022-06-27
113917,2022-06-27
113918,2022-06-27
113919,2022-06-27
113920,2022-06-27
113921,2022-06-27
113922,2022-06-27
113923,2022-06-27
113924,2022-06-27
113925,2022-06-27
113926,2022-06-27
113927,2022-06-27
113928,2022-06-27
113929,2022-06-27
113930,2022-06-27
113931,2022-06-27
113932,2022-06-27
113933,2022-06-27
113934,2022-06-27
113935,2022-06-27
113936,2022-06-27
113937,2022-06-27
113938,2022-06-27
113939,2022-06-27
113940,2022-06-27
113941,2022-06-27
113942,2022-06-27
113943,2022-06-27
113944,2022-06-27
113945,2022-06-27
113946,2022-06-27
113947,2022-06-27
113948,2022-06-27
113949,2022-06-27
113951,2022-06-27
113952,2022-06-27
113953,2022-06-27
113957,2022-06-27
113958,2022-06-27
113959,2022-06-27
113960,2022-06-27
113961,2022-06-27
113962,2022-06-27
113963,2022-06-27
113964,2022-06-27
113966,2022-06-27
113967,2022-06-27
113968,2022-06-27
113969,2022-06-27
113971,2022-06-27
113972,2022-06-27
113973,2022-06-27
113974,2022-06-27
113975,2022-06-27
113976,2022-06-27
113979,2022-06-27
113980,2022-06-27
113981,2022-06-27
113982,2022-06-27
113983,2022-06-27
113984,2022-06-27
113985,2022-06-27
113986,2022-06-27
113987,2022-06-27
113988,2022-06-27
113989,2022-06-27
113990,2022-06-27
113991,2022-06-27
113992,2022-06-27
113993,2022-06-27
113994,2022-06-27
113995,2022-06-27
113996,2022-06-27
113997,2022-06-27
113998,2022-06-27
113999,2022-06-27
114000,2022-06-27
114001,2022-06-27
114002,2022-06-27
114003,2022-06-27
114004,2022-06-27
114005,2022-06-27
114006,2022-06-27
114007,2022-06-27
114008,2022-06-27
114009,2022-06-27
114010,2022-06-27
114011,2022-06-27
114012,2022-06-27
114013,2022-06-27
114014,2022-06-27
114016,2022-06-28
114017,2022-06-28
114018,2022-06-28
114019,2022-06-28
114020,2022-06-28
114021,2022-06-28
114022,2022-06-28
114023,2022-06-28
114024,2022-06-28
114025,2022-06-28
114026,2022-06-28
114027,2022-06-28
114028,2022-06-28
114029,2022-06-28
114030,2022-06-28
114031,2022-06-28
114032,2022-06-28
114033,2022-06-28
114034,2022-06-28
114035,2022-06-28
114036,2022-06-28
114037,2022-06-28
114038,2022-06-28
114039,2022-06-28
114040,2022-06-28
114041,2022-06-28
114042,2022-06-28
114043,2022-06-28
114044,2022-06-28
114045,2022-06-28
114046,2022-06-28
114047,2022-06-28
114048,2022-06-28
114049,2022-06-28
114050,2022-06-28
114051,2022-06-28
114052,2022-06-28
114053,2022-06-28
114054,2022-06-28
114055,2022-06-28
114056,2022-06-28
114057,2022-06-28
114058,2022-06-28
114059,2022-06-28
114060,2022-06-28
114061,2022-06-28
114062,2022-06-28
114063,2022-06-28
114064,2022-06-28
114065,2022-06-28
114066,2022-06-28
114067,2022-06-28
114068,2022-06-28
114069,2022-06-28
114070,2022-06-28
114071,2022-06-28
114072,2022-06-28
114073,2022-06-28
114074,2022-06-28
114075,2022-06-28
114076,2022-06-28
114077,2022-06-28
114079,2022-06-28
114080,2022-06-28
114081,2022-06-28
114082,2022-06-28
114083,2022-06-28
114084,2022-06-28
114085,2022-06-28
114086,2022-06-28
114087,2022-06-28
114088,2022-06-28
114089,2022-06-28
114090,2022-06-28
114091,2022-06-28
114092,2022-06-28
114093,2022-06-28
114094,2022-06-28
114095,2022-06-28
114096,2022-06-28
114097,2022-06-28
114098,2022-06-28
114099,2022-06-28
114100,2022-06-28
114101,2022-06-28
114102,2022-06-28
114103,2022-06-28
114104,2022-06-28
114105,2022-06-28
114106,2022-06-28
114107,2022-06-28
114108,2022-06-28
114110,2022-06-28
114111,2022-06-28
114112,2022-06-28
114114,2022-06-28
114115,2022-06-28
114116,2022-06-28
114118,2022-06-29
114119,2022-06-29
114120,2022-06-29
114121,2022-06-29
114122,2022-06-29
114123,2022-06-29
114124,2022-06-29
114126,2022-06-29
114127,2022-06-29
114128,2022-06-29
114130,2022-06-29
114131,2022-06-29
114133,2022-06-29
114134,2022-06-29
114135,2022-06-29
114136,2022-06-29
114137,2022-06-29
114138,2022-06-29
114139,2022-06-29
114140,2022-06-29
114141,2022-06-29
114142,2022-06-29
114143,2022-06-29
114144,2022-06-29
114145,2022-06-29
114146,2022-06-29
114147,2022-06-29
114148,2022-06-29
114149,2022-06-29
114150,2022-06-29
114151,2022-06-29
114152,2022-06-29
114153,2022-06-29
114157,2022-06-29
114158,2022-06-29
114159,2022-06-29
114160,2022-06-29
114161,2022-06-29
114162,2022-06-29
114165,2022-06-29
114166,2022-06-29
114167,2022-06-29
114168,2022-06-29
114169,2022-06-29
114170,2022-06-29
114172,2022-06-29
114173,2022-06-29
114174,2022-06-29
114175,2022-06-29
114176,2022-06-29
114177,2022-06-29
114178,2022-06-29
114179,2022-06-29
114180,2022-06-29
114181,2022-06-29
114182,2022-06-29
114183,2022-06-29
114184,2022-06-29
114185,2022-06-29
114186,2022-06-29
114187,2022-06-29
114188,2022-06-29
114189,2022-06-29
114190,2022-06-29
114191,2022-06-29
114192,2022-06-29
114193,2022-06-29
114194,2022-06-29
114195,2022-06-29
114196,2022-06-29
114197,2022-06-29
114198,2022-06-29
114199,2022-06-29
114200,2022-06-29
114201,2022-06-29
114202,2022-06-29
114203,2022-06-29
114204,2022-06-29
114205,2022-06-29
114206,2022-06-29
114207,2022-06-29
114208,2022-06-29
114209,2022-06-29
114210,2022-06-30
114211,2022-06-30
114212,2022-06-30
114213,2022-06-30
114215,2022-06-30
114216,2022-06-30
114217,2022-06-30
114218,2022-06-30
114219,2022-06-30
114220,2022-06-30
114221,2022-06-30
114222,2022-06-30
114224,2022-06-30
114225,2022-06-30
114226,2022-06-30
114227,2022-06-30
114228,2022-06-30
114229,2022-06-30
114230,2022-06-30
114231,2022-06-30
114232,2022-06-30
114233,2022-06-30
114234,2022-06-30
114235,2022-06-30
114236,2022-06-30
114237,2022-06-30
114238,2022-06-30
114239,2022-06-30
114240,2022-06-30
114241,2022-06-30
114242,2022-06-30
114243,2022-06-30
114244,2022-06-30
114246,2022-06-30
114247,2022-06-30
114248,2022-06-30
114249,2022-06-30
114250,2022-06-30
114251,2022-06-30
114252,2022-06-30
114253,2022-06-30
114254,2022-06-30
114255,2022-06-30
114256,2022-06-30
114257,2022-06-30
114259,2022-06-30
114260,2022-06-30
114263,2022-06-30
114265,2022-06-30
114266,2022-06-30
114267,2022-06-30
114268,2022-06-30
114269,2022-06-30
114270,2022-06-30
114271,2022-06-30
114273,2022-06-30
114274,2022-06-30
114275,2022-06-30
114276,2022-06-30
114277,2022-06-30
114278,2022-06-30
114279,2022-06-30
114280,2022-06-30
114281,2022-06-30
114282,2022-06-30
114283,2022-06-30
114284,2022-06-30
114285,2022-06-30
114286,2022-06-30
114287,2022-06-30
114288,2022-06-30
114289,2022-06-30
114290,2022-06-30
114291,2022-06-30
114292,2022-06-30
114293,2022-06-30
114294,2022-06-30
114295,2022-06-30
114296,2022-06-30
114297,2022-06-30
114298,2022-06-30
114299,2022-06-30
114300,2022-06-30
114301,2022-06-30
114302,2022-06-30
114304,2022-06-30
114305,2022-06-30
114307,2022-06-30
114308,2022-06-30
114309,2022-06-30
114310,2022-06-30
114311,2022-06-30
114312,2022-06-30
114314,2022-06-30
114315,2022-06-30
114316,2022-06-30
114317,2022-06-30
114318,2022-06-30
114319,2022-06-30
114320,2022-06-30
114322,2022-07-01
114323,2022-07-01
114324,2022-07-01
114325,2022-07-01
114327,2022-07-01
114328,2022-07-01
114329,2022-07-01
114330,2022-07-01
114331,2022-07-01
114332,2022-07-01
114333,2022-07-01
114334,2022-07-01
114335,2022-07-01
114336,2022-07-01
114337,2022-07-01
114338,2022-07-01
114339,2022-07-01
114340,2022-07-01
114341,2022-07-01
114342,2022-07-01
114343,2022-07-01
114344,2022-07-01
114345,2022-07-01
114346,2022-07-01
114347,2022-07-01
114348,2022-07-01
114349,2022-07-01
114350,2022-07-01
114351,2022-07-01
114352,2022-07-01
114353,2022-07-01
114354,2022-07-01
114355,2022-07-01
114356,2022-07-01
114357,2022-07-01
114358,2022-07-01
114359,2022-07-01
114360,2022-07-01
114361,2022-07-01
114362,2022-07-01
114363,2022-07-01
114364,2022-07-01
114365,2022-07-01
114366,2022-07-01
114367,2022-07-01
114368,2022-07-01
114369,2022-07-01
114370,2022-07-01
114371,2022-07-01
114372,2022-07-01
114373,2022-07-01
114374,2022-07-01
114381,2022-07-01
114382,2022-07-01
114383,2022-07-01
114384,2022-07-01
114385,2022-07-01
114387,2022-07-01
114388,2022-07-01
114389,2022-07-01
114390,2022-07-01
114391,2022-07-01
114392,2022-07-01
114393,2022-07-01
114394,2022-07-01
114396,2022-07-01
114397,2022-07-01
114398,2022-07-01
114399,2022-07-01
114400,2022-07-01
114401,2022-07-01
114402,2022-07-01
114403,2022-07-01
114404,2022-07-01
114405,2022-07-02
114406,2022-07-02
114407,2022-07-02
114408,2022-07-02
114409,2022-07-02
114410,2022-07-02
114412,2022-07-02
114414,2022-07-02
114415,2022-07-02
114416,2022-07-02
114418,2022-07-02
114419,2022-07-02
114421,2022-07-02
114422,2022-07-02
114423,2022-07-02
114424,2022-07-02
114425,2022-07-02
114426,2022-07-02
114427,2022-07-02
114428,2022-07-02
114429,2022-07-02
114430,2022-07-02
114431,2022-07-02
114434,2022-07-02
114435,2022-07-02
114436,2022-07-02
114437,2022-07-02
114438,2022-07-02
114439,2022-07-02
114440,2022-07-02
114441,2022-07-02
114442,2022-07-02
114443,2022-07-02
114444,2022-07-02
114445,2022-07-02
114446,2022-07-02
114447,2022-07-02
114450,2022-07-02
114453,2022-07-02
114456,2022-07-02
114457,2022-07-02
114459,2022-07-02
114460,2022-07-02
114461,2022-07-02
114462,2022-07-02
114463,2022-07-02
114464,2022-07-02
114465,2022-07-02
114466,2022-07-02
114467,2022-07-02
114468,2022-07-02
114469,2022-07-02
114472,2022-07-02
114473,2022-07-02
114474,2022-07-02
114475,2022-07-02
114476,2022-07-02
114482,2022-07-02
114483,2022-07-02
114484,2022-07-02
114485,2022-07-02
114486,2022-07-02
114487,2022-07-02
114488,2022-07-02
114492,2022-07-02
114494,2022-07-02
114495,2022-07-02
114496,2022-07-02
114497,2022-07-02
114498,2022-07-02
114499,2022-07-02
114500,2022-07-02
114501,2022-07-02
114502,2022-07-02
114503,2022-07-02
114504,2022-07-02
114505,2022-07-02
114506,2022-07-02
114507,2022-07-02
114508,2022-07-02
114509,2022-07-02
114510,2022-07-02
114511,2022-07-02
114512,2022-07-02
114513,2022-07-02
114514,2022-07-02
114515,2022-07-02
114516,2022-07-02
114517,2022-07-02
114519,2022-07-02
114520,2022-07-02
114521,2022-07-02
114522,2022-07-02
114523,2022-07-02
114524,2022-07-02
114525,2022-07-03
114526,2022-07-03
114527,2022-07-03
114528,2022-07-03
114530,2022-07-03
114531,2022-07-03
114532,2022-07-03
114533,2022-07-03
114534,2022-07-03
114535,2022-07-03
114536,2022-07-03
114537,2022-07-03
114538,2022-07-03
114539,2022-07-03
114540,2022-07-03
114541,2022-07-03
114542,2022-07-03
114543,2022-07-03
114544,2022-07-03
114545,2022-07-03
114546,2022-07-03
114547,2022-07-03
114548,2022-07-03
114549,2022-07-03
114550,2022-07-03
114551,2022-07-03
114552,2022-07-03
114553,2022-07-03
114554,2022-07-03
114555,2022-07-03
114556,2022-07-03
114557,2022-07-03
114558,2022-07-03
114559,2022-07-03
114560,2022-07-03
114561,2022-07-03
114562,2022-07-03
114563,2022-07-03
114564,2022-07-03
114565,2022-07-03
114566,2022-07-03
114567,2022-07-03
114568,2022-07-03
114569,2022-07-03
114570,2022-07-03
114571,2022-07-03
114572,2022-07-03
114573,2022-07-03
114574,2022-07-03
114575,2022-07-03
114576,2022-07-03
114577,2022-07-03
114578,2022-07-03
114579,2022-07-03
114580,2022-07-03
114581,2022-07-03
114582,2022-07-03
114583,2022-07-03
114584,2022-07-03
114585,2022-07-03
114586,2022-07-03
114587,2022-07-03
114588,2022-07-03
114589,2022-07-03
114590,2022-07-03
114591,2022-07-03
114592,2022-07-03
114593,2022-07-03
114594,2022-07-03
114597,2022-07-03
114598,2022-07-03
114599,2022-07-03
114600,2022-07-03
114601,2022-07-03
114602,2022-07-03
114603,2022-07-03
114604,2022-07-03
114605,2022-07-03
114606,2022-07-03
114607,2022-07-03
114608,2022-07-03
114609,2022-07-03
114610,2022-07-03
114611,2022-07-03
114612,2022-07-03
114613,2022-07-03
114614,2022-07-03
114615,2022-07-03
114616,2022-07-03
114617,2022-07-04
114618,2022-07-04
114619,2022-07-04
114620,2022-07-04
114621,2022-07-04
114622,2022-07-04
114623,2022-07-04
114624,2022-07-04
114625,2022-07-04
114627,2022-07-04
114629,2022-07-04
114630,2022-07-04
114631,2022-07-04
114632,2022-07-04
114633,2022-07-04
114634,2022-07-04
114635,2022-07-04
114636,2022-07-04
114637,2022-07-04
114638,2022-07-04
114639,2022-07-04
114640,2022-07-04
114641,2022-07-04
114642,2022-07-04
114643,2022-07-04
114644,2022-07-04
114645,2022-07-04
114646,2022-07-04
114647,2022-07-04
114648,2022-07-04
114649,2022-07-04
114650,2022-07-04
114651,2022-07-04
114652,2022-07-04
114653,2022-07-04
114654,2022-07-04
114655,2022-07-04
114656,2022-07-04
114657,2022-07-04
114658,2022-07-04
114659,2022-07-04
114660,2022-07-04
114661,2022-07-04
114662,2022-07-04
114663,2022-07-04
114664,2022-07-04
114665,2022-07-04
114666,2022-07-04
114667,2022-07-04
114668,2022-07-04
114669,2022-07-04
114670,2022-07-04
114671,2022-07-04
114672,2022-07-04
114673,2022-07-04
114674,2022-07-04
114675,2022-07-04
114676,2022-07-04
114678,2022-07-04
114679,2022-07-04
114680,2022-07-04
114681,2022-07-04
114682,2022-07-04
114683,2022-07-04
114684,2022-07-04
114685,2022-07-04
114686,2022-07-04
114687,2022-07-04
114688,2022-07-04
114689,2022-07-04
114690,2022-07-04
114691,2022-07-04
114692,2022-07-04
114693,2022-07-04
114694,2022-07-04
114695,2022-07-04
114696,2022-07-04
114697,2022-07-04
114698,2022-07-04
114699,2022-07-04
114700,2022-07-04
114701,2022-07-04
114702,2022-07-04
114704,2022-07-04
114705,2022-07-04
114706,2022-07-04
114707,2022-07-04
114708,2022-07-04
114709,2022-07-04
114710,2022-07-04
114711,2022-07-04
114712,2022-07-04
114713,2022-07-04
114714,2022-07-04
114715,2022-07-04
114716,2022-07-04
114717,2022-07-04
114718,2022-07-04
114719,2022-07-04
114720,2022-07-05
114721,2022-07-05
114722,2022-07-05
114723,2022-07-05
114724,2022-07-05
114726,2022-07-05
114727,2022-07-05
114728,2022-07-05
114729,2022-07-05
114730,2022-07-05
114731,2022-07-05
114732,2022-07-05
114733,2022-07-05
114734,2022-07-05
114735,2022-07-05
114736,2022-07-05
114737,2022-07-05
114738,2022-07-05
114739,2022-07-05
114740,2022-07-05
114741,2022-07-05
114742,2022-07-05
114743,2022-07-05
114744,2022-07-05
114745,2022-07-05
114746,2022-07-05
114747,2022-07-05
114748,2022-07-05
114749,2022-07-05
114750,2022-07-05
114751,2022-07-05
114752,2022-07-05
114753,2022-07-05
114754,2022-07-05
114755,2022-07-05
114756,2022-07-05
114757,2022-07-05
114758,2022-07-05
114759,2022-07-05
114760,2022-07-05
114761,2022-07-05
114762,2022-07-05
114763,2022-07-05
114764,2022-07-05
114765,2022-07-05
114766,2022-07-05
114767,2022-07-05
114768,2022-07-05
114769,2022-07-05
114770,2022-07-05
114771,2022-07-05
114772,2022-07-05
114773,2022-07-05
114774,2022-07-05
114775,2022-07-05
114776,2022-07-05
114777,2022-07-05
114778,2022-07-05
114779,2022-07-05
114780,2022-07-05
114781,2022-07-05
114782,2022-07-05
114783,2022-07-05
114784,2022-07-05
114785,2022-07-05
114786,2022-07-05
114787,2022-07-05
114788,2022-07-05
114789,2022-07-05
114790,2022-07-05
114791,2022-07-05
114792,2022-07-05
114793,2022-07-05
114794,2022-07-05
114795,2022-07-05
114796,2022-07-05
114797,2022-07-05
114798,2022-07-05
114799,2022-07-05
114800,2022-07-05
114801,2022-07-05
114802,2022-07-05
114803,2022-07-05
114804,2022-07-05
114805,2022-07-05
114806,2022-07-05
114807,2022-07-05
114808,2022-07-05
114809,2022-07-05
114810,2022-07-05
114811,2022-07-05
114812,2022-07-05
114813,2022-07-05
114814,2022-07-05
114815,2022-07-05
114816,2022-07-05
114817,2022-07-05
114819,2022-07-05
114820,2022-07-05
114822,2022-07-05
114823,2022-07-05
114824,2022-07-05
114825,2022-07-05
114826,2022-07-05
114827,2022-07-05
114828,2022-07-05
114829,2022-07-05
114830,2022-07-05
114833,2022-07-06
114834,2022-07-06
114835,2022-07-06
114836,2022-07-06
114837,2022-07-06
114838,2022-07-06
114840,2022-07-06
114841,2022-07-06
114842,2022-07-06
114843,2022-07-06
114844,2022-07-06
114845,2022-07-06
114846,2022-07-06
114847,2022-07-06
114848,2022-07-06
114849,2022-07-06
114850,2022-07-06
114851,2022-07-06
114852,2022-07-06
114853,2022-07-06
114854,2022-07-06
114855,2022-07-06
114856,2022-07-06
114857,2022-07-06
114858,2022-07-06
114859,2022-07-06
114860,2022-07-06
114861,2022-07-06
114862,2022-07-06
114863,2022-07-06
114864,2022-07-06
114865,2022-07-06
114866,2022-07-06
114867,2022-07-06
114868,2022-07-06
114869,2022-07-06
114870,2022-07-06
114871,2022-07-06
114873,2022-07-06
114874,2022-07-06
114875,2022-07-06
114876,2022-07-06
114877,2022-07-06
114878,2022-07-06
114879,2022-07-06
114880,2022-07-06
114882,2022-07-06
114883,2022-07-06
114884,2022-07-06
114885,2022-07-06
114886,2022-07-06
114887,2022-07-06
114888,2022-07-06
114889,2022-07-06
114890,2022-07-06
114891,2022-07-06
114892,2022-07-06
114893,2022-07-06
114894,2022-07-06
114895,2022-07-06
114896,2022-07-06
114898,2022-07-06
114899,2022-07-06
114900,2022-07-06
114901,2022-07-06
114902,2022-07-06
114903,2022-07-06
114904,2022-07-06
114905,2022-07-06
114906,2022-07-06
114907,2022-07-06
114908,2022-07-06
114909,2022-07-06
114910,2022-07-06
114911,2022-07-06
114913,2022-07-06
114914,2022-07-06
114915,2022-07-06
114916,2022-07-06
114917,2022-07-06
114918,2022-07-06
114919,2022-07-06
114920,2022-07-06
114921,2022-07-06
114922,2022-07-06
114923,2022-07-06
114924,2022-07-06
114925,2022-07-06
114926,2022-07-06
114927,2022-07-06
114928,2022-07-06
114929,2022-07-06
114930,2022-07-06
114931,2022-07-06
114932,2022-07-06
114933,2022-07-06
114934,2022-07-06
114935,2022-07-06
114936,2022-07-06
114937,2022-07-07
114938,2022-07-07
114939,2022-07-07
114940,2022-07-07
114941,2022-07-07
114943,2022-07-07
114944,2022-07-07
114945,2022-07-07
114946,2022-07-07
114947,2022-07-07
114948,2022-07-07
114949,2022-07-07
114950,2022-07-07
114951,2022-07-07
114952,2022-07-07
114953,2022-07-07
114954,2022-07-07
114955,2022-07-07
114956,2022-07-07
114957,2022-07-07
114958,2022-07-07
114959,2022-07-07
114960,2022-07-07
114961,2022-07-07
114962,2022-07-07
114963,2022-07-07
114964,2022-07-07
114965,2022-07-07
114966,2022-07-07
114967,2022-07-07
114968,2022-07-07
114969,2022-07-07
114971,2022-07-07
114972,2022-07-07
114973,2022-07-07
114974,2022-07-07
114975,2022-07-07
114976,2022-07-07
114977,2022-07-07
114978,2022-07-07
114979,2022-07-07
114980,2022-07-07
114981,2022-07-07
114982,2022-07-07
114983,2022-07-07
114984,2022-07-07
114985,2022-07-07
114986,2022-07-07
114987,2022-07-07
114988,2022-07-07
114989,2022-07-07
114990,2022-07-07
114991,2022-07-07
114992,2022-07-07
114993,2022-07-07
114994,2022-07-07
114995,2022-07-07
114996,2022-07-07
114997,2022-07-07
114998,2022-07-07
114999,2022-07-07
115000,2022-07-07
115001,2022-07-07
115002,2022-07-07
115003,2022-07-07
115004,2022-07-07
115005,2022-07-07
115006,2022-07-07
115007,2022-07-07
115008,2022-07-07
115009,2022-07-07
115010,2022-07-07
115011,2022-07-07
115012,2022-07-07
115013,2022-07-07
115014,2022-07-07
115015,2022-07-07
115016,2022-07-07
115019,2022-07-07
115020,2022-07-07
115021,2022-07-07
115022,2022-07-07
115023,2022-07-07
115024,2022-07-07
115025,2022-07-07
115026,2022-07-07
115027,2022-07-07
115028,2022-07-07
115029,2022-07-07
115030,2022-07-07
115032,2022-07-08
115033,2022-07-08
115034,2022-07-08
115035,2022-07-08
115037,2022-07-08
115038,2022-07-08
115039,2022-07-08
115040,2022-07-08
115041,2022-07-08
115042,2022-07-08
115043,2022-07-08
115044,2022-07-08
115045,2022-07-08
115046,2022-07-08
115047,2022-07-08
115048,2022-07-08
115049,2022-07-08
115050,2022-07-08
115051,2022-07-08
115052,2022-07-08
115053,2022-07-08
115054,2022-07-08
115055,2022-07-08
115056,2022-07-08
115057,2022-07-08
115058,2022-07-08
115059,2022-07-08
115060,2022-07-08
115061,2022-07-08
115062,2022-07-08
115063,2022-07-08
115064,2022-07-08
115065,2022-07-08
115066,2022-07-08
115067,2022-07-08
115068,2022-07-08
115069,2022-07-08
115070,2022-07-08
115071,2022-07-08
115072,2022-07-08
115073,2022-07-08
115074,2022-07-08
115075,2022-07-08
115076,2022-07-08
115077,2022-07-08
115078,2022-07-08
115079,2022-07-08
115080,2022-07-08
115081,2022-07-08
115082,2022-07-08
115083,2022-07-08
115084,2022-07-08
115085,2022-07-08
115086,2022-07-08
115087,2022-07-08
115088,2022-07-08
115089,2022-07-08
115090,2022-07-08
115091,2022-07-08
115092,2022-07-08
115093,2022-07-08
115094,2022-07-08
115095,2022-07-08
115096,2022-07-08
115097,2022-07-08
115098,2022-07-08
115099,2022-07-08
115100,2022-07-08
115103,2022-07-08
115104,2022-07-08
115105,2022-07-08
115106,2022-07-08
115107,2022-07-08
115112,2022-07-08
115113,2022-07-08
115114,2022-07-08
115115,2022-07-08
115117,2022-07-08
115118,2022-07-08
115123,2022-07-08
115124,2022-07-08
115126,2022-07-08
115127,2022-07-08
115128,2022-07-08
115129,2022-07-08
115130,2022-07-08
115131,2022-07-08
115132,2022-07-08
115133,2022-07-08
115134,2022-07-08
115135,2022-07-08
115136,2022-07-08
115137,2022-07-08
115138,2022-07-08
115140,2022-07-08
115141,2022-07-08
115143,2022-07-08
115144,2022-07-08
115145,2022-07-08
115146,2022-07-08
115147,2022-07-08
115148,2022-07-08
115149,2022-07-08
115150,2022-07-08
115151,2022-07-08
115152,2022-07-08
115156,2022-07-09
115157,2022-07-09
115159,2022-07-09
115160,2022-07-09
115162,2022-07-09
115163,2022-07-09
115164,2022-07-09
115166,2022-07-09
115168,2022-07-09
115170,2022-07-09
115171,2022-07-09
115172,2022-07-09
115173,2022-07-09
115174,2022-07-09
115177,2022-07-09
115180,2022-07-09
115181,2022-07-09
115182,2022-07-09
115183,2022-07-09
115184,2022-07-09
115185,2022-07-09
115186,2022-07-09
115187,2022-07-09
115188,2022-07-09
115189,2022-07-09
115190,2022-07-09
115191,2022-07-09
115192,2022-07-09
115193,2022-07-09
115194,2022-07-09
115195,2022-07-09
115198,2022-07-09
115199,2022-07-09
115201,2022-07-09
115202,2022-07-09
115203,2022-07-09
115204,2022-07-09
115205,2022-07-09
115206,2022-07-09
115207,2022-07-09
115208,2022-07-09
115211,2022-07-09
115213,2022-07-09
115217,2022-07-09
115219,2022-07-09
115220,2022-07-09
115221,2022-07-09
115222,2022-07-09
115223,2022-07-09
115224,2022-07-09
115225,2022-07-09
115226,2022-07-09
115227,2022-07-09
115228,2022-07-09
115229,2022-07-09
115230,2022-07-09
115231,2022-07-09
115232,2022-07-09
115233,2022-07-09
115234,2022-07-09
115235,2022-07-09
115236,2022-07-09
115238,2022-07-09
115239,2022-07-09
115240,2022-07-09
115241,2022-07-09
115242,2022-07-09
115243,2022-07-09
115245,2022-07-10
115246,2022-07-10
115247,2022-07-10
115248,2022-07-10
115249,2022-07-10
115250,2022-07-10
115251,2022-07-10
115252,2022-07-10
115253,2022-07-10
115254,2022-07-10
115255,2022-07-10
115256,2022-07-10
115257,2022-07-10
115258,2022-07-10
115259,2022-07-10
115260,2022-07-10
115261,2022-07-10
115262,2022-07-10
115263,2022-07-10
115264,2022-07-10
115265,2022-07-10
115266,2022-07-10
115267,2022-07-10
115268,2022-07-10
115269,2022-07-10
115270,2022-07-10
115271,2022-07-10
115272,2022-07-10
115273,2022-07-10
115274,2022-07-10
115275,2022-07-10
115276,2022-07-10
115277,2022-07-10
115278,2022-07-10
115279,2022-07-10
115280,2022-07-10
115282,2022-07-10
115284,2022-07-10
115285,2022-07-10
115286,2022-07-10
115287,2022-07-10
115288,2022-07-10
115289,2022-07-10
115290,2022-07-10
115291,2022-07-10
115292,2022-07-10
115293,2022-07-10
115294,2022-07-10
115295,2022-07-10
115296,2022-07-10
115297,2022-07-10
115298,2022-07-10
115299,2022-07-10
115300,2022-07-10
115301,2022-07-10
115302,2022-07-10
115303,2022-07-10
115304,2022-07-10
115305,2022-07-10
115306,2022-07-10
115307,2022-07-10
115308,2022-07-10
115309,2022-07-10
115310,2022-07-10
115311,2022-07-10
115312,2022-07-10
115313,2022-07-10
115314,2022-07-10
115315,2022-07-10
115316,2022-07-10
115317,2022-07-10
115318,2022-07-10
115319,2022-07-10
115320,2022-07-10
115321,2022-07-10
115322,2022-07-10
115323,2022-07-10
115324,2022-07-10
115325,2022-07-10
115326,2022-07-10
115327,2022-07-10
115328,2022-07-10
115330,2022-07-10
115331,2022-07-10
115332,2022-07-10
115333,2022-07-10
115334,2022-07-10
115335,2022-07-11
115336,2022-07-11
115337,2022-07-11
115338,2022-07-11
115340,2022-07-11
115342,2022-07-11
115343,2022-07-11
115344,2022-07-11
115345,2022-07-11
115346,2022-07-11
115347,2022-07-11
115348,2022-07-11
115349,2022-07-11
115350,2022-07-11
115351,2022-07-11
115352,2022-07-11
115353,2022-07-11
115354,2022-07-11
115355,2022-07-11
115356,2022-07-11
115357,2022-07-11
115358,2022-07-11
115359,2022-07-11
115360,2022-07-11
115361,2022-07-11
115362,2022-07-11
115363,2022-07-11
115364,2022-07-11
115365,2022-07-11
115366,2022-07-11
115367,2022-07-11
115368,2022-07-11
115369,2022-07-11
115370,2022-07-11
115371,2022-07-11
115372,2022-07-11
115373,2022-07-11
115374,2022-07-11
115375,2022-07-11
115376,2022-07-11
115377,2022-07-11
115378,2022-07-11
115379,2022-07-11
115380,2022-07-11
115381,2022-07-11
115382,2022-07-11
115383,2022-07-11
115384,2022-07-11
115385,2022-07-11
115386,2022-07-11
115387,2022-07-11
115388,2022-07-11
115392,2022-07-11
115393,2022-07-11
115394,2022-07-11
115395,2022-07-11
115396,2022-07-11
115397,2022-07-11
115398,2022-07-11
115399,2022-07-11
115401,2022-07-11
115402,2022-07-11
115403,2022-07-11
115404,2022-07-11
115405,2022-07-11
115406,2022-07-11
115407,2022-07-11
115408,2022-07-11
115409,2022-07-11
115410,2022-07-11
115411,2022-07-11
115413,2022-07-11
115415,2022-07-11
115416,2022-07-11
115417,2022-07-11
115418,2022-07-11
115419,2022-07-11
115420,2022-07-11
115424,2022-07-11
115425,2022-07-11
115426,2022-07-11
115427,2022-07-11
115428,2022-07-11
115429,2022-07-11
115430,2022-07-12
115431,2022-07-12
115435,2022-07-12
115436,2022-07-12
115438,2022-07-12
115439,2022-07-12
115441,2022-07-12
115443,2022-07-12
115444,2022-07-12
115445,2022-07-12
115446,2022-07-12
115447,2022-07-12
115448,2022-07-12
115449,2022-07-12
115450,2022-07-12
115451,2022-07-12
115452,2022-07-12
115453,2022-07-12
115454,2022-07-12
115455,2022-07-12
115456,2022-07-12
115457,2022-07-12
115458,2022-07-12
115459,2022-07-12
115461,2022-07-12
115462,2022-07-12
115463,2022-07-12
115464,2022-07-12
115465,2022-07-12
115466,2022-07-12
115467,2022-07-12
115468,2022-07-12
115469,2022-07-12
115470,2022-07-12
115472,2022-07-12
115473,2022-07-12
115474,2022-07-12
115475,2022-07-12
115476,2022-07-12
115477,2022-07-12
115478,2022-07-12
115479,2022-07-12
115480,2022-07-12
115481,2022-07-12
115483,2022-07-12
115484,2022-07-12
115485,2022-07-12
115486,2022-07-12
115487,2022-07-12
115488,2022-07-12
115489,2022-07-12
115490,2022-07-12
115491,2022-07-12
115492,2022-07-12
115493,2022-07-12
115494,2022-07-12
115495,2022-07-12
115496,2022-07-12
115497,2022-07-12
115498,2022-07-12
115499,2022-07-12
115500,2022-07-12
115501,2022-07-12
115502,2022-07-12
115503,2022-07-12
115504,2022-07-12
115505,2022-07-12
115506,2022-07-12
115507,2022-07-12
115508,2022-07-12
115509,2022-07-12
115510,2022-07-12
115511,2022-07-12
115512,2022-07-12
115513,2022-07-12
115514,2022-07-12
115515,2022-07-12
115516,2022-07-12
115517,2022-07-12
115518,2022-07-12
115519,2022-07-12
115520,2022-07-12
115521,2022-07-12
115522,2022-07-12
115523,2022-07-12
115524,2022-07-12
115525,2022-07-12
115526,2022-07-12
115527,2022-07-12
115528,2022-07-12
115529,2022-07-12
115530,2022-07-12
115531,2022-07-12
115532,2022-07-12
115533,2022-07-12
115534,2022-07-12
115535,2022-07-12
115536,2022-07-13
115537,2022-07-13
115538,2022-07-13
115539,2022-07-13
115541,2022-07-13
115542,2022-07-13
115543,2022-07-13
115544,2022-07-13
115546,2022-07-13
115547,2022-07-13
115548,2022-07-13
115550,2022-07-13
115551,2022-07-13
115552,2022-07-13
115553,2022-07-13
115554,2022-07-13
115556,2022-07-13
115557,2022-07-13
115558,2022-07-13
115559,2022-07-13
115560,2022-07-13
115561,2022-07-13
115562,2022-07-13
115563,2022-07-13
115564,2022-07-13
115565,2022-07-13
115566,2022-07-13
115567,2022-07-13
115568,2022-07-13
115569,2022-07-13
115570,2022-07-13
115571,2022-07-13
115572,2022-07-13
115573,2022-07-13
115574,2022-07-13
115575,2022-07-13
115576,2022-07-13
115577,2022-07-13
115578,2022-07-13
115579,2022-07-13
115581,2022-07-13
115582,2022-07-13
115583,2022-07-13
115584,2022-07-13
115585,2022-07-13
115586,2022-07-13
115587,2022-07-13
115591,2022-07-13
115592,2022-07-13
115593,2022-07-13
115594,2022-07-13
115595,2022-07-13
115596,2022-07-13
115597,2022-07-13
115598,2022-07-13
115599,2022-07-13
115600,2022-07-13
115601,2022-07-13
115602,2022-07-13
115603,2022-07-13
115604,2022-07-13
115606,2022-07-13
115607,2022-07-13
115608,2022-07-13
115610,2022-07-14
115611,2022-07-14
115612,2022-07-14
115613,2022-07-14
115614,2022-07-14
115615,2022-07-14
115616,2022-07-14
115617,2022-07-14
115619,2022-07-14
115620,2022-07-14
115621,2022-07-14
115622,2022-07-14
115623,2022-07-14
115625,2022-07-14
115626,2022-07-14
115627,2022-07-14
115628,2022-07-14
115632,2022-07-14
115633,2022-07-14
115634,2022-07-14
115635,2022-07-14
115636,2022-07-14
115637,2022-07-14
115638,2022-07-14
115639,2022-07-14
115640,2022-07-14
115641,2022-07-14
115642,2022-07-14
115643,2022-07-14
115644,2022-07-14
115646,2022-07-14
115648,2022-07-14
115649,2022-07-14
115650,2022-07-14
115651,2022-07-14
115652,2022-07-14
115653,2022-07-14
115654,2022-07-14
115655,2022-07-14
115656,2022-07-14
115657,2022-07-14
115658,2022-07-14
115659,2022-07-14
115660,2022-07-14
115661,2022-07-14
115662,2022-07-14
115663,2022-07-14
115664,2022-07-14
115665,2022-07-14
115666,2022-07-14
115667,2022-07-14
115668,2022-07-14
115669,2022-07-14
115670,2022-07-14
115671,2022-07-14
115672,2022-07-14
115673,2022-07-14
115674,2022-07-14
115675,2022-07-14
115676,2022-07-14
115677,2022-07-14
115678,2022-07-14
115679,2022-07-14
115680,2022-07-14
115681,2022-07-14
115682,2022-07-14
115683,2022-07-14
115684,2022-07-14
115685,2022-07-14
115686,2022-07-14
115687,2022-07-14
115688,2022-07-14
115689,2022-07-14
115690,2022-07-14
115691,2022-07-14
115692,2022-07-14
115693,2022-07-14
115694,2022-07-14
115695,2022-07-14
115696,2022-07-14
115697,2022-07-14
115698,2022-07-14
115699,2022-07-14
115702,2022-07-14
115703,2022-07-14
115704,2022-07-14
115705,2022-07-14
115706,2022-07-14
115707,2022-07-14
115708,2022-07-14
115709,2022-07-14
115710,2022-07-14
115711,2022-07-14
115712,2022-07-14
115713,2022-07-14
115714,2022-07-14
115715,2022-07-14
115716,2022-07-14
115717,2022-07-14
115718,2022-07-14
115719,2022-07-14
115720,2022-07-14
115721,2022-07-14
115722,2022-07-14
115723,2022-07-14
115724,2022-07-14
115725,2022-07-15
115726,2022-07-15
115727,2022-07-15
115728,2022-07-15
115730,2022-07-15
115733,2022-07-15
115734,2022-07-15
115735,2022-07-15
115736,2022-07-15
115737,2022-07-15
115738,2022-07-15
115739,2022-07-15
115740,2022-07-15
115741,2022-07-15
115742,2022-07-15
115743,2022-07-15
115744,2022-07-15
115745,2022-07-15
115746,2022-07-15
115747,2022-07-15
115748,2022-07-15
115749,2022-07-15
115750,2022-07-15
115751,2022-07-15
115752,2022-07-15
115754,2022-07-15
115755,2022-07-15
115756,2022-07-15
115757,2022-07-15
115758,2022-07-15
115759,2022-07-15
115760,2022-07-15
115761,2022-07-15
115762,2022-07-15
115763,2022-07-15
115764,2022-07-15
115765,2022-07-15
115766,2022-07-15
115767,2022-07-15
115768,2022-07-15
115769,2022-07-15
115770,2022-07-15
115772,2022-07-15
115773,2022-07-15
115774,2022-07-15
115776,2022-07-15
115777,2022-07-15
115779,2022-07-15
115780,2022-07-15
115781,2022-07-15
115782,2022-07-15
115783,2022-07-15
115784,2022-07-15
115785,2022-07-15
115786,2022-07-15
115787,2022-07-15
115788,2022-07-15
115789,2022-07-15
115790,2022-07-15
115791,2022-07-15
115792,2022-07-15
115793,2022-07-15
115794,2022-07-15
115795,2022-07-15
115796,2022-07-15
115797,2022-07-15
115798,2022-07-15
115799,2022-07-15
115800,2022-07-15
115802,2022-07-15
115803,2022-07-15
115804,2022-07-15
115809,2022-07-15
115810,2022-07-15
115812,2022-07-15
115813,2022-07-15
115815,2022-07-15
115816,2022-07-15
115817,2022-07-15
115818,2022-07-15
115819,2022-07-15
115820,2022-07-15
115822,2022-07-15
115825,2022-07-16
115826,2022-07-16
115827,2022-07-16
115828,2022-07-16
115830,2022-07-16
115831,2022-07-16
115832,2022-07-16
115833,2022-07-16
115834,2022-07-16
115835,2022-07-16
115836,2022-07-16
115837,2022-07-16
115838,2022-07-16
115839,2022-07-16
115840,2022-07-16
115841,2022-07-16
115842,2022-07-16
115843,2022-07-16
115844,2022-07-16
115845,2022-07-16
115846,2022-07-16
115847,2022-07-16
115848,2022-07-16
115849,2022-07-16
115850,2022-07-16
115851,2022-07-16
115852,2022-07-16
115853,2022-07-16
115854,2022-07-16
115856,2022-07-16
115857,2022-07-16
115858,2022-07-16
115860,2022-07-16
115861,2022-07-16
115862,2022-07-16
115863,2022-07-16
115865,2022-07-16
115866,2022-07-16
115868,2022-07-16
115869,2022-07-16
115870,2022-07-16
115871,2022-07-16
115872,2022-07-16
115873,2022-07-16
115875,2022-07-16
115876,2022-07-16
115877,2022-07-16
115879,2022-07-16
115880,2022-07-16
115881,2022-07-16
115882,2022-07-16
115883,2022-07-16
115884,2022-07-16
115885,2022-07-16
115886,2022-07-16
115888,2022-07-16
115889,2022-07-16
115890,2022-07-16
115891,2022-07-16
115892,2022-07-16
115893,2022-07-16
115894,2022-07-16
115895,2022-07-16
115896,2022-07-16
115898,2022-07-16
115899,2022-07-17
115900,2022-07-17
115901,2022-07-17
115902,2022-07-17
115905,2022-07-17
115906,2022-07-17
115907,2022-07-17
115908,2022-07-17
115909,2022-07-17
115910,2022-07-17
115912,2022-07-17
115913,2022-07-17
115914,2022-07-17
115915,2022-07-17
115916,2022-07-17
115917,2022-07-17
115918,2022-07-17
115919,2022-07-17
115920,2022-07-17
115921,2022-07-17
115922,2022-07-17
115923,2022-07-17
115924,2022-07-17
115925,2022-07-17
115926,2022-07-17
115927,2022-07-17
115928,2022-07-17
115929,2022-07-17
115930,2022-07-17
115931,2022-07-17
115932,2022-07-17
115933,2022-07-17
115934,2022-07-17
115935,2022-07-17
115936,2022-07-17
115937,2022-07-17
115938,2022-07-17
115939,2022-07-17
115940,2022-07-17
115941,2022-07-17
115942,2022-07-17
115943,2022-07-17
115946,2022-07-17
115947,2022-07-17
115948,2022-07-17
115949,2022-07-17
115950,2022-07-17
115951,2022-07-17
115952,2022-07-17
115953,2022-07-17
115954,2022-07-17
115955,2022-07-17
115956,2022-07-17
115957,2022-07-17
115958,2022-07-17
115960,2022-07-17
115961,2022-07-17
115962,2022-07-17
115963,2022-07-17
115964,2022-07-17
115965,2022-07-17
115966,2022-07-17
115968,2022-07-17
115969,2022-07-17
115970,2022-07-17
115971,2022-07-17
115972,2022-07-17
115973,2022-07-17
115974,2022-07-17
115975,2022-07-17
115976,2022-07-17
115977,2022-07-17
115978,2022-07-17
115979,2022-07-17
115980,2022-07-17
115981,2022-07-17
115982,2022-07-17
115983,2022-07-17
115984,2022-07-17
115985,2022-07-17
115986,2022-07-17
115987,2022-07-17
115988,2022-07-17
115989,2022-07-17
115990,2022-07-17
115991,2022-07-17
115992,2022-07-17
115993,2022-07-17
115994,2022-07-17
115995,2022-07-17
115996,2022-07-18
115997,2022-07-18
115998,2022-07-18
115999,2022-07-18
116000,2022-07-18
116001,2022-07-18
116002,2022-07-18
116003,2022-07-18
116006,2022-07-18
116007,2022-07-18
116008,2022-07-18
116009,2022-07-18
116011,2022-07-18
116012,2022-07-18
116013,2022-07-18
116014,2022-07-18
116015,2022-07-18
116016,2022-07-18
116017,2022-07-18
116018,2022-07-18
116019,2022-07-18
116020,2022-07-18
116021,2022-07-18
116022,2022-07-18
116023,2022-07-18
116024,2022-07-18
116025,2022-07-18
116026,2022-07-18
116027,2022-07-18
116028,2022-07-18
116029,2022-07-18
116030,2022-07-18
116031,2022-07-18
116032,2022-07-18
116033,2022-07-18
116034,2022-07-18
116035,2022-07-18
116036,2022-07-18
116037,2022-07-18
116038,2022-07-18
116039,2022-07-18
116040,2022-07-18
116041,2022-07-18
116042,2022-07-18
116043,2022-07-18
116044,2022-07-18
116045,2022-07-18
116046,2022-07-18
116047,2022-07-18
116048,2022-07-18
116049,2022-07-18
116050,2022-07-18
116051,2022-07-18
116052,2022-07-18
116053,2022-07-18
116054,2022-07-18
116055,2022-07-18
116056,2022-07-18
116057,2022-07-18
116058,2022-07-18
116059,2022-07-18
116060,2022-07-18
116061,2022-07-18
116062,2022-07-18
116064,2022-07-18
116065,2022-07-18
116066,2022-07-18
116067,2022-07-18
116068,2022-07-18
116069,2022-07-18
116070,2022-07-18
116071,2022-07-18
116072,2022-07-18
116073,2022-07-18
116074,2022-07-18
116075,2022-07-18
116076,2022-07-18
116078,2022-07-18
116079,2022-07-18
116080,2022-07-18
116081,2022-07-18
116082,2022-07-18
116083,2022-07-18
116084,2022-07-18
116085,2022-07-18
116086,2022-07-18
116087,2022-07-18
116088,2022-07-18
116089,2022-07-18
116090,2022-07-18
116091,2022-07-18
116092,2022-07-18
116093,2022-07-18
116094,2022-07-18
116095,2022-07-18
116096,2022-07-19
116097,2022-07-19
116098,2022-07-19
116099,2022-07-19
116100,2022-07-19
116101,2022-07-19
116102,2022-07-19
116104,2022-07-19
116105,2022-07-19
116106,2022-07-19
116107,2022-07-19
116109,2022-07-19
116110,2022-07-19
116111,2022-07-19
116112,2022-07-19
116113,2022-07-19
116114,2022-07-19
116115,2022-07-19
116116,2022-07-19
116117,2022-07-19
116118,2022-07-19
116119,2022-07-19
116120,2022-07-19
116121,2022-07-19
116122,2022-07-19
116123,2022-07-19
116124,2022-07-19
116125,2022-07-19
116126,2022-07-19
116127,2022-07-19
116128,2022-07-19
116129,2022-07-19
116130,2022-07-19
116131,2022-07-19
116132,2022-07-19
116133,2022-07-19
116134,2022-07-19
116135,2022-07-19
116136,2022-07-19
116137,2022-07-19
116141,2022-07-19
116142,2022-07-19
116143,2022-07-19
116144,2022-07-19
116145,2022-07-19
116146,2022-07-19
116147,2022-07-19
116148,2022-07-19
116149,2022-07-19
116150,2022-07-19
116151,2022-07-19
116152,2022-07-19
116153,2022-07-19
116154,2022-07-19
116155,2022-07-19
116156,2022-07-19
116157,2022-07-19
116158,2022-07-19
116159,2022-07-19
116160,2022-07-19
116161,2022-07-19
116162,2022-07-19
116163,2022-07-19
116164,2022-07-19
116165,2022-07-19
116166,2022-07-19
116167,2022-07-19
116168,2022-07-19
116169,2022-07-19
116170,2022-07-19
116171,2022-07-19
116172,2022-07-19
116173,2022-07-19
116174,2022-07-19
116175,2022-07-19
116176,2022-07-19
116177,2022-07-19
116178,2022-07-19
116179,2022-07-19
116180,2022-07-19
116181,2022-07-19
116182,2022-07-19
116183,2022-07-19
116184,2022-07-19
116185,2022-07-19
116187,2022-07-19
116188,2022-07-19
116189,2022-07-19
116190,2022-07-19
116191,2022-07-19
116192,2022-07-19
116193,2022-07-19
116194,2022-07-19
116195,2022-07-20
116196,2022-07-20
116197,2022-07-20
116198,2022-07-20
116199,2022-07-20
116200,2022-07-20
116201,2022-07-20
116202,2022-07-20
116203,2022-07-20
116204,2022-07-20
116205,2022-07-20
116206,2022-07-20
116207,2022-07-20
116208,2022-07-20
116209,2022-07-20
116210,2022-07-20
116211,2022-07-20
116212,2022-07-20
116213,2022-07-20
116214,2022-07-20
116215,2022-07-20
116216,2022-07-20
116217,2022-07-20
116218,2022-07-20
116219,2022-07-20
116220,2022-07-20
116221,2022-07-20
116222,2022-07-20
116223,2022-07-20
116224,2022-07-20
116225,2022-07-20
116226,2022-07-20
116227,2022-07-20
116228,2022-07-20
116229,2022-07-20
116230,2022-07-20
116231,2022-07-20
116232,2022-07-20
116233,2022-07-20
116234,2022-07-20
116235,2022-07-20
116236,2022-07-20
116237,2022-07-20
116238,2022-07-20
116239,2022-07-20
116240,2022-07-20
116241,2022-07-20
116242,2022-07-20
116244,2022-07-20
116245,2022-07-20
116246,2022-07-20
116247,2022-07-20
116248,2022-07-20
116249,2022-07-20
116250,2022-07-20
116251,2022-07-20
116253,2022-07-20
116254,2022-07-20
116255,2022-07-20
116256,2022-07-20
116257,2022-07-20
116258,2022-07-20
116259,2022-07-20
116260,2022-07-20
116261,2022-07-20
116262,2022-07-20
116263,2022-07-20
116264,2022-07-20
116266,2022-07-20
116267,2022-07-20
116268,2022-07-20
116269,2022-07-20
116270,2022-07-20
116272,2022-07-20
116273,2022-07-20
116274,2022-07-20
116275,2022-07-20
116276,2022-07-20
116277,2022-07-20
116278,2022-07-20
116279,2022-07-20
116280,2022-07-20
116281,2022-07-20
116283,2022-07-20
116284,2022-07-21
116285,2022-07-21
116286,2022-07-21
116287,2022-07-21
116289,2022-07-21
116290,2022-07-21
116291,2022-07-21
116292,2022-07-21
116293,2022-07-21
116294,2022-07-21
116295,2022-07-21
116296,2022-07-21
116297,2022-07-21
116298,2022-07-21
116299,2022-07-21
116300,2022-07-21
116301,2022-07-21
116302,2022-07-21
116303,2022-07-21
116304,2022-07-21
116305,2022-07-21
116306,2022-07-21
116307,2022-07-21
116308,2022-07-21
116309,2022-07-21
116310,2022-07-21
116311,2022-07-21
116312,2022-07-21
116316,2022-07-21
116317,2022-07-21
116318,2022-07-21
116319,2022-07-21
116321,2022-07-21
116323,2022-07-21
116324,2022-07-21
116325,2022-07-21
116326,2022-07-21
116327,2022-07-21
116328,2022-07-21
116329,2022-07-21
116330,2022-07-21
116331,2022-07-21
116332,2022-07-21
116333,2022-07-21
116334,2022-07-21
116336,2022-07-21
116337,2022-07-21
116338,2022-07-21
116339,2022-07-21
116340,2022-07-21
116341,2022-07-21
116342,2022-07-21
116343,2022-07-21
116344,2022-07-21
116345,2022-07-21
116346,2022-07-21
116347,2022-07-21
116348,2022-07-21
116349,2022-07-21
116350,2022-07-21
116351,2022-07-21
116352,2022-07-21
116353,2022-07-21
116354,2022-07-21
116355,2022-07-21
116356,2022-07-21
116357,2022-07-21
116358,2022-07-21
116359,2022-07-22
116360,2022-07-22
116361,2022-07-22
116362,2022-07-22
116364,2022-07-22
116365,2022-07-22
116366,2022-07-22
116367,2022-07-22
116368,2022-07-22
116369,2022-07-22
116370,2022-07-22
116371,2022-07-22
116372,2022-07-22
116373,2022-07-22
116374,2022-07-22
116375,2022-07-22
116376,2022-07-22
116377,2022-07-22
116378,2022-07-22
116379,2022-07-22
116380,2022-07-22
116381,2022-07-22
116382,2022-07-22
116383,2022-07-22
116384,2022-07-22
116385,2022-07-22
116386,2022-07-22
116387,2022-07-22
116388,2022-07-22
116389,2022-07-22
116390,2022-07-22
116392,2022-07-22
116393,2022-07-22
116394,2022-07-22
116395,2022-07-22
116396,2022-07-22
116397,2022-07-22
116398,2022-07-22
116399,2022-07-22
116400,2022-07-22
116401,2022-07-22
116402,2022-07-22
116403,2022-07-22
116404,2022-07-22
116405,2022-07-22
116406,2022-07-22
116407,2022-07-22
116408,2022-07-22
116409,2022-07-22
116410,2022-07-22
116411,2022-07-22
116412,2022-07-22
116413,2022-07-22
116414,2022-07-22
116415,2022-07-22
116416,2022-07-22
116417,2022-07-22
116418,2022-07-22
116419,2022-07-22
116420,2022-07-22
116421,2022-07-22
116422,2022-07-22
116423,2022-07-22
116424,2022-07-22
116425,2022-07-22
116426,2022-07-22
116427,2022-07-22
116428,2022-07-22
116429,2022-07-22
116430,2022-07-22
116431,2022-07-22
116432,2022-07-22
116433,2022-07-22
116434,2022-07-22
116435,2022-07-22
116436,2022-07-22
116437,2022-07-22
116438,2022-07-22
116439,2022-07-22
116440,2022-07-22
116441,2022-07-22
116442,2022-07-22
116443,2022-07-22
116444,2022-07-22
116445,2022-07-22
116446,2022-07-22
116447,2022-07-22
116448,2022-07-22
116449,2022-07-22
116450,2022-07-22
116451,2022-07-22
116452,2022-07-22
116454,2022-07-22
116455,2022-07-22
116456,2022-07-22
116457,2022-07-22
116458,2022-07-22
116459,2022-07-22
116460,2022-07-22
116461,2022-07-22
116462,2022-07-22
116463,2022-07-22
116464,2022-07-22
116465,2022-07-22
116466,2022-07-22
116467,2022-07-22
116468,2022-07-22
116469,2022-07-23
116470,2022-07-23
116471,2022-07-23
116472,2022-07-23
116474,2022-07-23
116476,2022-07-23
116477,2022-07-23
116478,2022-07-23
116479,2022-07-23
116480,2022-07-23
116481,2022-07-23
116482,2022-07-23
116483,2022-07-23
116484,2022-07-23
116485,2022-07-23
116486,2022-07-23
116487,2022-07-23
116488,2022-07-23
116489,2022-07-23
116490,2022-07-23
116491,2022-07-23
116492,2022-07-23
116493,2022-07-23
116494,2022-07-23
116495,2022-07-23
116496,2022-07-23
116497,2022-07-23
116498,2022-07-23
116499,2022-07-23
116501,2022-07-23
116502,2022-07-23
116503,2022-07-23
116504,2022-07-23
116505,2022-07-23
116507,2022-07-23
116508,2022-07-23
116510,2022-07-23
116511,2022-07-23
116512,2022-07-23
116513,2022-07-23
116514,2022-07-23
116515,2022-07-23
116516,2022-07-23
116517,2022-07-23
116518,2022-07-23
116520,2022-07-23
116521,2022-07-23
116522,2022-07-23
116523,2022-07-23
116524,2022-07-23
116525,2022-07-23
116526,2022-07-23
116527,2022-07-23
116528,2022-07-23
116530,2022-07-23
116531,2022-07-23
116532,2022-07-23
116533,2022-07-23
116534,2022-07-23
116535,2022-07-23
116536,2022-07-23
116537,2022-07-23
116538,2022-07-23
116539,2022-07-23
116540,2022-07-23
116541,2022-07-23
116542,2022-07-23
116543,2022-07-23
116544,2022-07-23
116545,2022-07-23
116546,2022-07-23
116547,2022-07-23
116549,2022-07-23
116550,2022-07-23
116552,2022-07-23
116553,2022-07-23
116554,2022-07-23
116555,2022-07-23
116556,2022-07-23
116557,2022-07-23
116559,2022-07-23
116560,2022-07-23
116561,2022-07-23
116562,2022-07-23
116563,2022-07-24
116564,2022-07-24
116565,2022-07-24
116566,2022-07-24
116568,2022-07-24
116569,2022-07-24
116570,2022-07-24
116571,2022-07-24
116572,2022-07-24
116573,2022-07-24
116574,2022-07-24
116575,2022-07-24
116576,2022-07-24
116577,2022-07-24
116578,2022-07-24
116579,2022-07-24
116580,2022-07-24
116581,2022-07-24
116582,2022-07-24
116583,2022-07-24
116584,2022-07-24
116585,2022-07-24
116586,2022-07-24
116587,2022-07-24
116588,2022-07-24
116589,2022-07-24
116590,2022-07-24
116591,2022-07-24
116592,2022-07-24
116593,2022-07-24
116594,2022-07-24
116595,2022-07-24
116596,2022-07-24
116597,2022-07-24
116598,2022-07-24
116599,2022-07-24
116600,2022-07-24
116601,2022-07-24
116602,2022-07-24
116603,2022-07-24
116604,2022-07-24
116605,2022-07-24
116606,2022-07-24
116607,2022-07-24
116608,2022-07-24
116610,2022-07-24
116611,2022-07-24
116612,2022-07-24
116613,2022-07-24
116614,2022-07-24
116615,2022-07-24
116616,2022-07-24
116617,2022-07-24
116618,2022-07-24
116619,2022-07-24
116620,2022-07-24
116621,2022-07-24
116622,2022-07-24
116623,2022-07-24
116624,2022-07-24
116625,2022-07-24
116626,2022-07-24
116627,2022-07-24
116628,2022-07-24
116629,2022-07-24
116630,2022-07-24
116631,2022-07-24
116632,2022-07-24
116633,2022-07-24
116634,2022-07-24
116635,2022-07-24
116636,2022-07-24
116637,2022-07-24
116638,2022-07-24
116639,2022-07-24
116640,2022-07-24
116642,2022-07-24
116643,2022-07-24
116644,2022-07-24
116646,2022-07-24
116647,2022-07-24
116648,2022-07-24
116649,2022-07-24
116650,2022-07-24
116651,2022-07-24
116652,2022-07-24
116653,2022-07-24
116654,2022-07-24
116655,2022-07-24
116656,2022-07-24
116658,2022-07-24
116659,2022-07-24
116660,2022-07-24
116661,2022-07-24
116662,2022-07-24
116663,2022-07-24
116664,2022-07-24
116665,2022-07-24
116666,2022-07-24
116668,2022-07-24
116669,2022-07-24
116670,2022-07-24
116671,2022-07-24
116672,2022-07-24
116673,2022-07-24
116674,2022-07-24
116675,2022-07-24
116678,2022-07-24
116680,2022-07-24
116681,2022-07-24
116682,2022-07-24
116683,2022-07-25
116684,2022-07-25
116685,2022-07-25
116686,2022-07-25
116688,2022-07-25
116689,2022-07-25
116691,2022-07-25
116693,2022-07-25
116696,2022-07-25
116697,2022-07-25
116698,2022-07-25
116699,2022-07-25
116700,2022-07-25
116701,2022-07-25
116702,2022-07-25
116703,2022-07-25
116704,2022-07-25
116705,2022-07-25
116706,2022-07-25
116707,2022-07-25
116708,2022-07-25
116709,2022-07-25
116710,2022-07-25
116711,2022-07-25
116712,2022-07-25
116713,2022-07-25
116714,2022-07-25
116715,2022-07-25
116716,2022-07-25
116717,2022-07-25
116718,2022-07-25
116719,2022-07-25
116720,2022-07-25
116721,2022-07-25
116722,2022-07-25
116723,2022-07-25
116724,2022-07-25
116725,2022-07-25
116726,2022-07-25
116727,2022-07-25
116728,2022-07-25
116729,2022-07-25
116730,2022-07-25
116731,2022-07-25
116732,2022-07-25
116733,2022-07-25
116734,2022-07-25
116735,2022-07-25
116736,2022-07-25
116737,2022-07-25
116738,2022-07-25
116739,2022-07-25
116740,2022-07-25
116741,2022-07-25
116742,2022-07-25
116743,2022-07-25
116744,2022-07-25
116746,2022-07-25
116747,2022-07-25
116749,2022-07-25
116750,2022-07-25
116751,2022-07-25
116752,2022-07-25
116753,2022-07-25
116754,2022-07-25
116755,2022-07-25
116756,2022-07-25
116757,2022-07-25
116758,2022-07-25
116759,2022-07-25
116760,2022-07-25
116761,2022-07-25
116762,2022-07-25
116763,2022-07-25
116764,2022-07-25
116766,2022-07-25
116767,2022-07-25
116768,2022-07-25
116769,2022-07-25
116770,2022-07-25
116771,2022-07-25
116772,2022-07-25
116773,2022-07-25
116774,2022-07-25
116775,2022-07-26
116776,2022-07-26
116777,2022-07-26
116778,2022-07-26
116779,2022-07-26
116780,2022-07-26
116782,2022-07-26
116783,2022-07-26
116784,2022-07-26
116785,2022-07-26
116786,2022-07-26
116787,2022-07-26
116788,2022-07-26
116789,2022-07-26
116790,2022-07-26
116791,2022-07-26
116792,2022-07-26
116793,2022-07-26
116794,2022-07-26
116795,2022-07-26
116796,2022-07-26
116797,2022-07-26
116798,2022-07-26
116799,2022-07-26
116800,2022-07-26
116801,2022-07-26
116802,2022-07-26
116803,2022-07-26
116804,2022-07-26
116805,2022-07-26
116806,2022-07-26
116807,2022-07-26
116808,2022-07-26
116809,2022-07-26
116810,2022-07-26
116811,2022-07-26
116812,2022-07-26
116813,2022-07-26
116814,2022-07-26
116815,2022-07-26
116816,2022-07-26
116817,2022-07-26
116818,2022-07-26
116819,2022-07-26
116820,2022-07-26
116821,2022-07-26
116822,2022-07-26
116823,2022-07-26
116824,2022-07-26
116825,2022-07-26
116826,2022-07-26
116827,2022-07-26
116828,2022-07-26
116829,2022-07-26
116830,2022-07-26
116831,2022-07-26
116832,2022-07-26
116833,2022-07-26
116834,2022-07-26
116835,2022-07-26
116836,2022-07-26
116837,2022-07-26
116838,2022-07-26
116839,2022-07-26
116840,2022-07-26
116841,2022-07-26
116842,2022-07-26
116843,2022-07-26
116844,2022-07-26
116845,2022-07-26
116846,2022-07-26
116847,2022-07-26
116848,2022-07-26
116849,2022-07-26
116850,2022-07-26
116851,2022-07-26
116852,2022-07-26
116853,2022-07-26
116854,2022-07-26
116855,2022-07-26
116856,2022-07-26
116857,2022-07-26
116858,2022-07-26
116859,2022-07-26
116860,2022-07-26
116861,2022-07-26
116862,2022-07-26
116863,2022-07-26
116864,2022-07-26
116865,2022-07-26
116867,2022-07-26
116868,2022-07-26
116869,2022-07-26
116870,2022-07-27
116871,2022-07-27
116872,2022-07-27
116873,2022-07-27
116875,2022-07-27
116878,2022-07-27
116879,2022-07-27
116881,2022-07-27
116882,2022-07-27
116883,2022-07-27
116884,2022-07-27
116886,2022-07-27
116889,2022-07-27
116891,2022-07-27
116892,2022-07-27
116893,2022-07-27
116905,2022-07-27
116906,2022-07-27
116907,2022-07-27
116908,2022-07-27
116909,2022-07-27
116910,2022-07-27
116912,2022-07-27
116913,2022-07-27
116914,2022-07-27
116915,2022-07-27
116916,2022-07-27
116917,2022-07-27
116918,2022-07-27
116921,2022-07-27
116922,2022-07-27
116923,2022-07-27
116924,2022-07-27
116925,2022-07-27
116926,2022-07-27
116927,2022-07-27
116928,2022-07-27
116930,2022-07-27
116931,2022-07-27
116932,2022-07-27
116933,2022-07-27
116934,2022-07-27
116935,2022-07-27
116936,2022-07-27
116937,2022-07-27
116938,2022-07-27
116939,2022-07-27
116940,2022-07-27
116941,2022-07-27
116942,2022-07-27
116943,2022-07-27
116944,2022-07-27
116945,2022-07-27
116946,2022-07-27
116947,2022-07-27
116948,2022-07-27
116949,2022-07-27
116950,2022-07-27
116951,2022-07-27
116953,2022-07-27
116954,2022-07-27
116955,2022-07-27
116956,2022-07-27
116957,2022-07-27
116958,2022-07-27
116959,2022-07-27
116962,2022-07-27
116963,2022-07-27
116964,2022-07-27
116965,2022-07-27
116966,2022-07-27
116967,2022-07-27
116978,2022-07-27
116979,2022-07-28
116980,2022-07-28
116981,2022-07-28
116982,2022-07-28
116983,2022-07-28
116985,2022-07-28
116986,2022-07-29
116987,2022-07-29
116988,2022-07-29
116989,2022-07-29
116991,2022-07-29
116992,2022-07-29
116993,2022-07-29
116994,2022-07-29
116995,2022-07-29
116996,2022-07-29
116997,2022-07-29
116998,2022-07-29
116999,2022-07-29
117000,2022-07-29
117001,2022-07-29
117002,2022-07-29
117003,2022-07-29
117004,2022-07-29
117005,2022-07-29
117006,2022-07-29
117007,2022-07-29
117008,2022-07-29
117009,2022-07-29
117010,2022-07-29
117011,2022-07-29
117012,2022-07-29
117013,2022-07-29
117014,2022-07-29
117015,2022-07-29
117016,2022-07-29
117017,2022-07-29
117018,2022-07-29
117019,2022-07-29
117020,2022-07-29
117021,2022-07-29
117022,2022-07-29
117023,2022-07-29
117024,2022-07-29
117025,2022-07-29
117026,2022-07-29
117027,2022-07-29
117028,2022-07-29
117029,2022-07-29
117030,2022-07-29
117031,2022-07-29
117032,2022-07-29
117033,2022-07-29
117040,2022-07-29
117041,2022-07-30
117042,2022-07-30
117043,2022-07-30
117044,2022-07-30
117046,2022-07-30
117047,2022-07-30
117048,2022-07-30
117049,2022-07-30
117050,2022-07-30
117051,2022-07-30
117052,2022-07-30
117053,2022-07-30
117054,2022-07-30
117055,2022-07-30
117056,2022-07-30
117057,2022-07-30
117058,2022-07-30
117059,2022-07-30
117060,2022-07-30
117061,2022-07-30
117062,2022-07-30
117063,2022-07-30
117064,2022-07-30
117065,2022-07-30
117066,2022-07-30
117067,2022-07-30
117068,2022-07-30
117069,2022-07-30
117070,2022-07-30
117071,2022-07-30
117072,2022-07-30
117073,2022-07-30
117074,2022-07-30
117075,2022-07-30
117076,2022-07-30
117077,2022-07-30
117078,2022-07-30
117079,2022-07-30
117080,2022-07-30
117081,2022-07-30
117082,2022-07-30
117083,2022-07-30
117084,2022-07-30
117085,2022-07-30
117086,2022-07-30
117087,2022-07-30
117088,2022-07-30
117089,2022-07-30
117090,2022-07-30
117091,2022-07-30
117092,2022-07-30
117093,2022-07-30
117094,2022-07-30
117095,2022-07-30
117096,2022-07-30
117097,2022-07-30
117098,2022-07-30
117099,2022-07-30
117100,2022-07-30
117101,2022-07-30
117103,2022-07-30
117104,2022-07-30
117105,2022-07-30
117106,2022-07-30
117107,2022-07-30
117108,2022-07-30
117109,2022-07-30
117110,2022-07-30
117111,2022-07-30
117112,2022-07-30
117113,2022-07-30
117114,2022-07-30
117118,2022-07-31
117119,2022-07-31
117120,2022-07-31
117121,2022-07-31
117122,2022-07-31
117123,2022-07-31
117124,2022-07-31
117125,2022-07-31
117126,2022-07-31
117127,2022-07-31
117128,2022-07-31
117129,2022-07-31
117130,2022-07-31
117131,2022-07-31
117132,2022-07-31
117133,2022-07-31
117134,2022-07-31
117137,2022-07-31
117203,2022-11-19
117204,2022-11-24
117205,2022-11-24
117206,2022-11-24
117207,2022-11-24
117208,2022-11-24
117209,2022-11-24
117210,2022-11-24
117211,2022-11-24
117212,2022-11-24
117213,2022-11-25
117214,2022-11-25
117215,2022-11-25
117216,2022-11-25
117217,2022-11-25
117218,2022-11-25
117219,2022-11-25
117220,2022-11-25
117221,2022-11-25
117223,2022-11-28
117224,2022-11-28
117225,2022-11-28
117228,2022-11-28
117229,2022-11-28
117230,2022-11-28
117231,2022-11-28
117232,2022-11-28
117234,2022-11-28
117235,2022-11-28
117237,2022-11-28
117238,2022-11-28
117239,2022-11-28
117240,2022-11-28
117241,2022-11-29
117242,2022-11-29
117243,2022-11-29
117244,2022-11-29
117245,2022-11-29
117246,2022-11-29
117247,2022-11-29
117248,2022-11-29
117249,2022-11-29
117250,2022-11-29
117251,2022-11-29
117252,2022-11-29
117253,2022-11-29
117254,2022-11-29
117255,2022-11-29
117256,2022-11-29
117257,2022-11-29
117258,2022-11-29
117259,2022-11-30
117260,2022-11-30
117261,2022-11-30
117262,2022-11-30
117263,2022-11-30
117264,2022-11-30
117266,2022-11-30
117267,2022-11-30
117268,2022-11-30
117269,2022-11-30
117270,2022-11-30
117273,2022-11-30
117275,2022-11-30
117276,2022-11-30
117277,2022-11-30
117278,2022-11-30
117279,2022-11-30
117280,2022-11-30
117297,2022-11-30
117298,2022-12-01
117299,2022-12-01
117300,2022-12-01
117301,2022-12-01
117302,2022-12-01
117307,2022-12-01
117310,2022-12-01
117311,2022-12-01
117312,2022-12-01
117313,2022-12-01
117314,2022-12-01
117315,2022-12-01
117316,2022-12-01
117317,2022-12-01
117318,2022-12-01
117319,2022-12-01
117320,2022-12-01
117321,2022-12-01
117322,2022-12-01
117323,2022-12-01
117325,2022-12-01
117327,2022-12-01
117328,2022-12-01
117329,2022-12-01
117330,2022-12-01
117331,2022-12-01
117333,2022-12-01
117334,2022-12-01
117335,2022-12-01
117336,2022-12-02
117337,2022-12-02
117338,2022-12-02
117339,2022-12-02
117342,2022-12-02
117343,2022-12-02
117344,2022-12-02
117345,2022-12-02
117346,2022-12-02
117347,2022-12-02
117348,2022-12-02
117349,2022-12-02
117350,2022-12-02
117351,2022-12-02
117352,2022-12-02
117353,2022-12-02
117354,2022-12-02
117355,2022-12-02
117356,2022-12-02
117357,2022-12-02
117358,2022-12-02
117359,2022-12-02
117360,2022-12-02
117361,2022-12-02
117363,2022-12-02
117364,2022-12-02
117365,2022-12-02
117366,2022-12-02
117367,2022-12-02
117370,2022-12-02
117371,2022-12-02
117372,2022-12-02
117373,2022-12-02
117374,2022-12-02
117375,2022-12-02
117376,2022-12-02
117377,2022-12-02
117378,2022-12-02
117380,2022-12-02
117381,2022-12-02
117382,2022-12-02
117383,2022-12-02
117384,2022-12-02
117385,2022-12-02
117386,2022-12-02
117387,2022-12-02
117388,2022-12-02
117389,2022-12-02
117390,2022-12-02
117392,2022-12-02
117393,2022-12-02
117394,2022-12-02
117395,2022-12-02
117396,2022-12-02
117397,2022-12-02
117398,2022-12-02
117399,2022-12-02
117400,2022-12-02
117401,2022-12-02
117402,2022-12-02
117403,2022-12-02
117404,2022-12-02
117405,2022-12-02
117406,2022-12-02
117407,2022-12-02
117408,2022-12-02
117409,2022-12-02
117410,2022-12-02
117411,2022-12-03
117412,2022-12-03
117413,2022-12-03
117414,2022-12-03
117415,2022-12-03
117416,2022-12-03
117418,2022-12-03
117419,2022-12-03
117420,2022-12-03
117422,2022-12-03
117424,2022-12-03
117426,2022-12-03
117428,2022-12-03
117430,2022-12-03
117434,2022-12-03
117435,2022-12-03
117436,2022-12-03
117437,2022-12-03
117438,2022-12-03
117439,2022-12-03
117440,2022-12-03
117441,2022-12-03
117442,2022-12-03
117443,2022-12-03
117444,2022-12-03
117445,2022-12-03
117446,2022-12-03
117447,2022-12-03
117448,2022-12-03
117449,2022-12-03
117450,2022-12-03
117451,2022-12-03
117452,2022-12-03
117453,2022-12-03
117454,2022-12-03
117455,2022-12-03
117456,2022-12-03
117457,2022-12-03
117458,2022-12-03
117459,2022-12-03
117460,2022-12-03
117461,2022-12-03
117462,2022-12-03
117463,2022-12-03
117464,2022-12-03
117465,2022-12-03
117466,2022-12-03
117467,2022-12-03
117469,2022-12-03
117470,2022-12-03
117471,2022-12-03
117472,2022-12-03
117473,2022-12-03
117474,2022-12-03
117475,2022-12-03
117477,2022-12-03
117478,2022-12-03
117479,2022-12-03
117480,2022-12-03
117481,2022-12-03
117482,2022-12-03
117483,2022-12-03
117484,2022-12-03
117485,2022-12-03
117486,2022-12-03
117487,2022-12-03
117488,2022-12-03
117489,2022-12-03
117490,2022-12-03
117491,2022-12-03
117492,2022-12-03
117493,2022-12-03
117494,2022-12-03
117495,2022-12-03
117496,2022-12-03
117497,2022-12-03
117498,2022-12-03
117499,2022-12-03
117500,2022-12-03
117501,2022-12-03
117502,2022-12-03
117503,2022-12-03
117504,2022-12-03
117505,2022-12-03
117506,2022-12-03
117507,2022-12-03
117508,2022-12-03
117509,2022-12-03
117510,2022-12-03
117511,2022-12-03
117512,2022-12-03
117513,2022-12-04
117514,2022-12-04
117515,2022-12-04
117516,2022-12-04
117518,2022-12-04
117519,2022-12-04
117520,2022-12-04
117521,2022-12-04
117522,2022-12-04
117523,2022-12-04
117524,2022-12-04
117525,2022-12-04
117526,2022-12-04
117527,2022-12-04
117528,2022-12-04
117529,2022-12-04
117530,2022-12-04
117531,2022-12-04
117532,2022-12-04
117533,2022-12-04
117534,2022-12-04
117536,2022-12-04
117537,2022-12-04
117538,2022-12-04
117539,2022-12-04
117540,2022-12-04
117541,2022-12-04
117542,2022-12-04
117543,2022-12-04
117544,2022-12-04
117545,2022-12-04
117546,2022-12-04
117547,2022-12-04
117548,2022-12-04
117549,2022-12-04
117550,2022-12-04
117551,2022-12-04
117552,2022-12-04
117553,2022-12-04
117554,2022-12-04
117555,2022-12-04
117556,2022-12-04
117557,2022-12-04
117558,2022-12-04
117559,2022-12-04
117560,2022-12-04
117561,2022-12-04
117562,2022-12-04
117563,2022-12-04
117564,2022-12-04
117565,2022-12-04
117566,2022-12-04
117567,2022-12-04
117568,2022-12-04
117569,2022-12-04
117570,2022-12-04
117571,2022-12-04
117572,2022-12-04
117573,2022-12-04
117574,2022-12-04
117575,2022-12-04
117576,2022-12-04
117577,2022-12-04
117578,2022-12-04
117579,2022-12-04
117580,2022-12-04
117581,2022-12-04
117582,2022-12-04
117583,2022-12-04
117584,2022-12-04
117585,2022-12-04
117586,2022-12-04
117587,2022-12-04
117588,2022-12-04
117589,2022-12-04
117590,2022-12-04
117591,2022-12-04
117592,2022-12-04
117596,2022-12-04
117597,2022-12-04
117598,2022-12-04
117599,2022-12-04
117600,2022-12-04
117601,2022-12-04
117602,2022-12-04
117603,2022-12-04
117604,2022-12-04
117605,2022-12-04
117606,2022-12-04
117607,2022-12-04
117608,2022-12-04
117609,2022-12-04
117610,2022-12-04
117611,2022-12-04
117612,2022-12-04
117613,2022-12-04
117614,2022-12-04
117615,2022-12-04
117616,2022-12-04
117617,2022-12-04
117618,2022-12-04
117619,2022-12-04
117620,2022-12-04
117621,2022-12-05
117622,2022-12-05
117623,2022-12-05
117624,2022-12-05
117625,2022-12-05
117626,2022-12-05
117627,2022-12-05
117628,2022-12-05
117629,2022-12-05
117630,2022-12-05
117631,2022-12-05
117632,2022-12-05
117633,2022-12-05
117634,2022-12-05
117635,2022-12-05
117636,2022-12-05
117637,2022-12-05
117638,2022-12-05
117639,2022-12-05
117640,2022-12-05
117641,2022-12-05
117642,2022-12-05
117643,2022-12-05
117644,2022-12-05
117645,2022-12-05
117646,2022-12-05
117647,2022-12-05
117648,2022-12-05
117649,2022-12-05
117650,2022-12-05
117651,2022-12-05
117652,2022-12-05
117653,2022-12-05
117654,2022-12-05
117655,2022-12-05
117656,2022-12-05
117657,2022-12-05
117658,2022-12-05
117659,2022-12-05
117660,2022-12-05
117661,2022-12-05
117662,2022-12-05
117663,2022-12-05
117664,2022-12-05
117665,2022-12-05
117666,2022-12-05
117667,2022-12-05
117668,2022-12-05
117669,2022-12-05
117670,2022-12-05
117671,2022-12-05
117672,2022-12-05
117673,2022-12-05
117674,2022-12-05
117675,2022-12-05
117676,2022-12-05
117677,2022-12-05
117678,2022-12-05
117679,2022-12-05
117680,2022-12-05
117681,2022-12-05
117682,2022-12-05
117683,2022-12-05
117684,2022-12-05
117685,2022-12-05
117686,2022-12-05
117687,2022-12-05
117688,2022-12-05
117689,2022-12-05
117690,2022-12-05
117691,2022-12-05
117692,2022-12-05
117693,2022-12-05
117694,2022-12-05
117695,2022-12-05
117696,2022-12-05
117697,2022-12-05
117698,2022-12-05
117699,2022-12-05
117700,2022-12-05
117701,2022-12-05
117702,2022-12-05
117704,2022-12-05
117705,2022-12-05
117706,2022-12-05
117707,2022-12-05
117708,2022-12-05
117709,2022-12-05
117710,2022-12-06
117711,2022-12-06
117712,2022-12-06
117713,2022-12-06
117716,2022-12-06
117717,2022-12-06
117718,2022-12-06
117719,2022-12-06
117720,2022-12-06
117721,2022-12-06
117722,2022-12-06
117723,2022-12-06
117724,2022-12-06
117725,2022-12-06
117726,2022-12-06
117727,2022-12-06
117728,2022-12-06
117729,2022-12-06
117730,2022-12-06
117731,2022-12-06
117732,2022-12-06
117733,2022-12-06
117734,2022-12-06
117735,2022-12-06
117736,2022-12-06
117737,2022-12-06
117738,2022-12-06
117739,2022-12-06
117740,2022-12-06
117741,2022-12-06
117742,2022-12-06
117743,2022-12-06
117744,2022-12-06
117745,2022-12-06
117746,2022-12-06
117747,2022-12-06
117748,2022-12-06
117749,2022-12-06
117750,2022-12-06
117751,2022-12-06
117752,2022-12-06
117753,2022-12-06
117754,2022-12-06
117755,2022-12-06
117756,2022-12-06
117757,2022-12-06
117759,2022-12-06
117760,2022-12-06
117761,2022-12-06
117762,2022-12-06
117763,2022-12-06
117764,2022-12-06
117765,2022-12-06
117766,2022-12-06
117767,2022-12-06
117768,2022-12-06
117769,2022-12-06
117770,2022-12-06
117771,2022-12-06
117773,2022-12-06
117774,2022-12-06
117775,2022-12-06
117776,2022-12-06
117777,2022-12-06
117778,2022-12-06
117779,2022-12-06
117780,2022-12-06
117781,2022-12-06
117782,2022-12-06
117783,2022-12-06
117784,2022-12-06
117785,2022-12-06
117786,2022-12-06
117787,2022-12-06
117788,2022-12-06
117789,2022-12-06
117790,2022-12-06
117791,2022-12-06
117792,2022-12-06
117793,2022-12-06
117794,2022-12-06
117795,2022-12-06
117796,2022-12-06
117797,2022-12-06
117798,2022-12-06
117799,2022-12-06
117800,2022-12-06
117801,2022-12-06
117802,2022-12-06
117803,2022-12-06
117804,2022-12-06
117805,2022-12-06
117806,2022-12-06
117807,2022-12-06
117808,2022-12-07
117809,2022-12-07
117810,2022-12-07
117811,2022-12-07
117815,2022-12-07
117816,2022-12-07
117817,2022-12-07
117818,2022-12-07
117819,2022-12-07
117820,2022-12-07
117821,2022-12-07
117822,2022-12-07
117823,2022-12-07
117824,2022-12-07
117825,2022-12-07
117826,2022-12-07
117827,2022-12-07
117828,2022-12-07
117829,2022-12-07
117830,2022-12-07
117831,2022-12-07
117832,2022-12-07
117833,2022-12-07
117834,2022-12-07
117835,2022-12-07
117836,2022-12-07
117837,2022-12-07
117838,2022-12-07
117839,2022-12-07
117840,2022-12-07
117841,2022-12-07
117842,2022-12-07
117843,2022-12-07
117844,2022-12-07
117845,2022-12-07
117846,2022-12-07
117847,2022-12-07
117848,2022-12-07
117849,2022-12-07
117850,2022-12-07
117851,2022-12-07
117852,2022-12-07
117853,2022-12-07
117854,2022-12-07
117855,2022-12-07
117856,2022-12-07
117857,2022-12-07
117858,2022-12-07
117859,2022-12-07
117860,2022-12-07
117861,2022-12-07
117862,2022-12-07
117863,2022-12-07
117864,2022-12-07
117865,2022-12-07
117866,2022-12-07
117867,2022-12-07
117868,2022-12-07
117869,2022-12-07
117870,2022-12-07
117871,2022-12-07
117872,2022-12-07
117873,2022-12-07
117874,2022-12-07
117875,2022-12-07
117876,2022-12-07
117877,2022-12-07
117878,2022-12-07
117879,2022-12-07
117880,2022-12-07
117881,2022-12-07
117882,2022-12-07
117883,2022-12-07
117884,2022-12-07
117885,2022-12-07
117886,2022-12-07
117887,2022-12-07
117888,2022-12-07
117889,2022-12-07
117890,2022-12-07
117891,2022-12-07
117892,2022-12-07
117893,2022-12-07
117894,2022-12-07
117895,2022-12-07
117896,2022-12-07
117897,2022-12-07
117898,2022-12-07
117899,2022-12-07
117900,2022-12-07
117901,2022-12-07
117902,2022-12-07
117903,2022-12-07
117904,2022-12-07
117905,2022-12-07
117906,2022-12-07
117907,2022-12-08
117908,2022-12-08
117909,2022-12-08
117910,2022-12-08
117913,2022-12-08
117914,2022-12-08
117916,2022-12-08
117917,2022-12-08
117918,2022-12-08
117919,2022-12-08
117920,2022-12-08
117921,2022-12-08
117922,2022-12-08
117923,2022-12-08
117924,2022-12-08
117925,2022-12-08
117926,2022-12-08
117927,2022-12-08
117928,2022-12-08
117929,2022-12-08
117930,2022-12-08
117931,2022-12-08
117934,2022-12-08
117935,2022-12-08
117938,2022-12-08
117942,2022-12-08
117944,2022-12-08
117945,2022-12-08
117946,2022-12-08
117947,2022-12-08
117948,2022-12-08
117949,2022-12-08
117950,2022-12-08
117951,2022-12-08
117952,2022-12-08
117953,2022-12-08
117954,2022-12-08
117955,2022-12-08
117956,2022-12-08
117957,2022-12-08
117958,2022-12-08
117959,2022-12-08
117960,2022-12-08
117961,2022-12-08
117962,2022-12-08
117963,2022-12-08
117964,2022-12-08
117965,2022-12-08
117966,2022-12-08
117967,2022-12-08
117968,2022-12-08
117969,2022-12-08
117970,2022-12-08
117971,2022-12-08
117972,2022-12-08
117973,2022-12-08
117974,2022-12-08
117975,2022-12-08
117976,2022-12-08
117977,2022-12-08
117978,2022-12-08
117979,2022-12-08
117980,2022-12-08
117981,2022-12-08
117982,2022-12-08
117983,2022-12-08
117984,2022-12-08
117985,2022-12-08
117986,2022-12-08
117987,2022-12-08
117988,2022-12-08
117989,2022-12-08
117990,2022-12-08
117991,2022-12-08
117992,2022-12-08
117993,2022-12-08
117994,2022-12-08
117995,2022-12-08
117996,2022-12-08
117997,2022-12-08
117998,2022-12-08
117999,2022-12-09
118000,2022-12-09
118001,2022-12-09
118002,2022-12-09
118005,2022-12-09
118006,2022-12-09
118007,2022-12-09
118008,2022-12-09
118009,2022-12-09
118010,2022-12-09
118011,2022-12-09
118012,2022-12-09
118013,2022-12-09
118014,2022-12-09
118015,2022-12-09
118016,2022-12-09
118017,2022-12-09
118018,2022-12-09
118019,2022-12-09
118020,2022-12-09
118021,2022-12-09
118022,2022-12-09
118023,2022-12-09
118024,2022-12-09
118025,2022-12-09
118026,2022-12-09
118027,2022-12-09
118028,2022-12-09
118029,2022-12-09
118030,2022-12-09
118031,2022-12-09
118032,2022-12-09
118033,2022-12-09
118034,2022-12-09
118035,2022-12-09
118036,2022-12-09
118037,2022-12-09
118038,2022-12-09
118039,2022-12-09
118040,2022-12-09
118044,2022-12-09
118045,2022-12-09
118046,2022-12-09
118047,2022-12-09
118048,2022-12-09
118049,2022-12-09
118050,2022-12-09
118051,2022-12-09
118052,2022-12-09
118053,2022-12-09
118056,2022-12-09
118057,2022-12-09
118058,2022-12-09
118060,2022-12-09
118061,2022-12-09
118062,2022-12-09
118063,2022-12-09
118064,2022-12-09
118065,2022-12-09
118066,2022-12-09
118067,2022-12-09
118068,2022-12-09
118069,2022-12-09
118070,2022-12-09
118071,2022-12-09
118072,2022-12-09
118073,2022-12-09
118074,2022-12-09
118075,2022-12-09
118076,2022-12-09
118077,2022-12-09
118078,2022-12-09
118079,2022-12-09
118080,2022-12-09
118081,2022-12-09
118082,2022-12-09
118083,2022-12-09
118084,2022-12-09
118085,2022-12-09
118086,2022-12-09
118087,2022-12-09
118088,2022-12-09
118089,2022-12-09
118090,2022-12-09
118091,2022-12-09
118094,2022-12-09
118095,2022-12-09
118096,2022-12-09
118097,2022-12-09
118098,2022-12-09
118099,2022-12-11
118100,2022-12-11
118101,2022-12-11
118102,2022-12-11
118103,2022-12-11
118105,2022-12-11
118106,2022-12-11
118107,2022-12-11
118108,2022-12-11
118109,2022-12-11
118110,2022-12-11
118111,2022-12-11
118112,2022-12-11
118113,2022-12-11
118114,2022-12-11
118115,2022-12-11
118116,2022-12-11
118117,2022-12-11
118118,2022-12-11
118119,2022-12-11
118120,2022-12-11
118121,2022-12-11
118122,2022-12-11
118123,2022-12-11
118124,2022-12-11
118125,2022-12-11
118127,2022-12-11
118128,2022-12-11
118129,2022-12-11
118130,2022-12-11
118131,2022-12-11
118132,2022-12-11
118133,2022-12-11
118134,2022-12-11
118135,2022-12-11
118136,2022-12-11
118137,2022-12-11
118138,2022-12-11
118139,2022-12-11
118140,2022-12-11
118141,2022-12-11
118142,2022-12-11
118143,2022-12-11
118144,2022-12-11
118145,2022-12-11
118146,2022-12-11
118147,2022-12-11
118148,2022-12-11
118149,2022-12-11
118150,2022-12-11
118151,2022-12-11
118152,2022-12-11
118153,2022-12-11
118154,2022-12-11
118155,2022-12-11
118156,2022-12-11
118157,2022-12-11
118158,2022-12-11
118159,2022-12-11
118160,2022-12-11
118161,2022-12-11
118162,2022-12-11
118163,2022-12-11
118164,2022-12-11
118165,2022-12-11
118166,2022-12-11
118167,2022-12-11
118168,2022-12-11
118169,2022-12-11
118170,2022-12-11
118171,2022-12-11
118172,2022-12-11
118173,2022-12-11
118174,2022-12-11
118175,2022-12-11
118176,2022-12-11
118177,2022-12-11
118178,2022-12-11
118179,2022-12-11
118180,2022-12-11
118181,2022-12-11
118182,2022-12-11
118183,2022-12-11
118184,2022-12-11
118185,2022-12-11
118186,2022-12-11
118187,2022-12-11
118188,2022-12-11
118189,2022-12-11
118190,2022-12-11
118191,2022-12-11
118192,2022-12-11
118193,2022-12-11
118194,2022-12-11
118195,2022-12-11
118196,2022-12-11
118197,2022-12-11
118198,2022-12-11
118199,2022-12-11
118200,2022-12-11
118201,2022-12-11
118202,2022-12-11
118203,2022-12-11
118204,2022-12-11
118205,2022-12-11
118206,2022-12-11
118207,2022-12-11
118208,2022-12-11
118209,2022-12-11
118210,2022-12-11
118211,2022-12-11
118212,2022-12-11
118213,2022-12-11
118214,2022-12-11
118215,2022-12-11
118216,2022-12-11
118218,2022-12-11
118219,2022-12-11
118220,2022-12-11
118221,2022-12-11
118222,2022-12-11
118223,2022-12-11
118224,2022-12-11
118225,2022-12-11
118226,2022-12-11
118227,2022-12-11
118228,2022-12-11
118230,2022-12-11
118231,2022-12-11
118232,2022-12-11
118233,2022-12-11
118234,2022-12-11
118235,2022-12-11
118236,2022-12-11
118237,2022-12-11
118238,2022-12-11
118239,2022-12-11
118240,2022-12-11
118241,2022-12-11
118242,2022-12-12
118243,2022-12-12
118244,2022-12-12
118245,2022-12-12
118246,2022-12-12
118247,2022-12-12
118248,2022-12-12
118249,2022-12-12
118250,2022-12-12
118251,2022-12-12
118252,2022-12-12
118253,2022-12-12
118254,2022-12-12
118255,2022-12-12
118256,2022-12-12
118257,2022-12-12
118258,2022-12-12
118259,2022-12-12
118260,2022-12-12
118261,2022-12-12
118262,2022-12-12
118263,2022-12-12
118264,2022-12-12
118265,2022-12-12
118266,2022-12-12
118267,2022-12-12
118268,2022-12-12
118269,2022-12-12
118270,2022-12-12
118271,2022-12-12
118272,2022-12-12
118273,2022-12-12
118274,2022-12-12
118275,2022-12-12
118276,2022-12-12
118277,2022-12-12
118278,2022-12-12
118279,2022-12-12
118280,2022-12-12
118281,2022-12-12
118282,2022-12-12
118283,2022-12-12
118284,2022-12-12
118285,2022-12-12
118286,2022-12-12
118287,2022-12-12
118288,2022-12-12
118289,2022-12-12
118290,2022-12-12
118291,2022-12-12
118292,2022-12-12
118294,2022-12-12
118295,2022-12-12
118296,2022-12-12
118297,2022-12-12
118298,2022-12-12
118299,2022-12-12
118300,2022-12-12
118301,2022-12-12
118302,2022-12-12
118304,2022-12-12
118305,2022-12-12
118306,2022-12-12
118307,2022-12-12
118308,2022-12-12
118309,2022-12-12
118310,2022-12-12
118311,2022-12-12
118312,2022-12-12
118313,2022-12-12
118314,2022-12-12
118315,2022-12-12
118316,2022-12-12
118317,2022-12-12
118318,2022-12-12
118319,2022-12-12
118320,2022-12-12
118321,2022-12-12
118322,2022-12-12
118323,2022-12-12
118324,2022-12-12
118326,2022-12-12
118327,2022-12-12
118328,2022-12-12
118329,2022-12-12
118330,2022-12-12
118331,2022-12-12
118332,2022-12-12
118333,2022-12-12
118334,2022-12-12
118335,2022-12-12
118336,2022-12-12
118337,2022-12-12
118338,2022-12-12
118339,2022-12-12
118340,2022-12-12
118341,2022-12-12
118342,2022-12-12
118343,2022-12-12
118344,2022-12-12
118345,2022-12-12
118346,2022-12-12
118347,2022-12-12
118348,2022-12-12
118349,2022-12-12
118350,2022-12-12
118351,2022-12-12
118352,2022-12-12
118353,2022-12-12
118354,2022-12-12
118355,2022-12-12
118356,2022-12-12
118357,2022-12-12
118358,2022-12-13
118359,2022-12-13
118360,2022-12-13
118361,2022-12-13
118362,2022-12-13
118363,2022-12-13
118364,2022-12-13
118365,2022-12-13
118366,2022-12-13
118367,2022-12-13
118368,2022-12-13
118369,2022-12-13
118370,2022-12-13
118373,2022-12-13
118375,2022-12-13
118376,2022-12-13
118377,2022-12-13
118378,2022-12-13
118379,2022-12-13
118380,2022-12-13
118381,2022-12-13
118382,2022-12-13
118383,2022-12-13
118384,2022-12-13
118385,2022-12-13
118386,2022-12-13
118387,2022-12-13
118388,2022-12-13
118389,2022-12-13
118390,2022-12-13
118391,2022-12-13
118392,2022-12-13
118393,2022-12-13
118394,2022-12-13
118395,2022-12-13
118396,2022-12-13
118397,2022-12-13
118398,2022-12-13
118399,2022-12-13
118400,2022-12-13
118401,2022-12-13
118402,2022-12-13
118403,2022-12-13
118404,2022-12-13
118405,2022-12-13
118406,2022-12-13
118407,2022-12-13
118408,2022-12-13
118409,2022-12-13
118410,2022-12-13
118411,2022-12-13
118412,2022-12-13
118413,2022-12-13
118414,2022-12-13
118415,2022-12-13
118416,2022-12-13
118417,2022-12-13
118418,2022-12-13
118419,2022-12-13
118420,2022-12-13
118421,2022-12-13
118422,2022-12-13
118423,2022-12-13
118424,2022-12-13
118425,2022-12-13
118426,2022-12-13
118427,2022-12-13
118428,2022-12-13
118429,2022-12-13
118430,2022-12-13
118431,2022-12-13
118432,2022-12-13
118433,2022-12-13
118434,2022-12-13
118435,2022-12-13
118436,2022-12-13
118437,2022-12-13
118438,2022-12-13
118439,2022-12-13
118440,2022-12-13
118441,2022-12-13
118442,2022-12-13
118443,2022-12-13
118444,2022-12-13
118445,2022-12-13
118446,2022-12-13
118448,2022-12-13
118450,2022-12-13
118451,2022-12-13
118452,2022-12-13
118453,2022-12-13
118454,2022-12-13
118455,2022-12-13
118456,2022-12-13
118457,2022-12-13
118458,2022-12-13
118459,2022-12-13
118460,2022-12-13
118461,2022-12-13
118462,2022-12-13
118463,2022-12-13
118464,2022-12-13
118465,2022-12-13
118466,2022-12-13
118467,2022-12-13
118468,2022-12-13
118469,2022-12-13
118470,2022-12-13
118471,2022-12-13
118472,2022-12-13
118473,2022-12-13
118474,2022-12-13
118478,2022-12-13
118479,2022-12-13
118480,2022-12-13
118481,2022-12-13
118483,2022-12-13
118484,2022-12-13
118485,2022-12-13
118486,2022-12-13
118488,2022-12-13
118489,2022-12-13
118490,2022-12-13
118491,2022-12-13
118492,2022-12-13
118493,2022-12-13
118494,2022-12-13
118495,2022-12-13
118496,2022-12-13
118497,2022-12-13
118498,2022-12-13
118499,2022-12-14
118501,2022-12-14
118502,2022-12-14
118503,2022-12-14
118504,2022-12-14
118505,2022-12-14
118506,2022-12-14
118507,2022-12-14
118508,2022-12-14
118509,2022-12-14
118510,2022-12-14
118511,2022-12-14
118513,2022-12-14
118514,2022-12-14
118517,2022-12-14
118518,2022-12-14
118519,2022-12-14
118520,2022-12-14
118521,2022-12-14
118522,2022-12-14
118523,2022-12-14
118524,2022-12-14
118525,2022-12-14
118526,2022-12-14
118527,2022-12-14
118528,2022-12-14
118529,2022-12-14
118530,2022-12-14
118531,2022-12-14
118532,2022-12-14
118533,2022-12-14
118534,2022-12-14
118535,2022-12-14
118536,2022-12-14
118537,2022-12-14
118538,2022-12-14
118539,2022-12-14
118540,2022-12-14
118541,2022-12-14
118542,2022-12-14
118543,2022-12-14
118544,2022-12-14
118545,2022-12-14
118546,2022-12-14
118547,2022-12-14
118548,2022-12-14
118549,2022-12-14
118550,2022-12-14
118551,2022-12-14
118552,2022-12-14
118553,2022-12-14
118554,2022-12-14
118555,2022-12-14
118556,2022-12-14
118557,2022-12-14
118558,2022-12-14
118559,2022-12-14
118560,2022-12-14
118561,2022-12-14
118562,2022-12-14
118563,2022-12-14
118564,2022-12-14
118565,2022-12-14
118566,2022-12-14
118567,2022-12-14
118568,2022-12-14
118569,2022-12-14
118570,2022-12-14
118571,2022-12-14
118572,2022-12-14
118573,2022-12-14
118574,2022-12-14
118575,2022-12-14
118576,2022-12-14
118577,2022-12-14
118578,2022-12-14
118579,2022-12-14
118580,2022-12-14
118581,2022-12-14
118582,2022-12-14
118583,2022-12-14
118584,2022-12-14
118585,2022-12-14
118586,2022-12-14
118587,2022-12-14
118588,2022-12-14
118589,2022-12-14
118590,2022-12-14
118591,2022-12-14
118592,2022-12-14
118593,2022-12-14
118594,2022-12-14
118595,2022-12-14
118596,2022-12-14
118597,2022-12-14
118598,2022-12-14
118599,2022-12-14
118600,2022-12-14
118601,2022-12-14
118602,2022-12-14
118603,2022-12-14
118604,2022-12-14
118605,2022-12-14
118606,2022-12-14
118607,2022-12-14
118608,2022-12-14
118609,2022-12-14
118610,2022-12-14
118611,2022-12-14
118612,2022-12-14
118613,2022-12-14
118614,2022-12-14
118615,2022-12-14
118616,2022-12-14
118617,2022-12-14
118618,2022-12-14
118619,2022-12-14
118620,2022-12-14
118621,2022-12-14
118622,2022-12-14
118623,2022-12-14
118624,2022-12-14
118625,2022-12-14
118626,2022-12-14
118627,2022-12-14
118628,2022-12-14
118629,2022-12-14
118630,2022-12-14
118631,2022-12-14
118632,2022-12-14
118633,2022-12-14
118634,2022-12-14
118635,2022-12-14
118636,2022-12-14
118637,2022-12-14
118638,2022-12-14
118639,2022-12-14
118640,2022-12-14
118641,2022-12-14
118642,2022-12-14
118643,2022-12-14
118644,2022-12-14
118645,2022-12-14
118646,2022-12-14
118647,2022-12-14
118648,2022-12-14
118649,2022-12-14
118650,2022-12-14
118651,2022-12-14
118652,2022-12-14
118653,2022-12-14
118654,2022-12-14
118655,2022-12-14
118656,2022-12-14
118657,2022-12-15
118658,2022-12-15
118659,2022-12-15
118660,2022-12-15
118661,2022-12-15
118662,2022-12-15
118663,2022-12-15
118664,2022-12-15
118665,2022-12-15
118668,2022-12-15
118669,2022-12-15
118670,2022-12-15
118671,2022-12-15
118672,2022-12-15
118673,2022-12-15
118674,2022-12-15
118675,2022-12-15
118676,2022-12-15
118677,2022-12-15
118678,2022-12-15
118679,2022-12-15
118680,2022-12-15
118681,2022-12-15
118682,2022-12-15
118683,2022-12-15
118685,2022-12-15
118686,2022-12-15
118687,2022-12-15
118688,2022-12-15
118689,2022-12-15
118690,2022-12-15
118691,2022-12-15
118692,2022-12-15
118693,2022-12-15
118694,2022-12-15
118695,2022-12-15
118696,2022-12-15
118697,2022-12-15
118698,2022-12-15
118699,2022-12-15
118700,2022-12-15
118701,2022-12-15
118703,2022-12-15
118704,2022-12-15
118705,2022-12-15
118706,2022-12-15
118707,2022-12-15
118708,2022-12-15
118709,2022-12-15
118710,2022-12-15
118711,2022-12-15
118712,2022-12-15
118713,2022-12-15
118714,2022-12-15
118715,2022-12-15
118716,2022-12-15
118717,2022-12-15
118718,2022-12-15
118719,2022-12-15
118720,2022-12-15
118721,2022-12-15
118722,2022-12-15
118723,2022-12-15
118724,2022-12-15
118725,2022-12-15
118726,2022-12-15
118727,2022-12-15
118728,2022-12-15
118729,2022-12-15
118730,2022-12-15
118731,2022-12-15
118732,2022-12-15
118733,2022-12-15
118734,2022-12-15
118735,2022-12-15
118736,2022-12-15
118737,2022-12-15
118738,2022-12-15
118739,2022-12-15
118740,2022-12-15
118741,2022-12-15
118742,2022-12-15
118743,2022-12-15
118744,2022-12-15
118745,2022-12-15
118746,2022-12-15
118748,2022-12-15
118749,2022-12-15
118750,2022-12-15
118751,2022-12-15
118752,2022-12-15
118753,2022-12-15
118754,2022-12-15
118755,2022-12-15
118756,2022-12-15
118757,2022-12-15
118758,2022-12-15
118759,2022-12-15
118760,2022-12-15
118761,2022-12-15
118762,2022-12-16
118763,2022-12-16
118764,2022-12-16
118765,2022-12-16
118769,2022-12-16
118770,2022-12-16
118771,2022-12-16
118772,2022-12-16
118773,2022-12-16
118774,2022-12-16
118776,2022-12-16
118777,2022-12-16
118778,2022-12-16
118779,2022-12-16
118780,2022-12-16
118781,2022-12-16
118782,2022-12-16
118783,2022-12-16
118784,2022-12-16
118785,2022-12-16
118786,2022-12-16
118787,2022-12-16
118788,2022-12-16
118789,2022-12-16
118790,2022-12-16
118791,2022-12-16
118792,2022-12-16
118793,2022-12-16
118794,2022-12-16
118795,2022-12-16
118796,2022-12-16
118797,2022-12-16
118798,2022-12-16
118799,2022-12-16
118800,2022-12-16
118801,2022-12-16
118802,2022-12-16
118803,2022-12-16
118805,2022-12-16
118806,2022-12-16
118807,2022-12-16
118808,2022-12-16
118809,2022-12-16
118810,2022-12-16
118811,2022-12-16
118812,2022-12-16
118813,2022-12-16
118814,2022-12-16
118816,2022-12-16
118817,2022-12-16
118818,2022-12-16
118819,2022-12-16
118820,2022-12-16
118821,2022-12-16
118822,2022-12-16
118823,2022-12-16
118824,2022-12-16
118825,2022-12-16
118826,2022-12-16
118827,2022-12-16
118828,2022-12-16
118829,2022-12-16
118830,2022-12-16
118831,2022-12-16
118832,2022-12-16
118833,2022-12-16
118834,2022-12-16
118835,2022-12-16
118836,2022-12-16
118837,2022-12-16
118838,2022-12-16
118839,2022-12-16
118840,2022-12-16
118841,2022-12-16
118842,2022-12-16
118843,2022-12-16
118844,2022-12-16
118845,2022-12-16
118846,2022-12-16
118847,2022-12-17
118848,2022-12-17
118849,2022-12-17
118850,2022-12-17
118853,2022-12-17
118854,2022-12-17
118855,2022-12-17
118856,2022-12-17
118858,2022-12-17
118859,2022-12-17
118860,2022-12-17
118861,2022-12-17
118862,2022-12-17
118863,2022-12-17
118864,2022-12-17
118865,2022-12-17
118866,2022-12-17
118867,2022-12-17
118868,2022-12-17
118869,2022-12-17
118870,2022-12-17
118871,2022-12-17
118872,2022-12-17
118873,2022-12-17
118874,2022-12-17
118875,2022-12-17
118876,2022-12-17
118877,2022-12-17
118878,2022-12-17
118879,2022-12-17
118880,2022-12-17
118881,2022-12-17
118882,2022-12-17
118883,2022-12-17
118884,2022-12-17
118885,2022-12-17
118886,2022-12-17
118887,2022-12-17
118888,2022-12-17
118889,2022-12-17
118890,2022-12-17
118891,2022-12-17
118892,2022-12-17
118893,2022-12-17
118894,2022-12-17
118895,2022-12-17
118896,2022-12-17
118897,2022-12-17
118898,2022-12-17
118899,2022-12-17
118900,2022-12-17
118901,2022-12-17
118902,2022-12-17
118903,2022-12-17
118904,2022-12-17
118905,2022-12-17
118906,2022-12-17
118907,2022-12-17
118908,2022-12-17
118909,2022-12-17
118910,2022-12-17
118911,2022-12-17
118912,2022-12-17
118913,2022-12-17
118914,2022-12-17
118915,2022-12-17
118916,2022-12-17
118917,2022-12-17
118918,2022-12-19
118919,2022-12-19
118920,2022-12-19
118921,2022-12-19
118922,2022-12-19
118925,2022-12-19
118927,2022-12-19
118928,2022-12-19
118929,2022-12-19
118930,2022-12-19
118931,2022-12-19
118932,2022-12-19
118933,2022-12-19
118934,2022-12-19
118935,2022-12-19
118936,2022-12-19
118937,2022-12-19
118938,2022-12-19
118939,2022-12-19
118940,2022-12-19
118941,2022-12-19
118942,2022-12-19
118943,2022-12-19
118944,2022-12-19
118945,2022-12-19
118946,2022-12-19
118947,2022-12-19
118949,2022-12-19
118950,2022-12-19
118951,2022-12-19
118952,2022-12-19
118953,2022-12-19
118954,2022-12-19
118955,2022-12-19
118956,2022-12-19
118957,2022-12-19
118958,2022-12-19
118959,2022-12-19
118960,2022-12-19
118961,2022-12-19
118962,2022-12-19
118963,2022-12-19
118964,2022-12-19
118968,2022-12-19
118969,2022-12-19
118971,2022-12-19
118972,2022-12-19
118973,2022-12-19
118974,2022-12-19
118975,2022-12-19
118976,2022-12-19
118977,2022-12-19
118978,2022-12-19
118979,2022-12-19
118980,2022-12-19
118981,2022-12-19
118982,2022-12-19
118983,2022-12-19
118984,2022-12-19
118985,2022-12-19
118986,2022-12-19
118987,2022-12-19
118988,2022-12-19
118989,2022-12-19
118990,2022-12-19
118991,2022-12-19
118992,2022-12-19
118993,2022-12-19
118994,2022-12-19
118996,2022-12-20
118997,2022-12-20
118998,2022-12-20
118999,2022-12-20
119000,2022-12-20
119003,2022-12-20
119004,2022-12-20
119005,2022-12-20
119006,2022-12-20
119007,2022-12-20
119008,2022-12-20
119009,2022-12-20
119010,2022-12-20
119011,2022-12-20
119013,2022-12-20
119014,2022-12-20
119015,2022-12-20
119016,2022-12-20
119017,2022-12-20
119018,2022-12-20
119019,2022-12-20
119020,2022-12-20
119021,2022-12-20
119022,2022-12-20
119023,2022-12-20
119024,2022-12-20
119025,2022-12-20
119026,2022-12-20
119027,2022-12-20
119028,2022-12-20
119029,2022-12-20
119030,2022-12-20
119034,2022-12-20
119035,2022-12-20
119036,2022-12-20
119037,2022-12-20
119038,2022-12-20
119039,2022-12-20
119040,2022-12-20
119041,2022-12-20
119042,2022-12-20
119043,2022-12-20
119044,2022-12-20
119045,2022-12-20
119046,2022-12-20
119047,2022-12-20
119049,2022-12-20
119052,2022-12-20
119053,2022-12-20
119054,2022-12-20
119055,2022-12-20
119056,2022-12-20
119057,2022-12-20
119058,2022-12-20
119060,2022-12-20
119061,2022-12-20
119062,2022-12-20
119063,2022-12-20
119064,2022-12-20
119065,2022-12-20
119066,2022-12-20
119067,2022-12-20
119068,2022-12-20
119069,2022-12-20
119070,2022-12-20
119071,2022-12-21
119072,2022-12-21
119073,2022-12-21
119074,2022-12-21
119075,2022-12-21
119078,2022-12-21
119079,2022-12-21
119080,2022-12-21
119082,2022-12-21
119083,2022-12-21
119084,2022-12-21
119085,2022-12-21
119086,2022-12-21
119087,2022-12-21
119088,2022-12-21
119089,2022-12-21
119090,2022-12-21
119091,2022-12-21
119092,2022-12-21
119093,2022-12-21
119094,2022-12-21
119095,2022-12-21
119096,2022-12-21
119097,2022-12-21
119098,2022-12-21
119099,2022-12-21
119100,2022-12-21
119101,2022-12-21
119102,2022-12-21
119103,2022-12-21
119104,2022-12-21
119105,2022-12-21
119106,2022-12-21
119107,2022-12-21
119108,2022-12-21
119109,2022-12-21
119110,2022-12-21
119111,2022-12-21
119112,2022-12-21
119114,2022-12-21
119115,2022-12-21
119116,2022-12-21
119117,2022-12-21
119118,2022-12-21
119119,2022-12-21
119120,2022-12-21
119121,2022-12-21
119122,2022-12-21
119123,2022-12-21
119124,2022-12-21
119125,2022-12-21
119126,2022-12-21
119127,2022-12-21
119128,2022-12-21
119129,2022-12-21
119130,2022-12-21
119131,2022-12-21
119132,2022-12-21
119133,2022-12-21
119134,2022-12-21
119135,2022-12-21
119136,2022-12-21
119137,2022-12-21
119138,2022-12-21
119139,2022-12-21
119140,2022-12-22
119141,2022-12-22
119142,2022-12-22
119143,2022-12-22
119145,2022-12-22
119146,2022-12-22
119149,2022-12-22
119151,2022-12-22
119152,2022-12-22
119153,2022-12-22
119154,2022-12-22
119155,2022-12-22
119156,2022-12-22
119157,2022-12-22
119158,2022-12-22
119159,2022-12-22
119160,2022-12-22
119161,2022-12-22
119162,2022-12-22
119163,2022-12-22
119164,2022-12-22
119165,2022-12-22
119166,2022-12-22
119167,2022-12-22
119168,2022-12-22
119169,2022-12-22
119170,2022-12-22
119171,2022-12-22
119172,2022-12-22
119173,2022-12-22
119174,2022-12-22
119175,2022-12-22
119176,2022-12-22
119177,2022-12-22
119178,2022-12-22
119179,2022-12-22
119180,2022-12-22
119181,2022-12-22
119182,2022-12-22
119183,2022-12-22
119185,2022-12-22
119186,2022-12-22
119188,2022-12-22
119189,2022-12-22
119190,2022-12-22
119191,2022-12-22
119192,2022-12-22
119193,2022-12-22
119194,2022-12-22
119195,2022-12-22
119196,2022-12-22
119197,2022-12-22
119200,2022-12-22
119201,2022-12-22
119202,2022-12-22
119203,2022-12-22
119204,2022-12-22
119206,2022-12-22
119207,2022-12-22
119208,2022-12-22
119209,2022-12-22
119210,2022-12-22
119211,2022-12-22
119212,2022-12-22
119213,2022-12-22
119214,2022-12-22
119215,2022-12-22
119216,2022-12-22
119217,2022-12-22
119218,2022-12-22
119219,2022-12-22
119220,2022-12-22
119221,2022-12-22
119222,2022-12-22
119223,2022-12-22
119224,2022-12-22
119225,2022-12-22
119227,2022-12-22
119228,2022-12-22
119229,2022-12-22
119230,2022-12-22
119231,2022-12-23
119232,2022-12-23
119233,2022-12-23
119234,2022-12-23
119237,2022-12-23
119238,2022-12-23
119239,2022-12-23
119240,2022-12-23
119241,2022-12-23
119242,2022-12-23
119243,2022-12-23
119244,2022-12-23
119245,2022-12-23
119246,2022-12-23
119247,2022-12-23
119248,2022-12-23
119249,2022-12-23
119250,2022-12-23
119251,2022-12-23
119252,2022-12-23
119253,2022-12-23
119254,2022-12-23
119255,2022-12-23
119256,2022-12-23
119257,2022-12-23
119259,2022-12-23
119260,2022-12-23
119261,2022-12-23
119262,2022-12-23
119263,2022-12-23
119264,2022-12-23
119265,2022-12-23
119266,2022-12-23
119267,2022-12-23
119268,2022-12-23
119269,2022-12-23
119270,2022-12-23
119271,2022-12-23
119272,2022-12-23
119273,2022-12-23
119274,2022-12-23
119275,2022-12-23
119276,2022-12-23
119277,2022-12-23
119278,2022-12-23
119279,2022-12-23
119280,2022-12-23
119281,2022-12-23
119282,2022-12-23
119283,2022-12-23
119284,2022-12-23
119285,2022-12-23
119286,2022-12-23
119287,2022-12-23
119288,2022-12-23
119289,2022-12-23
119290,2022-12-23
119291,2022-12-23
119292,2022-12-23
119293,2022-12-23
119294,2022-12-23
119295,2022-12-23
119296,2022-12-23
119297,2022-12-23
119298,2022-12-23
119299,2022-12-23
119300,2022-12-23
119301,2022-12-23
119302,2022-12-23
119303,2022-12-23
119304,2022-12-23
119305,2022-12-23
119306,2022-12-23
119307,2022-12-23
119308,2022-12-23
119309,2022-12-23
119310,2022-12-23
119311,2022-12-23
119312,2022-12-23
119313,2022-12-23
119314,2022-12-24
119315,2022-12-24
119316,2022-12-24
119317,2022-12-24
119318,2022-12-24
119319,2022-12-24
119320,2022-12-24
119321,2022-12-24
119322,2022-12-24
119326,2022-12-24
119327,2022-12-24
119328,2022-12-24
119329,2022-12-24
119330,2022-12-24
119331,2022-12-24
119332,2022-12-24
119333,2022-12-24
119334,2022-12-24
119335,2022-12-24
119336,2022-12-24
119337,2022-12-24
119338,2022-12-24
119339,2022-12-24
119341,2022-12-24
119343,2022-12-24
119344,2022-12-24
119345,2022-12-24
119346,2022-12-24
119347,2022-12-24
119349,2022-12-24
119351,2022-12-24
119352,2022-12-24
119353,2022-12-24
119355,2022-12-24
119358,2022-12-24
119362,2022-12-24
119363,2022-12-24
119364,2022-12-24
119365,2022-12-24
119366,2022-12-24
119372,2022-12-24
119373,2022-12-24
119374,2022-12-24
119375,2022-12-24
119377,2022-12-24
119378,2022-12-24
119379,2022-12-24
119380,2022-12-24
119383,2022-12-24
119387,2022-12-24
119392,2022-12-24
119393,2022-12-24
119394,2022-12-25
119395,2022-12-26
119396,2022-12-26
119397,2022-12-26
119398,2022-12-26
119399,2022-12-26
119400,2022-12-26
119401,2022-12-26
119404,2022-12-26
119405,2022-12-26
119406,2022-12-26
119407,2022-12-26
119408,2022-12-26
119409,2022-12-26
119410,2022-12-26
119411,2022-12-26
119412,2022-12-26
119413,2022-12-26
119414,2022-12-26
119415,2022-12-26
119416,2022-12-26
119418,2022-12-26
119419,2022-12-26
119420,2022-12-26
119421,2022-12-26
119422,2022-12-26
119424,2022-12-26
119425,2022-12-26
119426,2022-12-26
119427,2022-12-26
119428,2022-12-26
119429,2022-12-26
119430,2022-12-26
119431,2022-12-26
119432,2022-12-26
119433,2022-12-26
119434,2022-12-26
119435,2022-12-26
119436,2022-12-26
119437,2022-12-26
119438,2022-12-26
119439,2022-12-26
119445,2022-12-26
119446,2022-12-26
119447,2022-12-26
119448,2022-12-26
119449,2022-12-26
119450,2022-12-26
119451,2022-12-26
119452,2022-12-26
119453,2022-12-26
119454,2022-12-26
119458,2022-12-26
119459,2022-12-26
119460,2022-12-26
119461,2022-12-26
119462,2022-12-26
119463,2022-12-26
119464,2022-12-26
119465,2022-12-26
119466,2022-12-26
119467,2022-12-26
119468,2022-12-26
119469,2022-12-26
119470,2022-12-26
119471,2022-12-26
119472,2022-12-26
119474,2022-12-26
119475,2022-12-26
119476,2022-12-26
119477,2022-12-27
119478,2022-12-27
119479,2022-12-27
119480,2022-12-27
119483,2022-12-27
119484,2022-12-27
119485,2022-12-27
119486,2022-12-27
119487,2022-12-27
119488,2022-12-27
119489,2022-12-27
119490,2022-12-27
119491,2022-12-27
119492,2022-12-27
119493,2022-12-27
119494,2022-12-27
119495,2022-12-27
119496,2022-12-27
119497,2022-12-27
119498,2022-12-27
119499,2022-12-27
119500,2022-12-27
119501,2022-12-27
119502,2022-12-27
119503,2022-12-27
119504,2022-12-27
119505,2022-12-27
119507,2022-12-27
119508,2022-12-27
119509,2022-12-27
119510,2022-12-27
119511,2022-12-27
119512,2022-12-27
119513,2022-12-27
119514,2022-12-27
119515,2022-12-27
119516,2022-12-27
119517,2022-12-27
119518,2022-12-27
119519,2022-12-27
119520,2022-12-27
119521,2022-12-27
119522,2022-12-27
119523,2022-12-27
119524,2022-12-27
119525,2022-12-27
119526,2022-12-27
119527,2022-12-27
119528,2022-12-27
119529,2022-12-27
119530,2022-12-27
119531,2022-12-27
119532,2022-12-27
119533,2022-12-27
119534,2022-12-27
119535,2022-12-27
119536,2022-12-27
119537,2022-12-28
119538,2022-12-28
119539,2022-12-28
119540,2022-12-28
119541,2022-12-28
119542,2022-12-28
119545,2022-12-28
119546,2022-12-28
119547,2022-12-28
119548,2022-12-28
119549,2022-12-28
119550,2022-12-28
119551,2022-12-28
119552,2022-12-28
119553,2022-12-28
119554,2022-12-28
119555,2022-12-28
119556,2022-12-28
119557,2022-12-28
119558,2022-12-28
119559,2022-12-28
119560,2022-12-28
119561,2022-12-28
119562,2022-12-28
119563,2022-12-28
119564,2022-12-28
119565,2022-12-28
119566,2022-12-28
119567,2022-12-28
119568,2022-12-28
119569,2022-12-28
119570,2022-12-28
119571,2022-12-28
119572,2022-12-28
119573,2022-12-28
119574,2022-12-28
119575,2022-12-28
119577,2022-12-28
119578,2022-12-28
119580,2022-12-28
119581,2022-12-28
119582,2022-12-28
119583,2022-12-28
119584,2022-12-28
119585,2022-12-28
119587,2022-12-28
119588,2022-12-28
119590,2022-12-29
119591,2022-12-29
119592,2022-12-29
119593,2022-12-29
119596,2022-12-29
119597,2022-12-29
119598,2022-12-29
119599,2022-12-29
119600,2022-12-29
119601,2022-12-29
119602,2022-12-29
119603,2022-12-29
119604,2022-12-29
119605,2022-12-29
119606,2022-12-29
119607,2022-12-29
119608,2022-12-29
119609,2022-12-29
119610,2022-12-29
119611,2022-12-29
119612,2022-12-29
119613,2022-12-29
119614,2022-12-29
119615,2022-12-29
119616,2022-12-29
119617,2022-12-29
119618,2022-12-29
119619,2022-12-29
119620,2022-12-29
119621,2022-12-29
119622,2022-12-29
119623,2022-12-29
119624,2022-12-29
119625,2022-12-29
119626,2022-12-29
119627,2022-12-29
119628,2022-12-29
119629,2022-12-29
119630,2022-12-29
119631,2022-12-29
119632,2022-12-29
119633,2022-12-29
119634,2022-12-29
119635,2022-12-29
119636,2022-12-29
119637,2022-12-29
119638,2022-12-29
119640,2022-12-30
119641,2022-12-30
119642,2022-12-30
119643,2022-12-30
119644,2022-12-30
119645,2022-12-30
119648,2022-12-30
119650,2022-12-30
119651,2022-12-30
119652,2022-12-30
119653,2022-12-30
119654,2022-12-30
119655,2022-12-30
119656,2022-12-30
119657,2022-12-30
119658,2022-12-30
119659,2022-12-30
119660,2022-12-30
119661,2022-12-30
119662,2022-12-30
119663,2022-12-30
119664,2022-12-30
119665,2022-12-30
119666,2022-12-30
119667,2022-12-30
119668,2022-12-30
119669,2022-12-30
119670,2022-12-30
119671,2022-12-30
119672,2022-12-30
119673,2022-12-30
119674,2022-12-30
119675,2022-12-30
119676,2022-12-30
119677,2022-12-30
119678,2022-12-30
119679,2022-12-30
119680,2022-12-30
119681,2022-12-30
119682,2022-12-30
119683,2022-12-30
119684,2022-12-30
119685,2022-12-30
119686,2022-12-30
119687,2022-12-30
119688,2022-12-30
119689,2022-12-30
119690,2022-12-30
119691,2022-12-30
119692,2022-12-30
119693,2022-12-30
119694,2022-12-30
119695,2022-12-30
119696,2022-12-30
119697,2022-12-30
119698,2022-12-30
119699,2022-12-30
119700,2022-12-30
119701,2022-12-30
119702,2022-12-30
119703,2022-12-30
119704,2022-12-30
119705,2022-12-30
119706,2022-12-30
119707,2022-12-30
119708,2022-12-30
119709,2022-12-30
119710,2022-12-30
119711,2022-12-30
119712,2022-12-30
119713,2023-01-02
119714,2023-01-02
119715,2023-01-02
119716,2023-01-02
119719,2023-01-02
119720,2023-01-02
119723,2023-01-02
119724,2023-01-02
119725,2023-01-02
119726,2023-01-02
119727,2023-01-02
119728,2023-01-02
119729,2023-01-02
119730,2023-01-02
119731,2023-01-02
119732,2023-01-02
119733,2023-01-02
119734,2023-01-02
119735,2023-01-02
119737,2023-01-02
119738,2023-01-02
119739,2023-01-02
119740,2023-01-02
119741,2023-01-02
119742,2023-01-02
119743,2023-01-02
119744,2023-01-02
119745,2023-01-02
119746,2023-01-02
119747,2023-01-02
119748,2023-01-02
119749,2023-01-02
119750,2023-01-02
119751,2023-01-02
119752,2023-01-02
119753,2023-01-02
119754,2023-01-02
119755,2023-01-02
119756,2023-01-02
119757,2023-01-02
119758,2023-01-02
119759,2023-01-02
119760,2023-01-02
119761,2023-01-02
119762,2023-01-02
119763,2023-01-02
119764,2023-01-02
119765,2023-01-02
119766,2023-01-02
119767,2023-01-02
119768,2023-01-02
119769,2023-01-02
119770,2023-01-02
119771,2023-01-03
119772,2023-01-03
119773,2023-01-03
119776,2023-01-03
119777,2023-01-03
119778,2023-01-03
119779,2023-01-03
119780,2023-01-03
119781,2023-01-03
119782,2023-01-03
119783,2023-01-03
119784,2023-01-03
119786,2023-01-03
119787,2023-01-03
119788,2023-01-03
119789,2023-01-03
119790,2023-01-03
119791,2023-01-03
119792,2023-01-03
119793,2023-01-03
119794,2023-01-03
119795,2023-01-03
119796,2023-01-03
119797,2023-01-03
119798,2023-01-03
119799,2023-01-03
119800,2023-01-03
119801,2023-01-03
119802,2023-01-03
119803,2023-01-03
119804,2023-01-03
119805,2023-01-03
119806,2023-01-03
119807,2023-01-03
119808,2023-01-03
119809,2023-01-03
119810,2023-01-03
119811,2023-01-03
119812,2023-01-03
119813,2023-01-03
119814,2023-01-03
119815,2023-01-03
119816,2023-01-03
119817,2023-01-03
119818,2023-01-03
119821,2023-01-03
119822,2023-01-03
119823,2023-01-03
119824,2023-01-03
119826,2023-01-03
119827,2023-01-03
119829,2023-01-04
119830,2023-01-04
119831,2023-01-04
119832,2023-01-04
119835,2023-01-04
119836,2023-01-04
119837,2023-01-04
119838,2023-01-04
119839,2023-01-04
119840,2023-01-04
119841,2023-01-04
119842,2023-01-04
119843,2023-01-04
119844,2023-01-04
119845,2023-01-04
119846,2023-01-04
119847,2023-01-04
119848,2023-01-04
119849,2023-01-04
119850,2023-01-04
119851,2023-01-04
119852,2023-01-04
119853,2023-01-04
119855,2023-01-04
119857,2023-01-04
119858,2023-01-04
119859,2023-01-04
119860,2023-01-04
119862,2023-01-04
119863,2023-01-04
119864,2023-01-04
119865,2023-01-04
119866,2023-01-04
119867,2023-01-04
119868,2023-01-04
119869,2023-01-04
119870,2023-01-04
119871,2023-01-04
119872,2023-01-04
119873,2023-01-04
119874,2023-01-04
119875,2023-01-04
119876,2023-01-04
119877,2023-01-04
119878,2023-01-04
119879,2023-01-04
119881,2023-01-04
119886,2023-01-04
119889,2023-01-04
119892,2023-01-05
119893,2023-01-05
119894,2023-01-05
119895,2023-01-05
119898,2023-01-05
119899,2023-01-05
119900,2023-01-05
119901,2023-01-05
119902,2023-01-05
119903,2023-01-05
119904,2023-01-05
119906,2023-01-05
119907,2023-01-05
119908,2023-01-05
119909,2023-01-05
119910,2023-01-05
119911,2023-01-05
119912,2023-01-05
119913,2023-01-05
119914,2023-01-05
119915,2023-01-05
119916,2023-01-05
119917,2023-01-05
119918,2023-01-05
119919,2023-01-05
119920,2023-01-05
119921,2023-01-05
119922,2023-01-05
119923,2023-01-05
119924,2023-01-05
119925,2023-01-05
119926,2023-01-05
119927,2023-01-05
119929,2023-01-05
119930,2023-01-05
119931,2023-01-05
119932,2023-01-05
119933,2023-01-05
119934,2023-01-05
119936,2023-01-05
119937,2023-01-05
119938,2023-01-05
119939,2023-01-05
119940,2023-01-05
119941,2023-01-05
119943,2023-01-05
119944,2023-01-05
119945,2023-01-05
119946,2023-01-05
119947,2023-01-05
119948,2023-01-05
119950,2023-01-05
119952,2023-01-06
119953,2023-01-06
119954,2023-01-06
119955,2023-01-06
119958,2023-01-06
119959,2023-01-06
119960,2023-01-06
119961,2023-01-06
119962,2023-01-06
119963,2023-01-06
119964,2023-01-06
119966,2023-01-06
119967,2023-01-06
119968,2023-01-06
119969,2023-01-06
119970,2023-01-06
119971,2023-01-06
119972,2023-01-06
119973,2023-01-06
119974,2023-01-06
119977,2023-01-06
119978,2023-01-06
119980,2023-01-06
119982,2023-01-06
119983,2023-01-06
119984,2023-01-06
119985,2023-01-06
119987,2023-01-06
119988,2023-01-06
119993,2023-01-06
119994,2023-01-06
119998,2023-01-06
119999,2023-01-06
120003,2023-01-06
120005,2023-01-06
120007,2023-01-06
120011,2023-01-07
120012,2023-01-07
120013,2023-01-07
120014,2023-01-07
120017,2023-01-07
120018,2023-01-07
120019,2023-01-07
120020,2023-01-07
120021,2023-01-07
120022,2023-01-07
120023,2023-01-07
120024,2023-01-07
120025,2023-01-07
120026,2023-01-07
120027,2023-01-07
120028,2023-01-07
120029,2023-01-07
120030,2023-01-07
120031,2023-01-07
120032,2023-01-07
120033,2023-01-07
120034,2023-01-07
120035,2023-01-07
120036,2023-01-07
120037,2023-01-07
120038,2023-01-07
120039,2023-01-07
120040,2023-01-07
120041,2023-01-07
120042,2023-01-07
120043,2023-01-07
120044,2023-01-07
120045,2023-01-07
120046,2023-01-07
120047,2023-01-07
120048,2023-01-07
120049,2023-01-07
120050,2023-01-07
120051,2023-01-07
120052,2023-01-07
120053,2023-01-07
120054,2023-01-07
120056,2023-01-07
120059,2023-01-07
120060,2023-01-07
120061,2023-01-07
120062,2023-01-07
120063,2023-01-07
120064,2023-01-07
120065,2023-01-07
120066,2023-01-07
120067,2023-01-07
120068,2023-01-07
120069,2023-01-07
120070,2023-01-08
120071,2023-01-08
120072,2023-01-08
120073,2023-01-08
120074,2023-01-08
120077,2023-01-08
120078,2023-01-08
120079,2023-01-08
120080,2023-01-08
120081,2023-01-08
120085,2023-01-08
120089,2023-01-08
120090,2023-01-08
120091,2023-01-08
120092,2023-01-08
120093,2023-01-08
120094,2023-01-08
120095,2023-01-08
120096,2023-01-08
120097,2023-01-08
120098,2023-01-08
120099,2023-01-08
120100,2023-01-08
120102,2023-01-08
120103,2023-01-08
120104,2023-01-08
120105,2023-01-08
120106,2023-01-08
120107,2023-01-08
120108,2023-01-08
120109,2023-01-08
120110,2023-01-08
120111,2023-01-08
120112,2023-01-08
120113,2023-01-08
120114,2023-01-08
120115,2023-01-08
120116,2023-01-08
120118,2023-01-08
120119,2023-01-08
120120,2023-01-08
120121,2023-01-08
120122,2023-01-08
120123,2023-01-08
120124,2023-01-08
120125,2023-01-08
120126,2023-01-08
120127,2023-01-08
120128,2023-01-08
120129,2023-01-08
120130,2023-01-08
120131,2023-01-08
120132,2023-01-08
120133,2023-01-08
120134,2023-01-08
120135,2023-01-08
120137,2023-01-08
120138,2023-01-08
120139,2023-01-08
120140,2023-01-08
120141,2023-01-08
120142,2023-01-08
120143,2023-01-08
120144,2023-01-08
120145,2023-01-08
120146,2023-01-08
120147,2023-01-08
120148,2023-01-08
120149,2023-01-08
120150,2023-01-08
120151,2023-01-08
120152,2023-01-08
120154,2023-01-08
120155,2023-01-08
120156,2023-01-08
120157,2023-01-08
120158,2023-01-08
120159,2023-01-08
120160,2023-01-08
120161,2023-01-08
120162,2023-01-08
120163,2023-01-08
120164,2023-01-08
120165,2023-01-08
120166,2023-01-08
120167,2023-01-08
120168,2023-01-09
120169,2023-01-09
120170,2023-01-09
120171,2023-01-09
120172,2023-01-09
120175,2023-01-09
120176,2023-01-09
120177,2023-01-09
120178,2023-01-09
120179,2023-01-09
120180,2023-01-09
120181,2023-01-09
120182,2023-01-09
120183,2023-01-09
120184,2023-01-09
120185,2023-01-09
120186,2023-01-09
120187,2023-01-09
120188,2023-01-09
120189,2023-01-09
120190,2023-01-09
120191,2023-01-09
120192,2023-01-09
120193,2023-01-09
120194,2023-01-09
120195,2023-01-09
120196,2023-01-09
120197,2023-01-09
120198,2023-01-09
120199,2023-01-09
120200,2023-01-09
120201,2023-01-09
120202,2023-01-09
120203,2023-01-09
120204,2023-01-09
120205,2023-01-09
120206,2023-01-09
120207,2023-01-09
120208,2023-01-09
120209,2023-01-09
120210,2023-01-09
120211,2023-01-09
120212,2023-01-09
120213,2023-01-09
120214,2023-01-09
120215,2023-01-09
120216,2023-01-09
120217,2023-01-09
120218,2023-01-09
120219,2023-01-09
120220,2023-01-09
120221,2023-01-09
120222,2023-01-09
120223,2023-01-09
120224,2023-01-09
120225,2023-01-09
120226,2023-01-09
120227,2023-01-09
120228,2023-01-09
120229,2023-01-09
120230,2023-01-09
120231,2023-01-09
120232,2023-01-09
120233,2023-01-09
120234,2023-01-09
120237,2023-01-09
120238,2023-01-09
120239,2023-01-09
120240,2023-01-09
120241,2023-01-09
120242,2023-01-09
120243,2023-01-09
120244,2023-01-09
120245,2023-01-09
120246,2023-01-09
120247,2023-01-09
120248,2023-01-09
120249,2023-01-09
120250,2023-01-09
120251,2023-01-09
120252,2023-01-09
120253,2023-01-09
120254,2023-01-10
120255,2023-01-10
120256,2023-01-10
120260,2023-01-10
120261,2023-01-10
120262,2023-01-10
120263,2023-01-10
120264,2023-01-10
120265,2023-01-10
120266,2023-01-10
120267,2023-01-10
120268,2023-01-10
120269,2023-01-10
120270,2023-01-10
120271,2023-01-10
120272,2023-01-10
120273,2023-01-10
120274,2023-01-10
120275,2023-01-10
120276,2023-01-10
120277,2023-01-10
120278,2023-01-10
120279,2023-01-10
120280,2023-01-10
120281,2023-01-10
120282,2023-01-10
120283,2023-01-10
120284,2023-01-10
120285,2023-01-10
120286,2023-01-10
120287,2023-01-10
120291,2023-01-10
120292,2023-01-10
120293,2023-01-10
120294,2023-01-10
120295,2023-01-10
120296,2023-01-10
120297,2023-01-10
120298,2023-01-10
120299,2023-01-10
120301,2023-01-10
120302,2023-01-10
120305,2023-01-10
120306,2023-01-10
120308,2023-01-11
120309,2023-01-11
120310,2023-01-11
120311,2023-01-11
120314,2023-01-11
120315,2023-01-11
120316,2023-01-11
120317,2023-01-11
120318,2023-01-11
120319,2023-01-11
120320,2023-01-11
120321,2023-01-11
120322,2023-01-11
120323,2023-01-11
120324,2023-01-11
120325,2023-01-11
120327,2023-01-11
120328,2023-01-11
120329,2023-01-11
120330,2023-01-11
120331,2023-01-11
120332,2023-01-11
120334,2023-01-11
120335,2023-01-11
120336,2023-01-11
120337,2023-01-11
120338,2023-01-11
120339,2023-01-11
120340,2023-01-11
120341,2023-01-11
120342,2023-01-11
120343,2023-01-11
120344,2023-01-11
120345,2023-01-11
120347,2023-01-11
120348,2023-01-11
120349,2023-01-11
120351,2023-01-11
120352,2023-01-11
120353,2023-01-11
120354,2023-01-11
120355,2023-01-11
120356,2023-01-11
120357,2023-01-11
120358,2023-01-11
120359,2023-01-11
120360,2023-01-11
120361,2023-01-11
120363,2023-01-11
120364,2023-01-11
120365,2023-01-11
120366,2023-01-11
120367,2023-01-11
120368,2023-01-11
120370,2023-01-11
120371,2023-01-11
120372,2023-01-11
120373,2023-01-11
120374,2023-01-11
120375,2023-01-11
120376,2023-01-11
120378,2023-01-11
120379,2023-01-11
120380,2023-01-12
120381,2023-01-12
120382,2023-01-12
120383,2023-01-12
120386,2023-01-12
120387,2023-01-12
120388,2023-01-12
120390,2023-01-12
120391,2023-01-12
120392,2023-01-12
120393,2023-01-12
120394,2023-01-12
120395,2023-01-12
120396,2023-01-12
120397,2023-01-12
120398,2023-01-12
120399,2023-01-12
120400,2023-01-12
120401,2023-01-12
120402,2023-01-12
120403,2023-01-12
120404,2023-01-12
120405,2023-01-12
120406,2023-01-12
120407,2023-01-12
120408,2023-01-12
120409,2023-01-12
120410,2023-01-12
120411,2023-01-12
120412,2023-01-12
120413,2023-01-12
120414,2023-01-12
120415,2023-01-12
120416,2023-01-12
120417,2023-01-12
120418,2023-01-12
120419,2023-01-12
120420,2023-01-12
120421,2023-01-12
120422,2023-01-12
120423,2023-01-12
120424,2023-01-12
120425,2023-01-12
120426,2023-01-12
120427,2023-01-12
120428,2023-01-12
120429,2023-01-12
120430,2023-01-12
120431,2023-01-12
120432,2023-01-12
120433,2023-01-12
120434,2023-01-12
120435,2023-01-12
120436,2023-01-12
120438,2023-01-12
120439,2023-01-12
120440,2023-01-12
120441,2023-01-12
120442,2023-01-12
120443,2023-01-12
120444,2023-01-12
120445,2023-01-12
120446,2023-01-12
120447,2023-01-12
120448,2023-01-12
120449,2023-01-12
120451,2023-01-12
120452,2023-01-12
120453,2023-01-12
120454,2023-01-12
120455,2023-01-12
120456,2023-01-12
120457,2023-01-12
120458,2023-01-12
120459,2023-01-12
120460,2023-01-12
120461,2023-01-12
120463,2023-01-12
120464,2023-01-12
120466,2023-01-13
120467,2023-01-13
120468,2023-01-13
120469,2023-01-13
120472,2023-01-13
120473,2023-01-13
120474,2023-01-13
120475,2023-01-13
120476,2023-01-13
120477,2023-01-13
120478,2023-01-13
120479,2023-01-13
120480,2023-01-13
120481,2023-01-13
120482,2023-01-13
120483,2023-01-13
120484,2023-01-13
120485,2023-01-13
120486,2023-01-13
120487,2023-01-13
120488,2023-01-13
120489,2023-01-13
120490,2023-01-13
120491,2023-01-13
120492,2023-01-13
120493,2023-01-13
120495,2023-01-13
120496,2023-01-13
120497,2023-01-13
120498,2023-01-13
120499,2023-01-13
120500,2023-01-13
120502,2023-01-13
120503,2023-01-13
120504,2023-01-13
120505,2023-01-13
120506,2023-01-13
120507,2023-01-13
120508,2023-01-13
120509,2023-01-13
120510,2023-01-13
120511,2023-01-13
120512,2023-01-13
120513,2023-01-13
120514,2023-01-13
120516,2023-01-13
120517,2023-01-13
120518,2023-01-13
120519,2023-01-13
120520,2023-01-13
120521,2023-01-13
120522,2023-01-13
120523,2023-01-13
120524,2023-01-13
120525,2023-01-13
120526,2023-01-13
120527,2023-01-13
120528,2023-01-13
120529,2023-01-13
120530,2023-01-13
120531,2023-01-13
120532,2023-01-13
120533,2023-01-13
120534,2023-01-13
120535,2023-01-13
120536,2023-01-13
120537,2023-01-13
120538,2023-01-13
120539,2023-01-13
120540,2023-01-14
120541,2023-01-14
120547,2023-01-14
120548,2023-01-14
120549,2023-01-14
120550,2023-01-14
120551,2023-01-14
120553,2023-01-14
120555,2023-01-14
120556,2023-01-14
120557,2023-01-14
120558,2023-01-14
120559,2023-01-14
120560,2023-01-14
120561,2023-01-14
120562,2023-01-14
120563,2023-01-14
120564,2023-01-14
120565,2023-01-14
120566,2023-01-14
120567,2023-01-14
120568,2023-01-14
120569,2023-01-14
120570,2023-01-14
120571,2023-01-14
120572,2023-01-14
120573,2023-01-14
120574,2023-01-14
120576,2023-01-14
120577,2023-01-14
120578,2023-01-14
120580,2023-01-14
120581,2023-01-14
120585,2023-01-14
120586,2023-01-14
120588,2023-01-14
120589,2023-01-14
120590,2023-01-14
120591,2023-01-14
120592,2023-01-14
120593,2023-01-14
120594,2023-01-14
120595,2023-01-14
120596,2023-01-14
120598,2023-01-14
120599,2023-01-14
120603,2023-01-14
120610,2023-01-14
120611,2023-01-14
120612,2023-01-14
120613,2023-01-14
120614,2023-01-14
120615,2023-01-14
120616,2023-01-14
120617,2023-01-14
120618,2023-01-14
120619,2023-01-14
120620,2023-01-14
120621,2023-01-14
120622,2023-01-14
120623,2023-01-14
120664,2023-03-17
120665,2023-03-17
120666,2023-03-17
120667,2023-03-17
120668,2023-03-17
120669,2023-03-23
120670,2023-03-23
120671,2023-03-23
120672,2023-03-23
120673,2023-03-23
120674,2023-03-23
120675,2023-03-23
120676,2023-03-23
120677,2023-03-24
120678,2023-03-24
120679,2023-03-24
120680,2023-03-24
120681,2023-03-24
120682,2023-03-24
120683,2023-03-24
120684,2023-03-24
120685,2023-03-24
120686,2023-03-24
120688,2023-03-24
120689,2023-03-24
120690,2023-03-24
120691,2023-03-24
120692,2023-03-24
120696,2023-03-24
120698,2023-03-24
120699,2023-03-24
120700,2023-03-24
120701,2023-03-25
120702,2023-03-25
120703,2023-03-25
120704,2023-03-25
120705,2023-03-25
120706,2023-03-25
120707,2023-03-25
120708,2023-03-25
120709,2023-03-25
120711,2023-03-25
120712,2023-03-25
120715,2023-03-25
120716,2023-03-25
120717,2023-03-25
120718,2023-03-25
120719,2023-03-25
120720,2023-03-25
120721,2023-03-25
120722,2023-03-25
120745,2023-03-25
120752,2023-03-26
120753,2023-03-26
120754,2023-03-26
120755,2023-03-26
120756,2023-03-26
120757,2023-03-26
120758,2023-03-26
120759,2023-03-26
120760,2023-03-26
120761,2023-03-26
120762,2023-03-26
120766,2023-03-26
120767,2023-03-26
120768,2023-03-26
120771,2023-03-26
120772,2023-03-26
120784,2023-03-26
120785,2023-03-26
120786,2023-03-26
120787,2023-03-26
120788,2023-03-26
120789,2023-03-26
120790,2023-03-26
120791,2023-03-26
120792,2023-03-26
120793,2023-03-26
120794,2023-03-26
120795,2023-03-26
120796,2023-03-26
120797,2023-03-26
120798,2023-03-26
120799,2023-03-26
120800,2023-03-26
120801,2023-03-26
120802,2023-03-26
120803,2023-03-26
120804,2023-03-26
120805,2023-03-26
120806,2023-03-26
120807,2023-03-26
120808,2023-03-26
120809,2023-03-26
120810,2023-03-26
120811,2023-03-26
120812,2023-03-26
120813,2023-03-26
120814,2023-03-26
120816,2023-03-26
120817,2023-03-26
120818,2023-03-26
120824,2023-03-26
120830,2023-03-26
120834,2023-03-26
120837,2023-03-27
120838,2023-03-27
120839,2023-03-27
120840,2023-03-27
120841,2023-03-27
120848,2023-03-27
120849,2023-03-27
120850,2023-03-27
120851,2023-03-27
120852,2023-03-27
120853,2023-03-27
120854,2023-03-27
120855,2023-03-27
120856,2023-03-27
120857,2023-03-27
120858,2023-03-27
120859,2023-03-27
120860,2023-03-27
120861,2023-03-27
120862,2023-03-27
120863,2023-03-27
120864,2023-03-27
120865,2023-03-27
120866,2023-03-27
120867,2023-03-27
120868,2023-03-27
120869,2023-03-27
120870,2023-03-27
120871,2023-03-27
120872,2023-03-27
120873,2023-03-27
120874,2023-03-27
120875,2023-03-27
120876,2023-03-27
120877,2023-03-27
120878,2023-03-27
120880,2023-03-27
120881,2023-03-27
120882,2023-03-27
120883,2023-03-27
120884,2023-03-27
120885,2023-03-27
120886,2023-03-27
120887,2023-03-27
120888,2023-03-27
120889,2023-03-27
120890,2023-03-27
120891,2023-03-27
120892,2023-03-27
120893,2023-03-27
120894,2023-03-27
120896,2023-03-27
120897,2023-03-27
120898,2023-03-27
120899,2023-03-27
120900,2023-03-27
120901,2023-03-27
120902,2023-03-27
120903,2023-03-27
120904,2023-03-27
120905,2023-03-27
120907,2023-03-27
120908,2023-03-27
120909,2023-03-27
120910,2023-03-27
120911,2023-03-27
120912,2023-03-27
120913,2023-03-27
120914,2023-03-27
120915,2023-03-27
120916,2023-03-27
120917,2023-03-27
120918,2023-03-27
120919,2023-03-27
120920,2023-03-27
120921,2023-03-27
120922,2023-03-27
120923,2023-03-27
120924,2023-03-27
120925,2023-03-27
120926,2023-03-27
120927,2023-03-27
120928,2023-03-27
120929,2023-03-27
120930,2023-03-27
120932,2023-03-27
120933,2023-03-27
120934,2023-03-27
120935,2023-03-27
120936,2023-03-27
120937,2023-03-27
120938,2023-03-27
120939,2023-03-27
120940,2023-03-27
120941,2023-03-27
120942,2023-03-27
120943,2023-03-27
120944,2023-03-27
120945,2023-03-27
120946,2023-03-27
120947,2023-03-27
120948,2023-03-27
120949,2023-03-27
120950,2023-03-27
120951,2023-03-27
120952,2023-03-27
120953,2023-03-27
120954,2023-03-27
120955,2023-03-27
120956,2023-03-27
120957,2023-03-27
120960,2023-03-27
120961,2023-03-28
120962,2023-03-28
120963,2023-03-28
120964,2023-03-28
120965,2023-03-28
120966,2023-03-28
120967,2023-03-28
120968,2023-03-28
120969,2023-03-28
120970,2023-03-28
120980,2023-03-28
120981,2023-03-28
120982,2023-03-28
120983,2023-03-28
120984,2023-03-28
120985,2023-03-28
120986,2023-03-28
120987,2023-03-28
120988,2023-03-28
120989,2023-03-28
120990,2023-03-28
120991,2023-03-28
120998,2023-03-28
120999,2023-03-28
121000,2023-03-28
121001,2023-03-28
121002,2023-03-28
121003,2023-03-28
121004,2023-03-28
121005,2023-03-28
121006,2023-03-28
121007,2023-03-28
121008,2023-03-28
121009,2023-03-28
121010,2023-03-28
121011,2023-03-28
121012,2023-03-28
121013,2023-03-28
121014,2023-03-28
121016,2023-03-28
121017,2023-03-28
121018,2023-03-28
121019,2023-03-28
121020,2023-03-28
121021,2023-03-28
121022,2023-03-28
121023,2023-03-28
121024,2023-03-28
121025,2023-03-28
121026,2023-03-28
121027,2023-03-28
121028,2023-03-28
121029,2023-03-28
121030,2023-03-28
121031,2023-03-28
121032,2023-03-28
121033,2023-03-28
121034,2023-03-28
121035,2023-03-28
121036,2023-03-28
121037,2023-03-28
121038,2023-03-28
121039,2023-03-28
121040,2023-03-28
121041,2023-03-28
121042,2023-03-28
121043,2023-03-28
121044,2023-03-28
121045,2023-03-28
121046,2023-03-28
121047,2023-03-28
121048,2023-03-28
121049,2023-03-28
121050,2023-03-28
121051,2023-03-28
121052,2023-03-28
121053,2023-03-28
121054,2023-03-28
121055,2023-03-28
121056,2023-03-28
121057,2023-03-28
121058,2023-03-28
121059,2023-03-28
121060,2023-03-28
121061,2023-03-28
121062,2023-03-28
121063,2023-03-28
121064,2023-03-28
121065,2023-03-28
121066,2023-03-28
121067,2023-03-28
121068,2023-03-28
121069,2023-03-28
121070,2023-03-28
121071,2023-03-28
121072,2023-03-28
121073,2023-03-28
121074,2023-03-28
121075,2023-03-28
121076,2023-03-28
121077,2023-03-28
121078,2023-03-28
121079,2023-03-28
121080,2023-03-28
121081,2023-03-28
121082,2023-03-28
121083,2023-03-28
121084,2023-03-28
121085,2023-03-28
121086,2023-03-28
121087,2023-03-28
121088,2023-03-28
121089,2023-03-28
121090,2023-03-28
121091,2023-03-28
121092,2023-03-28
121093,2023-03-28
121094,2023-03-28
121095,2023-03-28
121096,2023-03-28
121097,2023-03-28
121100,2023-03-29
121101,2023-03-29
121102,2023-03-29
121103,2023-03-29
121104,2023-03-29
121105,2023-03-29
121106,2023-03-29
121107,2023-03-29
121108,2023-03-29
121109,2023-03-29
121110,2023-03-29
121114,2023-03-29
121115,2023-03-29
121116,2023-03-29
121117,2023-03-29
121118,2023-03-29
121120,2023-03-29
121121,2023-03-29
121122,2023-03-29
121123,2023-03-29
121124,2023-03-29
121125,2023-03-29
121126,2023-03-29
121127,2023-03-29
121128,2023-03-29
121129,2023-03-29
121130,2023-03-29
121131,2023-03-29
121132,2023-03-29
121133,2023-03-29
121134,2023-03-29
121135,2023-03-29
121136,2023-03-29
121137,2023-03-29
121138,2023-03-29
121139,2023-03-29
121140,2023-03-29
121142,2023-03-29
121143,2023-03-29
121144,2023-03-29
121145,2023-03-29
121146,2023-03-29
121147,2023-03-29
121148,2023-03-29
121149,2023-03-29
121150,2023-03-29
121151,2023-03-29
121152,2023-03-29
121153,2023-03-29
121154,2023-03-29
121155,2023-03-29
121156,2023-03-29
121157,2023-03-29
121158,2023-03-29
121159,2023-03-29
121160,2023-03-29
121161,2023-03-29
121162,2023-03-29
121163,2023-03-29
121164,2023-03-29
121165,2023-03-29
121166,2023-03-29
121167,2023-03-29
121168,2023-03-29
121169,2023-03-29
121170,2023-03-29
121171,2023-03-29
121172,2023-03-29
121173,2023-03-29
121174,2023-03-29
121175,2023-03-29
121176,2023-03-29
121177,2023-03-29
121178,2023-03-29
121179,2023-03-29
121182,2023-03-29
121183,2023-03-29
121184,2023-03-29
121185,2023-03-29
121186,2023-03-29
121187,2023-03-29
121188,2023-03-29
121189,2023-03-29
121190,2023-03-29
121191,2023-03-29
121192,2023-03-29
121193,2023-03-29
121194,2023-03-29
121195,2023-03-29
121196,2023-03-29
121197,2023-03-29
121198,2023-03-29
121199,2023-03-29
121200,2023-03-29
121201,2023-03-29
121202,2023-03-29
121203,2023-03-29
121204,2023-03-29
121205,2023-03-29
121206,2023-03-29
121207,2023-03-29
121208,2023-03-29
121209,2023-03-29
121210,2023-03-29
121211,2023-03-29
121212,2023-03-29
121213,2023-03-29
121214,2023-03-29
121215,2023-03-29
121216,2023-03-29
121217,2023-03-29
121218,2023-03-29
121219,2023-03-29
121220,2023-03-29
121221,2023-03-29
121222,2023-03-29
121224,2023-03-29
121225,2023-03-29
121226,2023-03-29
121227,2023-03-29
121228,2023-03-29
121229,2023-03-29
121230,2023-03-29
121231,2023-03-29
121232,2023-03-29
121233,2023-03-29
121234,2023-03-29
121235,2023-03-30
121236,2023-03-30
121237,2023-03-30
121238,2023-03-30
121239,2023-03-30
121240,2023-03-30
121241,2023-03-30
121246,2023-03-30
121247,2023-03-30
121249,2023-03-30
121250,2023-03-30
121253,2023-03-30
121254,2023-03-30
121258,2023-03-30
121259,2023-03-30
121260,2023-03-30
121261,2023-03-30
121262,2023-03-30
121263,2023-03-30
121264,2023-03-30
121265,2023-03-30
121266,2023-03-30
121267,2023-03-30
121268,2023-03-30
121269,2023-03-30
121270,2023-03-30
121271,2023-03-30
121272,2023-03-30
121273,2023-03-30
121274,2023-03-30
121275,2023-03-30
121276,2023-03-30
121277,2023-03-30
121278,2023-03-30
121279,2023-03-30
121280,2023-03-30
121281,2023-03-30
121282,2023-03-30
121284,2023-03-30
121285,2023-03-30
121286,2023-03-30
121287,2023-03-30
121288,2023-03-30
121289,2023-03-30
121290,2023-03-30
121291,2023-03-30
121292,2023-03-30
121293,2023-03-30
121294,2023-03-30
121295,2023-03-30
121296,2023-03-30
121297,2023-03-30
121298,2023-03-30
121299,2023-03-30
121300,2023-03-30
121301,2023-03-30
121302,2023-03-30
121303,2023-03-30
121304,2023-03-30
121305,2023-03-30
121306,2023-03-30
121307,2023-03-30
121308,2023-03-30
121309,2023-03-30
121312,2023-03-30
121313,2023-03-30
121314,2023-03-30
121315,2023-03-30
121316,2023-03-30
121317,2023-03-30
121318,2023-03-30
121319,2023-03-30
121320,2023-03-30
121321,2023-03-30
121322,2023-03-30
121323,2023-03-30
121324,2023-03-30
121325,2023-03-30
121326,2023-03-30
121327,2023-03-30
121328,2023-03-30
121329,2023-03-30
121330,2023-03-30
121332,2023-03-30
121333,2023-03-30
121335,2023-03-30
121336,2023-03-30
121337,2023-03-30
121338,2023-03-30
121339,2023-03-30
121340,2023-03-30
121341,2023-03-30
121342,2023-03-31
121343,2023-03-31
121344,2023-03-31
121345,2023-03-31
121349,2023-03-31
121350,2023-03-31
121351,2023-03-31
121352,2023-03-31
121354,2023-03-31
121355,2023-03-31
121356,2023-03-31
121357,2023-03-31
121358,2023-03-31
121359,2023-03-31
121360,2023-03-31
121361,2023-03-31
121363,2023-03-31
121364,2023-03-31
121365,2023-03-31
121366,2023-03-31
121367,2023-03-31
121368,2023-03-31
121369,2023-03-31
121370,2023-03-31
121371,2023-03-31
121372,2023-03-31
121373,2023-03-31
121374,2023-03-31
121375,2023-03-31
121376,2023-03-31
121377,2023-03-31
121378,2023-03-31
121379,2023-03-31
121380,2023-03-31
121381,2023-03-31
121382,2023-03-31
121383,2023-03-31
121384,2023-03-31
121385,2023-03-31
121386,2023-03-31
121387,2023-03-31
121388,2023-03-31
121389,2023-03-31
121390,2023-03-31
121391,2023-03-31
121392,2023-03-31
121393,2023-03-31
121394,2023-03-31
121395,2023-03-31
121396,2023-03-31
121397,2023-03-31
121398,2023-03-31
121399,2023-03-31
121400,2023-03-31
121401,2023-03-31
121402,2023-03-31
121403,2023-03-31
121404,2023-03-31
121405,2023-03-31
121406,2023-03-31
121407,2023-03-31
121409,2023-03-31
121410,2023-03-31
121411,2023-03-31
121412,2023-03-31
121413,2023-03-31
121415,2023-03-31
121416,2023-03-31
121417,2023-03-31
121418,2023-03-31
121419,2023-03-31
121420,2023-03-31
121423,2023-03-31
121424,2023-03-31
121425,2023-03-31
121426,2023-03-31
121427,2023-03-31
121428,2023-03-31
121429,2023-03-31
121430,2023-03-31
121431,2023-03-31
121432,2023-03-31
121433,2023-03-31
121434,2023-03-31
121435,2023-03-31
121437,2023-03-31
121438,2023-03-31
121439,2023-03-31
121440,2023-03-31
121441,2023-03-31
121443,2023-03-31
121444,2023-03-31
121445,2023-03-31
121446,2023-04-01
121447,2023-04-01
121448,2023-04-01
121449,2023-04-01
121450,2023-04-01
121451,2023-04-01
121452,2023-04-01
121453,2023-04-01
121454,2023-04-01
121455,2023-04-01
121458,2023-04-01
121462,2023-04-01
121463,2023-04-01
121464,2023-04-01
121465,2023-04-01
121466,2023-04-01
121467,2023-04-01
121468,2023-04-01
121469,2023-04-01
121470,2023-04-01
121471,2023-04-01
121472,2023-04-01
121473,2023-04-01
121474,2023-04-01
121475,2023-04-01
121476,2023-04-01
121477,2023-04-01
121478,2023-04-01
121479,2023-04-01
121480,2023-04-01
121481,2023-04-01
121482,2023-04-01
121483,2023-04-01
121484,2023-04-01
121485,2023-04-01
121486,2023-04-01
121487,2023-04-01
121488,2023-04-01
121489,2023-04-01
121490,2023-04-01
121492,2023-04-01
121493,2023-04-01
121494,2023-04-01
121495,2023-04-01
121496,2023-04-01
121497,2023-04-01
121498,2023-04-01
121499,2023-04-01
121500,2023-04-01
121501,2023-04-01
121502,2023-04-01
121503,2023-04-01
121504,2023-04-01
121505,2023-04-01
121506,2023-04-01
121507,2023-04-01
121508,2023-04-01
121509,2023-04-01
121510,2023-04-01
121511,2023-04-01
121513,2023-04-01
121514,2023-04-01
121515,2023-04-01
121516,2023-04-01
121517,2023-04-01
121518,2023-04-01
121519,2023-04-01
121521,2023-04-01
121522,2023-04-01
121523,2023-04-01
121524,2023-04-01
121525,2023-04-01
121526,2023-04-01
121529,2023-04-01
121530,2023-04-01
121531,2023-04-01
121532,2023-04-01
121533,2023-04-01
121534,2023-04-01
121535,2023-04-01
121536,2023-04-01
121537,2023-04-01
121538,2023-04-01
121539,2023-04-01
121540,2023-04-01
121541,2023-04-03
121542,2023-04-03
121543,2023-04-03
121544,2023-04-03
121545,2023-04-03
121546,2023-04-03
121550,2023-04-03
121551,2023-04-03
121552,2023-04-03
121553,2023-04-03
121554,2023-04-03
121555,2023-04-03
121556,2023-04-03
121557,2023-04-03
121558,2023-04-03
121559,2023-04-03
121560,2023-04-03
121561,2023-04-03
121562,2023-04-03
121563,2023-04-03
121564,2023-04-03
121565,2023-04-03
121566,2023-04-03
121567,2023-04-03
121569,2023-04-03
121570,2023-04-03
121571,2023-04-03
121572,2023-04-03
121573,2023-04-03
121574,2023-04-03
121575,2023-04-03
121576,2023-04-03
121577,2023-04-03
121578,2023-04-03
121579,2023-04-03
121580,2023-04-03
121581,2023-04-03
121582,2023-04-03
121583,2023-04-03
121584,2023-04-03
121585,2023-04-03
121586,2023-04-03
121587,2023-04-03
121588,2023-04-03
121589,2023-04-03
121590,2023-04-03
121591,2023-04-03
121592,2023-04-03
121593,2023-04-03
121595,2023-04-03
121596,2023-04-03
121597,2023-04-03
121598,2023-04-03
121599,2023-04-03
121600,2023-04-03
121601,2023-04-03
121602,2023-04-03
121603,2023-04-03
121604,2023-04-03
121605,2023-04-03
121606,2023-04-03
121607,2023-04-03
121608,2023-04-03
121609,2023-04-03
121610,2023-04-03
121611,2023-04-03
121612,2023-04-03
121613,2023-04-03
121614,2023-04-03
121615,2023-04-03
121616,2023-04-03
121617,2023-04-03
121618,2023-04-03
121619,2023-04-03
121620,2023-04-03
121621,2023-04-03
121622,2023-04-03
121623,2023-04-03
121624,2023-04-03
121625,2023-04-03
121626,2023-04-03
121629,2023-04-03
121631,2023-04-03
121633,2023-04-03
121634,2023-04-03
121635,2023-04-03
121636,2023-04-03
121637,2023-04-03
121638,2023-04-03
121639,2023-04-03
121640,2023-04-03
121641,2023-04-03
121642,2023-04-03
121643,2023-04-03
121644,2023-04-03
121645,2023-04-03
121647,2023-04-03
121648,2023-04-03
121649,2023-04-03
121650,2023-04-04
121651,2023-04-04
121652,2023-04-04
121653,2023-04-04
121656,2023-04-04
121657,2023-04-04
121658,2023-04-04
121659,2023-04-04
121660,2023-04-04
121661,2023-04-04
121662,2023-04-04
121664,2023-04-04
121665,2023-04-04
121667,2023-04-04
121668,2023-04-04
121669,2023-04-04
121670,2023-04-04
121671,2023-04-04
121672,2023-04-04
121673,2023-04-04
121674,2023-04-04
121675,2023-04-04
121676,2023-04-04
121677,2023-04-04
121678,2023-04-04
121679,2023-04-04
121680,2023-04-04
121681,2023-04-04
121682,2023-04-04
121683,2023-04-04
121684,2023-04-04
121685,2023-04-04
121686,2023-04-04
121687,2023-04-04
121688,2023-04-04
121689,2023-04-04
121690,2023-04-04
121691,2023-04-04
121692,2023-04-04
121693,2023-04-04
121694,2023-04-04
121695,2023-04-04
121696,2023-04-04
121697,2023-04-04
121698,2023-04-04
121699,2023-04-04
121700,2023-04-04
121701,2023-04-04
121702,2023-04-04
121703,2023-04-04
121704,2023-04-04
121708,2023-04-04
121709,2023-04-04
121710,2023-04-04
121711,2023-04-04
121712,2023-04-04
121713,2023-04-04
121714,2023-04-04
121715,2023-04-04
121716,2023-04-04
121717,2023-04-04
121718,2023-04-04
121719,2023-04-04
121720,2023-04-04
121721,2023-04-04
121722,2023-04-04
121723,2023-04-04
121724,2023-04-04
121725,2023-04-04
121726,2023-04-04
121727,2023-04-04
121728,2023-04-04
121729,2023-04-04
121730,2023-04-04
121731,2023-04-04
121732,2023-04-04
121733,2023-04-04
121734,2023-04-04
121735,2023-04-04
121736,2023-04-04
121737,2023-04-04
121738,2023-04-04
121739,2023-04-04
121740,2023-04-04
121741,2023-04-04
121742,2023-04-04
121744,2023-04-04
121745,2023-04-05
121746,2023-04-05
121747,2023-04-05
121748,2023-04-05
121751,2023-04-05
121752,2023-04-05
121753,2023-04-05
121754,2023-04-05
121755,2023-04-05
121756,2023-04-05
121759,2023-04-05
121760,2023-04-05
121761,2023-04-05
121762,2023-04-05
121764,2023-04-05
121765,2023-04-05
121766,2023-04-05
121767,2023-04-05
121768,2023-04-05
121769,2023-04-05
121770,2023-04-05
121771,2023-04-05
121773,2023-04-05
121774,2023-04-05
121775,2023-04-05
121777,2023-04-05
121778,2023-04-05
121779,2023-04-05
121780,2023-04-05
121781,2023-04-05
121782,2023-04-05
121783,2023-04-05
121784,2023-04-05
121785,2023-04-05
121786,2023-04-05
121787,2023-04-05
121788,2023-04-05
121789,2023-04-05
121790,2023-04-05
121791,2023-04-05
121792,2023-04-05
121793,2023-04-05
121794,2023-04-05
121795,2023-04-05
121796,2023-04-05
121797,2023-04-05
121798,2023-04-05
121799,2023-04-05
121800,2023-04-05
121801,2023-04-05
121802,2023-04-05
121803,2023-04-05
121804,2023-04-05
121805,2023-04-05
121806,2023-04-05
121807,2023-04-05
121808,2023-04-05
121809,2023-04-05
121810,2023-04-05
121811,2023-04-05
121812,2023-04-05
121813,2023-04-05
121814,2023-04-05
121815,2023-04-05
121816,2023-04-05
121817,2023-04-05
121818,2023-04-05
121819,2023-04-05
121820,2023-04-05
121821,2023-04-05
121822,2023-04-05
121823,2023-04-05
121824,2023-04-06
121825,2023-04-06
121826,2023-04-06
121827,2023-04-06
121830,2023-04-06
121831,2023-04-06
121832,2023-04-06
121833,2023-04-06
121834,2023-04-06
121835,2023-04-06
121836,2023-04-06
121837,2023-04-06
121838,2023-04-06
121839,2023-04-06
121840,2023-04-06
121843,2023-04-06
121844,2023-04-06
121845,2023-04-06
121846,2023-04-06
121847,2023-04-06
121848,2023-04-06
121849,2023-04-06
121850,2023-04-06
121851,2023-04-06
121852,2023-04-06
121853,2023-04-06
121854,2023-04-06
121855,2023-04-06
121856,2023-04-06
121857,2023-04-06
121858,2023-04-06
121859,2023-04-06
121860,2023-04-06
121861,2023-04-06
121862,2023-04-06
121863,2023-04-06
121864,2023-04-06
121865,2023-04-06
121866,2023-04-06
121867,2023-04-06
121868,2023-04-06
121869,2023-04-06
121870,2023-04-06
121871,2023-04-06
121872,2023-04-06
121873,2023-04-06
121874,2023-04-06
121875,2023-04-06
121876,2023-04-06
121877,2023-04-06
121878,2023-04-06
121879,2023-04-06
121880,2023-04-06
121881,2023-04-06
121882,2023-04-06
121883,2023-04-06
121884,2023-04-06
121885,2023-04-06
121886,2023-04-06
121887,2023-04-06
121888,2023-04-06
121890,2023-04-06
121891,2023-04-06
121893,2023-04-06
121895,2023-04-06
121896,2023-04-06
121897,2023-04-06
121898,2023-04-06
121899,2023-04-06
121900,2023-04-06
121901,2023-04-06
121902,2023-04-06
121905,2023-04-06
121906,2023-04-06
121907,2023-04-06
121908,2023-04-06
121910,2023-04-06
121911,2023-04-07
121912,2023-04-07
121913,2023-04-07
121914,2023-04-07
121917,2023-04-07
121918,2023-04-07
121919,2023-04-07
121920,2023-04-07
121921,2023-04-07
121922,2023-04-07
121923,2023-04-07
121924,2023-04-07
121925,2023-04-07
121926,2023-04-07
121927,2023-04-07
121928,2023-04-07
121929,2023-04-07
121930,2023-04-07
121931,2023-04-07
121932,2023-04-07
121933,2023-04-07
121934,2023-04-07
121935,2023-04-07
121936,2023-04-07
121937,2023-04-07
121938,2023-04-07
121939,2023-04-07
121940,2023-04-07
121941,2023-04-07
121942,2023-04-07
121943,2023-04-07
121944,2023-04-07
121945,2023-04-07
121946,2023-04-07
121947,2023-04-07
121948,2023-04-07
121949,2023-04-07
121950,2023-04-07
121951,2023-04-07
121952,2023-04-07
121953,2023-04-07
121954,2023-04-07
121955,2023-04-07
121956,2023-04-07
121957,2023-04-07
121958,2023-04-07
121959,2023-04-07
121960,2023-04-07
121961,2023-04-07
121962,2023-04-07
121963,2023-04-07
121964,2023-04-07
121965,2023-04-07
121967,2023-04-07
121968,2023-04-07
121969,2023-04-07
121970,2023-04-07
121971,2023-04-07
121972,2023-04-07
121973,2023-04-07
121974,2023-04-07
121975,2023-04-07
121976,2023-04-07
121977,2023-04-07
121978,2023-04-07
121979,2023-04-07
121980,2023-04-07
121981,2023-04-07
121982,2023-04-07
121983,2023-04-07
121984,2023-04-07
121992,2023-04-07
121993,2023-04-07
121994,2023-04-07
121995,2023-04-07
121996,2023-04-08
121997,2023-04-08
121998,2023-04-08
121999,2023-04-08
122002,2023-04-08
122003,2023-04-08
122004,2023-04-08
122005,2023-04-08
122006,2023-04-08
122007,2023-04-08
122008,2023-04-08
122010,2023-04-08
122011,2023-04-08
122013,2023-04-08
122014,2023-04-08
122015,2023-04-08
122016,2023-04-08
122017,2023-04-08
122018,2023-04-08
122019,2023-04-08
122020,2023-04-08
122021,2023-04-08
122022,2023-04-08
122023,2023-04-08
122024,2023-04-08
122025,2023-04-08
122026,2023-04-08
122027,2023-04-08
122028,2023-04-08
122029,2023-04-08
122030,2023-04-08
122031,2023-04-08
122032,2023-04-08
122033,2023-04-08
122034,2023-04-08
122035,2023-04-08
122036,2023-04-08
122037,2023-04-08
122038,2023-04-08
122039,2023-04-08
122040,2023-04-08
122041,2023-04-08
122042,2023-04-08
122043,2023-04-08
122044,2023-04-08
122045,2023-04-08
122046,2023-04-08
122047,2023-04-08
122048,2023-04-08
122049,2023-04-08
122054,2023-04-08
122055,2023-04-08
122056,2023-04-08
122058,2023-04-08
122060,2023-04-08
122062,2023-04-08
122069,2023-04-08
122073,2023-04-10
122074,2023-04-10
122075,2023-04-10
122076,2023-04-10
122079,2023-04-10
122081,2023-04-10
122082,2023-04-10
122083,2023-04-10
122084,2023-04-10
122085,2023-04-10
122086,2023-04-10
122087,2023-04-10
122088,2023-04-10
122089,2023-04-10
122090,2023-04-10
122091,2023-04-10
122093,2023-04-10
122094,2023-04-10
122095,2023-04-10
122096,2023-04-10
122098,2023-04-10
122099,2023-04-10
122100,2023-04-10
122101,2023-04-10
122102,2023-04-10
122103,2023-04-10
122104,2023-04-10
122105,2023-04-10
122106,2023-04-10
122107,2023-04-10
122108,2023-04-10
122110,2023-04-10
122111,2023-04-10
122112,2023-04-10
122113,2023-04-10
122114,2023-04-10
122115,2023-04-10
122116,2023-04-10
122117,2023-04-10
122118,2023-04-10
122119,2023-04-10
122120,2023-04-10
122121,2023-04-10
122122,2023-04-10
122123,2023-04-10
122124,2023-04-10
122125,2023-04-10
122126,2023-04-10
122127,2023-04-10
122128,2023-04-10
122129,2023-04-10
122130,2023-04-10
122131,2023-04-10
122132,2023-04-10
122133,2023-04-10
122134,2023-04-10
122135,2023-04-10
122136,2023-04-10
122137,2023-04-10
122138,2023-04-10
122139,2023-04-10
122140,2023-04-10
122141,2023-04-10
122142,2023-04-10
122143,2023-04-10
122144,2023-04-10
122145,2023-04-10
122146,2023-04-10
122148,2023-04-10
122149,2023-04-10
122150,2023-04-11
122151,2023-04-11
122152,2023-04-11
122153,2023-04-11
122156,2023-04-11
122157,2023-04-11
122158,2023-04-11
122160,2023-04-11
122161,2023-04-11
122162,2023-04-11
122163,2023-04-11
122164,2023-04-11
122165,2023-04-11
122166,2023-04-11
122167,2023-04-11
122168,2023-04-11
122169,2023-04-11
122170,2023-04-11
122171,2023-04-11
122172,2023-04-11
122173,2023-04-11
122175,2023-04-11
122176,2023-04-11
122177,2023-04-11
122178,2023-04-11
122179,2023-04-11
122180,2023-04-11
122181,2023-04-11
122182,2023-04-11
122183,2023-04-11
122184,2023-04-11
122185,2023-04-11
122186,2023-04-12
122188,2023-04-12
122189,2023-04-12
122190,2023-04-12
122191,2023-04-12
122192,2023-04-12
122193,2023-04-12
122194,2023-04-12
122195,2023-04-12
122196,2023-04-12
122197,2023-04-12
122198,2023-04-12
122199,2023-04-12
122200,2023-04-12
122201,2023-04-12
122203,2023-04-12
122204,2023-04-12
122205,2023-04-12
122206,2023-04-12
122207,2023-04-12
122208,2023-04-12
122209,2023-04-12
122210,2023-04-12
122211,2023-04-12
122215,2023-04-12
122216,2023-04-12
122217,2023-04-12
122218,2023-04-12
122221,2023-04-12
122223,2023-04-12
122224,2023-04-12
122225,2023-04-12
122226,2023-04-12
122227,2023-04-12
122228,2023-04-12
122229,2023-04-12
122230,2023-04-12
122231,2023-04-12
122232,2023-04-12
122233,2023-04-12
122234,2023-04-12
122235,2023-04-12
122236,2023-04-12
122237,2023-04-12
122238,2023-04-12
122239,2023-04-12
122240,2023-04-12
122241,2023-04-12
122242,2023-04-12
122243,2023-04-12
122244,2023-04-12
122245,2023-04-12
122246,2023-04-12
122247,2023-04-12
122248,2023-04-12
122249,2023-04-12
122250,2023-04-12
122251,2023-04-12
122252,2023-04-12
122253,2023-04-12
122254,2023-04-12
122255,2023-04-13
122256,2023-04-13
122257,2023-04-13
122258,2023-04-13
122261,2023-04-13
122262,2023-04-13
122263,2023-04-13
122264,2023-04-13
122265,2023-04-13
122266,2023-04-13
122267,2023-04-13
122268,2023-04-13
122269,2023-04-13
122270,2023-04-13
122271,2023-04-13
122272,2023-04-13
122273,2023-04-13
122274,2023-04-13
122275,2023-04-13
122276,2023-04-13
122277,2023-04-13
122278,2023-04-13
122279,2023-04-13
122280,2023-04-13
122281,2023-04-13
122282,2023-04-13
122283,2023-04-13
122284,2023-04-13
122285,2023-04-13
122286,2023-04-13
122287,2023-04-13
122288,2023-04-13
122289,2023-04-13
122290,2023-04-13
122291,2023-04-13
122292,2023-04-13
122293,2023-04-13
122294,2023-04-13
122295,2023-04-13
122296,2023-04-13
122297,2023-04-13
122298,2023-04-13
122299,2023-04-13
122300,2023-04-13
122301,2023-04-13
122302,2023-04-13
122303,2023-04-13
122304,2023-04-13
122305,2023-04-13
122306,2023-04-13
122307,2023-04-13
122309,2023-04-13
122310,2023-04-13
122311,2023-04-13
122312,2023-04-13
122316,2023-04-14
122317,2023-04-14
122318,2023-04-14
122319,2023-04-14
122322,2023-04-14
122323,2023-04-14
122324,2023-04-14
122325,2023-04-14
122326,2023-04-14
122327,2023-04-14
122328,2023-04-14
122329,2023-04-14
122331,2023-04-14
122332,2023-04-14
122333,2023-04-14
122334,2023-04-14
122335,2023-04-14
122336,2023-04-14
122337,2023-04-14
122338,2023-04-14
122339,2023-04-14
122340,2023-04-14
122341,2023-04-14
122342,2023-04-14
122343,2023-04-14
122344,2023-04-14
122345,2023-04-14
122346,2023-04-14
122347,2023-04-14
122348,2023-04-14
122349,2023-04-14
122350,2023-04-14
122351,2023-04-14
122352,2023-04-14
122353,2023-04-14
122354,2023-04-14
122355,2023-04-14
122356,2023-04-14
122357,2023-04-14
122358,2023-04-14
122359,2023-04-14
122360,2023-04-14
122362,2023-04-14
122363,2023-04-14
122364,2023-04-14
122365,2023-04-14
122366,2023-04-14
122367,2023-04-14
122368,2023-04-14
122369,2023-04-14
122370,2023-04-14
122371,2023-04-14
122372,2023-04-14
122373,2023-04-14
122374,2023-04-14
122375,2023-04-14
122376,2023-04-14
122377,2023-04-14
122378,2023-04-14
122379,2023-04-14
122380,2023-04-14
122381,2023-04-14
122383,2023-04-14
122385,2023-04-15
122386,2023-04-15
122387,2023-04-15
122388,2023-04-15
122391,2023-04-15
122392,2023-04-15
122393,2023-04-15
122394,2023-04-15
122395,2023-04-15
122396,2023-04-15
122397,2023-04-15
122398,2023-04-15
122399,2023-04-15
122400,2023-04-15
122404,2023-04-15
122405,2023-04-15
122406,2023-04-15
122407,2023-04-15
122408,2023-04-15
122409,2023-04-15
122410,2023-04-15
122411,2023-04-15
122412,2023-04-15
122413,2023-04-15
122414,2023-04-15
122415,2023-04-15
122416,2023-04-15
122417,2023-04-15
122418,2023-04-15
122419,2023-04-15
122420,2023-04-15
122421,2023-04-15
122422,2023-04-15
122423,2023-04-15
122425,2023-04-15
122426,2023-04-15
122427,2023-04-15
122428,2023-04-15
122429,2023-04-15
122430,2023-04-15
122431,2023-04-15
122432,2023-04-15
122433,2023-04-15
122434,2023-04-15
122435,2023-04-15
122436,2023-04-15
122437,2023-04-15
122438,2023-04-15
122439,2023-04-15
122440,2023-04-15
122441,2023-04-15
122442,2023-04-15
122443,2023-04-15
122444,2023-04-15
122445,2023-04-15
122446,2023-04-15
122447,2023-04-15
122448,2023-04-15
122449,2023-04-15
122450,2023-04-15
122451,2023-04-17
122452,2023-04-17
122453,2023-04-17
122454,2023-04-17
122458,2023-04-17
122459,2023-04-17
122460,2023-04-17
122461,2023-04-17
122463,2023-04-17
122464,2023-04-17
122465,2023-04-17
122466,2023-04-17
122467,2023-04-17
122468,2023-04-17
122469,2023-04-17
122470,2023-04-17
122471,2023-04-17
122472,2023-04-17
122473,2023-04-17
122474,2023-04-17
122475,2023-04-17
122476,2023-04-17
122477,2023-04-17
122478,2023-04-17
122479,2023-04-17
122480,2023-04-17
122481,2023-04-17
122482,2023-04-17
122483,2023-04-17
122484,2023-04-17
122485,2023-04-17
122486,2023-04-17
122487,2023-04-17
122488,2023-04-17
122489,2023-04-17
122490,2023-04-17
122491,2023-04-17
122492,2023-04-17
122493,2023-04-17
122495,2023-04-17
122496,2023-04-17
122497,2023-04-17
122498,2023-04-17
122499,2023-04-17
122500,2023-04-17
122501,2023-04-17
122502,2023-04-17
122503,2023-04-17
122504,2023-04-17
122505,2023-04-17
122506,2023-04-17
122507,2023-04-17
122508,2023-04-17
122509,2023-04-17
122510,2023-04-17
122514,2023-04-17
122515,2023-04-17
122516,2023-04-17
122517,2023-04-17
122518,2023-04-17
122519,2023-04-17
122520,2023-04-17
122521,2023-04-17
122523,2023-04-18
122524,2023-04-18
122525,2023-04-18
122526,2023-04-18
122529,2023-04-18
122530,2023-04-18
122531,2023-04-18
122532,2023-04-18
122533,2023-04-18
122534,2023-04-18
122537,2023-04-18
122539,2023-04-18
122541,2023-04-18
122542,2023-04-18
122543,2023-04-18
122544,2023-04-18
122545,2023-04-18
122546,2023-04-18
122547,2023-04-18
122548,2023-04-18
122549,2023-04-18
122550,2023-04-18
122551,2023-04-18
122553,2023-04-18
122554,2023-04-18
122555,2023-04-18
122556,2023-04-18
122557,2023-04-18
122558,2023-04-18
122559,2023-04-18
122560,2023-04-18
122562,2023-04-18
122563,2023-04-18
122564,2023-04-18
122565,2023-04-18
122566,2023-04-18
122567,2023-04-18
122568,2023-04-18
122569,2023-04-18
122570,2023-04-18
122571,2023-04-18
122572,2023-04-18
122574,2023-04-18
122576,2023-04-18
122577,2023-04-19
122578,2023-04-19
122579,2023-04-19
122580,2023-04-19
122583,2023-04-19
122584,2023-04-19
122585,2023-04-19
122586,2023-04-19
122587,2023-04-19
122588,2023-04-19
122589,2023-04-19
122590,2023-04-19
122591,2023-04-19
122592,2023-04-19
122593,2023-04-19
122594,2023-04-19
122595,2023-04-19
122596,2023-04-19
122597,2023-04-19
122598,2023-04-19
122599,2023-04-19
122600,2023-04-19
122601,2023-04-19
122602,2023-04-19
122603,2023-04-19
122604,2023-04-19
122605,2023-04-19
122606,2023-04-19
122607,2023-04-19
122608,2023-04-19
122609,2023-04-19
122610,2023-04-19
122611,2023-04-19
122612,2023-04-19
122613,2023-04-19
122614,2023-04-19
122615,2023-04-19
122616,2023-04-19
122617,2023-04-19
122618,2023-04-19
122619,2023-04-19
122620,2023-04-19
122621,2023-04-19
122622,2023-04-19
122623,2023-04-19
122624,2023-04-19
122625,2023-04-19
122626,2023-04-19
122627,2023-04-19
122628,2023-04-19
122629,2023-04-19
122630,2023-04-19
122631,2023-04-19
122632,2023-04-19
122633,2023-04-19
122634,2023-04-19
122635,2023-04-19
122636,2023-04-19
122637,2023-04-19
122638,2023-04-19
122639,2023-04-19
122640,2023-04-19
122642,2023-04-19
122643,2023-04-19
122644,2023-04-19
122651,2023-04-19
122652,2023-04-19
122653,2023-04-19
122654,2023-04-19
122655,2023-04-19
122656,2023-04-19
122657,2023-04-19
122658,2023-04-20
122659,2023-04-20
122660,2023-04-20
122661,2023-04-20
122662,2023-04-20
122666,2023-04-20
122667,2023-04-20
122668,2023-04-20
122669,2023-04-20
122671,2023-04-20
122672,2023-04-20
122673,2023-04-20
122674,2023-04-20
122675,2023-04-20
122676,2023-04-20
122677,2023-04-20
122678,2023-04-20
122679,2023-04-20
122680,2023-04-20
122681,2023-04-20
122682,2023-04-20
122683,2023-04-20
122684,2023-04-20
122685,2023-04-20
122686,2023-04-20
122687,2023-04-20
122688,2023-04-20
122689,2023-04-20
122690,2023-04-20
122691,2023-04-20
122692,2023-04-20
122693,2023-04-20
122694,2023-04-20
122695,2023-04-20
122696,2023-04-20
122697,2023-04-20
122698,2023-04-20
122699,2023-04-20
122700,2023-04-20
122701,2023-04-20
122703,2023-04-20
122704,2023-04-20
122707,2023-04-20
122708,2023-04-20
122709,2023-04-20
122710,2023-04-20
122711,2023-04-20
122712,2023-04-20
122713,2023-04-20
122714,2023-04-20
122715,2023-04-20
122716,2023-04-20
122717,2023-04-20
122718,2023-04-20
122719,2023-04-20
122720,2023-04-20
122721,2023-04-20
122722,2023-04-20
122723,2023-04-20
122724,2023-04-20
122726,2023-04-20
122728,2023-04-20
122729,2023-04-20
122730,2023-04-20
122731,2023-04-20
122732,2023-04-20
122733,2023-04-20
122734,2023-04-20
122735,2023-04-20
122736,2023-04-20
122737,2023-04-20
122738,2023-04-20
122739,2023-04-20
122740,2023-04-20
122741,2023-04-21
122742,2023-04-21
122743,2023-04-21
122744,2023-04-21
122753,2023-04-21
122754,2023-04-21
122755,2023-04-21
122756,2023-04-21
122757,2023-04-21
122758,2023-04-21
122759,2023-04-21
122760,2023-04-21
122761,2023-04-21
122762,2023-04-21
122763,2023-04-21
122764,2023-04-21
122765,2023-04-21
122766,2023-04-21
122767,2023-04-21
122768,2023-04-21
122769,2023-04-21
122770,2023-04-21
122771,2023-04-21
122772,2023-04-21
122773,2023-04-21
122774,2023-04-21
122775,2023-04-21
122776,2023-04-21
122777,2023-04-21
122778,2023-04-21
122779,2023-04-21
122780,2023-04-21
122781,2023-04-21
122782,2023-04-21
122783,2023-04-21
122784,2023-04-21
122785,2023-04-21
122786,2023-04-21
122787,2023-04-21
122788,2023-04-21
122789,2023-04-21
122790,2023-04-21
122791,2023-04-21
122792,2023-04-21
122793,2023-04-21
122794,2023-04-21
122795,2023-04-21
122796,2023-04-21
122797,2023-04-21
122798,2023-04-21
122799,2023-04-21
122800,2023-04-21
122801,2023-04-21
122803,2023-04-21
122804,2023-04-21
122805,2023-04-21
122806,2023-04-21
122808,2023-04-21
122809,2023-04-21
122811,2023-04-21
122812,2023-04-21
122813,2023-04-21
122814,2023-04-21
122815,2023-04-21
122816,2023-04-21
122817,2023-04-21
122818,2023-04-21
122819,2023-04-21
122820,2023-04-21
122821,2023-04-21
122822,2023-04-21
122823,2023-04-21
122824,2023-04-21
122825,2023-04-21
122826,2023-04-21
122827,2023-04-21
122828,2023-04-21
122829,2023-04-21
122830,2023-04-21
122831,2023-04-21
122832,2023-04-21
122833,2023-04-23
122834,2023-04-23
122835,2023-04-23
122836,2023-04-23
122840,2023-04-23
122841,2023-04-23
122843,2023-04-23
122844,2023-04-23
122845,2023-04-23
122847,2023-04-23
122848,2023-04-23
122849,2023-04-23
122850,2023-04-23
122851,2023-04-23
122852,2023-04-23
122855,2023-04-23
122857,2023-04-23
122858,2023-04-23
122859,2023-04-23
122861,2023-04-23
122862,2023-04-23
122863,2023-04-23
122864,2023-04-23
122865,2023-04-23
122866,2023-04-23
122868,2023-04-23
122870,2023-04-23
122871,2023-04-23
122873,2023-04-23
122874,2023-04-23
122876,2023-04-23
122877,2023-04-23
122878,2023-04-23
122879,2023-04-23
122880,2023-04-23
122881,2023-04-23
122882,2023-04-23
122884,2023-04-23
122885,2023-04-23
122886,2023-04-23
122890,2023-04-23
122891,2023-04-23
122892,2023-04-23
122893,2023-04-23
122894,2023-04-23
122895,2023-04-23
122896,2023-04-23
122897,2023-04-23
122898,2023-04-23
122899,2023-04-23
122900,2023-04-23
122901,2023-04-23
122903,2023-04-23
122907,2023-04-23
122908,2023-04-23
122912,2023-04-23
122913,2023-04-23
122914,2023-04-23
122915,2023-04-23
122917,2023-04-23
122921,2023-04-23
122923,2023-04-23
122924,2023-04-23
122925,2023-04-23
122926,2023-04-23
122927,2023-04-23
122928,2023-04-23
122929,2023-04-24
122930,2023-04-24
122931,2023-04-24
122932,2023-04-24
122935,2023-04-24
122936,2023-04-24
122937,2023-04-24
122938,2023-04-24
122939,2023-04-24
122940,2023-04-24
122941,2023-04-24
122942,2023-04-24
122943,2023-04-24
122944,2023-04-24
122945,2023-04-24
122946,2023-04-24
122947,2023-04-24
122948,2023-04-24
122949,2023-04-24
122950,2023-04-24
122953,2023-04-24
122954,2023-04-24
122955,2023-04-24
122956,2023-04-24
122957,2023-04-24
122958,2023-04-24
122959,2023-04-24
122960,2023-04-24
122961,2023-04-24
122962,2023-04-24
122963,2023-04-24
122964,2023-04-24
122965,2023-04-24
122966,2023-04-24
122967,2023-04-24
122968,2023-04-24
122969,2023-04-24
122970,2023-04-24
122973,2023-04-24
122974,2023-04-24
122975,2023-04-24
122976,2023-04-24
122977,2023-04-24
122978,2023-04-24
122979,2023-04-24
122980,2023-04-24
122983,2023-04-24
122984,2023-04-24
122985,2023-04-24
122986,2023-04-24
122987,2023-04-24
122988,2023-04-24
122989,2023-04-24
122990,2023-04-24
122991,2023-04-24
122992,2023-04-24
122993,2023-04-24
122995,2023-04-25
122998,2023-04-25
122999,2023-04-25
123000,2023-04-25
123001,2023-04-25
123004,2023-04-25
123005,2023-04-25
123006,2023-04-25
123007,2023-04-25
123008,2023-04-25
123009,2023-04-25
123010,2023-04-25
123011,2023-04-25
123012,2023-04-25
123013,2023-04-25
123014,2023-04-25
123016,2023-04-25
123017,2023-04-25
123018,2023-04-25
123019,2023-04-25
123020,2023-04-25
123021,2023-04-25
123022,2023-04-25
123023,2023-04-25
123024,2023-04-25
123025,2023-04-25
123026,2023-04-25
123027,2023-04-25
123028,2023-04-25
123029,2023-04-25
123030,2023-04-25
123031,2023-04-25
123032,2023-04-25
123037,2023-04-25
123038,2023-04-25
123039,2023-04-25
123040,2023-04-25
123041,2023-04-25
123042,2023-04-25
123043,2023-04-25
123044,2023-04-25
123045,2023-04-25
123046,2023-04-25
123047,2023-04-25
123048,2023-04-25
123053,2023-04-25
123054,2023-04-25
123055,2023-04-25
123056,2023-04-25
123057,2023-04-25
123058,2023-04-25
123059,2023-04-25
123060,2023-04-25
123061,2023-04-25
123062,2023-04-25
123063,2023-04-25
123064,2023-04-25
123065,2023-04-25
123066,2023-04-25
123067,2023-04-25
123068,2023-04-25
123069,2023-04-25
123070,2023-04-25
123071,2023-04-25
123072,2023-04-25
123073,2023-04-25
123074,2023-04-25
123075,2023-04-25
123076,2023-04-25
123077,2023-04-25
123078,2023-04-25
123079,2023-04-25
123080,2023-04-25
123083,2023-04-26
123084,2023-04-26
123085,2023-04-26
123086,2023-04-26
123089,2023-04-26
123090,2023-04-26
123091,2023-04-26
123092,2023-04-26
123093,2023-04-26
123094,2023-04-26
123095,2023-04-26
123096,2023-04-26
123097,2023-04-26
123098,2023-04-26
123099,2023-04-26
123100,2023-04-26
123101,2023-04-26
123102,2023-04-26
123103,2023-04-26
123104,2023-04-26
123105,2023-04-26
123106,2023-04-26
123107,2023-04-26
123108,2023-04-26
123109,2023-04-26
123110,2023-04-26
123111,2023-04-26
123112,2023-04-26
123113,2023-04-26
123114,2023-04-26
123115,2023-04-26
123116,2023-04-26
123117,2023-04-26
123118,2023-04-26
123119,2023-04-26
123120,2023-04-26
123121,2023-04-26
123122,2023-04-26
123123,2023-04-26
123124,2023-04-26
123126,2023-04-26
123127,2023-04-26
123128,2023-04-26
123129,2023-04-26
123130,2023-04-26
123131,2023-04-26
123132,2023-04-26
123133,2023-04-26
123134,2023-04-26
123135,2023-04-26
123136,2023-04-26
123137,2023-04-26
123138,2023-04-26
123139,2023-04-26
123140,2023-04-26
123141,2023-04-26
123142,2023-04-26
123143,2023-04-27
123144,2023-04-27
123145,2023-04-27
123146,2023-04-27
123149,2023-04-27
123150,2023-04-27
123151,2023-04-27
123152,2023-04-27
123153,2023-04-27
123154,2023-04-27
123155,2023-04-27
123156,2023-04-27
123157,2023-04-27
123158,2023-04-27
123159,2023-04-27
123160,2023-04-27
123161,2023-04-27
123162,2023-04-27
123163,2023-04-27
123164,2023-04-27
123165,2023-04-27
123166,2023-04-27
123167,2023-04-27
123168,2023-04-27
123170,2023-04-27
123171,2023-04-27
123172,2023-04-27
123173,2023-04-27
123174,2023-04-27
123175,2023-04-27
123176,2023-04-27
123177,2023-04-27
123179,2023-04-27
123180,2023-04-27
123181,2023-04-27
123182,2023-04-27
123183,2023-04-27
123184,2023-04-27
123185,2023-04-27
123186,2023-04-27
123187,2023-04-27
123188,2023-04-27
123189,2023-04-27
123190,2023-04-27
123191,2023-04-27
123192,2023-04-27
123193,2023-04-27
123194,2023-04-27
123195,2023-04-27
123197,2023-04-27
123198,2023-04-27
123199,2023-04-27
123200,2023-04-27
123201,2023-04-27
123202,2023-04-27
123203,2023-04-27
123205,2023-04-27
123206,2023-04-27
123207,2023-04-27
123208,2023-04-27
123209,2023-04-27
123210,2023-04-27
123211,2023-04-27
123212,2023-04-28
123213,2023-04-28
123214,2023-04-28
123215,2023-04-28
123218,2023-04-28
123221,2023-04-28
123222,2023-04-28
123223,2023-04-28
123224,2023-04-28
123225,2023-04-28
123226,2023-04-28
123227,2023-04-28
123228,2023-04-28
123229,2023-04-28
123230,2023-04-28
123231,2023-04-28
123232,2023-04-28
123233,2023-04-28
123234,2023-04-28
123235,2023-04-28
123236,2023-04-28
123237,2023-04-28
123238,2023-04-28
123239,2023-04-28
123240,2023-04-28
123241,2023-04-28
123242,2023-04-28
123243,2023-04-28
123244,2023-04-28
123245,2023-04-28
123246,2023-04-28
123247,2023-04-28
123248,2023-04-28
123249,2023-04-28
123250,2023-04-28
123251,2023-04-28
123253,2023-04-28
123254,2023-04-28
123255,2023-04-28
123256,2023-04-28
123258,2023-04-28
123259,2023-04-28
123260,2023-04-28
123262,2023-04-28
123263,2023-04-28
123264,2023-04-28
123265,2023-04-28
123266,2023-04-28
123267,2023-04-28
123268,2023-04-28
123269,2023-04-28
123270,2023-04-28
123271,2023-04-28
123272,2023-04-28
123273,2023-04-28
123274,2023-04-28
123275,2023-04-28
123276,2023-04-28
123277,2023-04-28
123278,2023-04-28
123279,2023-04-28
123280,2023-04-28
123281,2023-04-28
123282,2023-04-28
123283,2023-04-28
123284,2023-04-28
123285,2023-04-28
123286,2023-04-28
123287,2023-04-28
123288,2023-04-28
123289,2023-04-28
123290,2023-04-28
123291,2023-04-28
123293,2023-05-02
123294,2023-05-02
123295,2023-05-02
123296,2023-05-02
123299,2023-05-02
123300,2023-05-02
123301,2023-05-02
123302,2023-05-02
123303,2023-05-02
123304,2023-05-02
123305,2023-05-02
123306,2023-05-02
123307,2023-05-02
123308,2023-05-02
123309,2023-05-02
123310,2023-05-02
123311,2023-05-02
123312,2023-05-02
123313,2023-05-02
123314,2023-05-02
123315,2023-05-02
123316,2023-05-02
123319,2023-05-02
123320,2023-05-02
123321,2023-05-02
123323,2023-05-02
123324,2023-05-02
123325,2023-05-02
123326,2023-05-02
123327,2023-05-02
123328,2023-05-02
123329,2023-05-02
123330,2023-05-02
123331,2023-05-02
123332,2023-05-02
123333,2023-05-02
123334,2023-05-02
123335,2023-05-02
123336,2023-05-02
123337,2023-05-02
123338,2023-05-02
123339,2023-05-02
123340,2023-05-02
123341,2023-05-02
123342,2023-05-02
123343,2023-05-02
123344,2023-05-02
123347,2023-05-02
123348,2023-05-02
123349,2023-05-02
123351,2023-05-02
123352,2023-05-02
123353,2023-05-02
123354,2023-05-02
123355,2023-05-02
123356,2023-05-02
123357,2023-05-02
123358,2023-05-02
123359,2023-05-02
123360,2023-05-02
123361,2023-05-02
123362,2023-05-02
123364,2023-05-02
123366,2023-05-03
123367,2023-05-03
123368,2023-05-03
123369,2023-05-03
123372,2023-05-03
123373,2023-05-03
123374,2023-05-03
123375,2023-05-03
123376,2023-05-03
123377,2023-05-03
123378,2023-05-03
123379,2023-05-03
123380,2023-05-03
123381,2023-05-03
123383,2023-05-03
123384,2023-05-03
123385,2023-05-03
123386,2023-05-03
123387,2023-05-03
123388,2023-05-03
123389,2023-05-03
123390,2023-05-03
123391,2023-05-03
123392,2023-05-03
123393,2023-05-03
123394,2023-05-03
123395,2023-05-03
123396,2023-05-03
123397,2023-05-03
123398,2023-05-03
123399,2023-05-03
123400,2023-05-03
123401,2023-05-03
123402,2023-05-03
123403,2023-05-03
123404,2023-05-03
123405,2023-05-03
123406,2023-05-03
123407,2023-05-03
123408,2023-05-03
123409,2023-05-03
123410,2023-05-03
123411,2023-05-03
123412,2023-05-03
123413,2023-05-03
123414,2023-05-03
123415,2023-05-03
123427,2023-05-03
123428,2023-05-03
123429,2023-05-03
123430,2023-05-03
123431,2023-05-03
123432,2023-05-03
123433,2023-05-03
123434,2023-05-03
123435,2023-05-03
123436,2023-05-03
123437,2023-05-03
123438,2023-05-03
123439,2023-05-03
123440,2023-05-03
123441,2023-05-03
123442,2023-05-03
123443,2023-05-03
123444,2023-05-03
123445,2023-05-03
123447,2023-05-03
123448,2023-05-03
123449,2023-05-03
123450,2023-05-04
123451,2023-05-04
123452,2023-05-04
123453,2023-05-04
123456,2023-05-04
123457,2023-05-04
123458,2023-05-04
123459,2023-05-04
123460,2023-05-04
123461,2023-05-04
123462,2023-05-04
123463,2023-05-04
123464,2023-05-04
123465,2023-05-04
123466,2023-05-04
123467,2023-05-04
123468,2023-05-04
123469,2023-05-04
123470,2023-05-04
123471,2023-05-04
123472,2023-05-04
123473,2023-05-04
123474,2023-05-04
123475,2023-05-04
123476,2023-05-04
123477,2023-05-04
123478,2023-05-04
123479,2023-05-04
123480,2023-05-04
123481,2023-05-04
123482,2023-05-04
123483,2023-05-04
123484,2023-05-04
123487,2023-05-04
123488,2023-05-04
123489,2023-05-04
123490,2023-05-04
123491,2023-05-04
123492,2023-05-04
123493,2023-05-04
123494,2023-05-04
123495,2023-05-04
123496,2023-05-04
123497,2023-05-04
123498,2023-05-04
123499,2023-05-04
123500,2023-05-04
123501,2023-05-04
123502,2023-05-04
123503,2023-05-04
123504,2023-05-04
123505,2023-05-04
123506,2023-05-04
123507,2023-05-04
123508,2023-05-04
123509,2023-05-04
123510,2023-05-04
123511,2023-05-04
123512,2023-05-04
123513,2023-05-04
123514,2023-05-04
123515,2023-05-04
123516,2023-05-04
123517,2023-05-04
123518,2023-05-04
123519,2023-05-04
123520,2023-05-04
123521,2023-05-04
123522,2023-05-04
123523,2023-05-04
123524,2023-05-04
123525,2023-05-04
123526,2023-05-04
123527,2023-05-04
123528,2023-05-04
123529,2023-05-04
123530,2023-05-04
123531,2023-05-04
123532,2023-05-04
123533,2023-05-04
123534,2023-05-04
123535,2023-05-05
123536,2023-05-05
123537,2023-05-05
123538,2023-05-05
123541,2023-05-05
123542,2023-05-05
123543,2023-05-05
123544,2023-05-05
123545,2023-05-05
123546,2023-05-05
123547,2023-05-05
123548,2023-05-05
123549,2023-05-05
123550,2023-05-05
123551,2023-05-05
123552,2023-05-05
123553,2023-05-05
123554,2023-05-05
123555,2023-05-05
123556,2023-05-05
123558,2023-05-05
123559,2023-05-05
123560,2023-05-05
123561,2023-05-05
123562,2023-05-05
123563,2023-05-05
123564,2023-05-05
123566,2023-05-05
123567,2023-05-05
123568,2023-05-05
123569,2023-05-05
123570,2023-05-05
123571,2023-05-05
123572,2023-05-05
123573,2023-05-05
123574,2023-05-05
123576,2023-05-05
123577,2023-05-05
123578,2023-05-05
123579,2023-05-05
123581,2023-05-05
123582,2023-05-05
123583,2023-05-05
123585,2023-05-05
123586,2023-05-05
123589,2023-05-05
123590,2023-05-05
123591,2023-05-05
123592,2023-05-05
123593,2023-05-05
123594,2023-05-05
123595,2023-05-05
123596,2023-05-05
123597,2023-05-05
123598,2023-05-05
123599,2023-05-05
123600,2023-05-05
123601,2023-05-05
123602,2023-05-05
123605,2023-05-05
123607,2023-05-05
123608,2023-05-05
123609,2023-05-05
123610,2023-05-05
123611,2023-05-05
123612,2023-05-05
123613,2023-05-05
123614,2023-05-05
123615,2023-05-06
123616,2023-05-06
123617,2023-05-06
123618,2023-05-06
123619,2023-05-06
123620,2023-05-06
123624,2023-05-06
123625,2023-05-06
123626,2023-05-06
123627,2023-05-06
123628,2023-05-06
123629,2023-05-06
123630,2023-05-06
123631,2023-05-06
123632,2023-05-06
123633,2023-05-06
123634,2023-05-06
123635,2023-05-06
123636,2023-05-06
123637,2023-05-06
123638,2023-05-06
123639,2023-05-06
123640,2023-05-06
123641,2023-05-06
123642,2023-05-06
123643,2023-05-06
123644,2023-05-06
123645,2023-05-06
123646,2023-05-06
123647,2023-05-06
123648,2023-05-06
123649,2023-05-06
123650,2023-05-06
123651,2023-05-06
123652,2023-05-06
123655,2023-05-06
123656,2023-05-06
123657,2023-05-06
123659,2023-05-06
123660,2023-05-06
123661,2023-05-06
123662,2023-05-06
123663,2023-05-06
123664,2023-05-06
123665,2023-05-06
123666,2023-05-06
123667,2023-05-06
123668,2023-05-06
123669,2023-05-06
123670,2023-05-06
123671,2023-05-08
123672,2023-05-08
123673,2023-05-08
123674,2023-05-08
123677,2023-05-08
123679,2023-05-08
123684,2023-05-08
123685,2023-05-08
123686,2023-05-08
123690,2023-05-08
123691,2023-05-08
123692,2023-05-08
123693,2023-05-08
123694,2023-05-08
123695,2023-05-08
123696,2023-05-08
123698,2023-05-08
123699,2023-05-08
123700,2023-05-08
123701,2023-05-08
123702,2023-05-08
123703,2023-05-08
123704,2023-05-08
123705,2023-05-08
123706,2023-05-08
123707,2023-05-08
123708,2023-05-08
123709,2023-05-08
123710,2023-05-08
123711,2023-05-08
123712,2023-05-08
123713,2023-05-08
123714,2023-05-08
123715,2023-05-08
123716,2023-05-08
123717,2023-05-08
123719,2023-05-08
123720,2023-05-08
123721,2023-05-08
123722,2023-05-08
123723,2023-05-08
123724,2023-05-08
123725,2023-05-08
123726,2023-05-08
123727,2023-05-08
123728,2023-05-08
123729,2023-05-08
123730,2023-05-08
123731,2023-05-08
123732,2023-05-08
123733,2023-05-08
123734,2023-05-08
123735,2023-05-08
123736,2023-05-08
123737,2023-05-08
123738,2023-05-08
123739,2023-05-08
123740,2023-05-08
123741,2023-05-08
123742,2023-05-08
123743,2023-05-08
123744,2023-05-08
123745,2023-05-08
123746,2023-05-08
123747,2023-05-08
123748,2023-05-08
123749,2023-05-08
123750,2023-05-08
123752,2023-05-08
123753,2023-05-08
123754,2023-05-08
123755,2023-05-08
123756,2023-05-09
123757,2023-05-09
123758,2023-05-09
123759,2023-05-09
123762,2023-05-09
123763,2023-05-09
123764,2023-05-09
123765,2023-05-09
123766,2023-05-09
123767,2023-05-09
123768,2023-05-09
123769,2023-05-09
123770,2023-05-09
123771,2023-05-09
123773,2023-05-09
123774,2023-05-09
123775,2023-05-09
123776,2023-05-09
123777,2023-05-09
123778,2023-05-09
123779,2023-05-09
123780,2023-05-09
123781,2023-05-09
123782,2023-05-09
123783,2023-05-09
123784,2023-05-09
123785,2023-05-09
123786,2023-05-09
123787,2023-05-09
123788,2023-05-09
123789,2023-05-09
123790,2023-05-09
123791,2023-05-09
123792,2023-05-09
123793,2023-05-09
123794,2023-05-09
123795,2023-05-09
123796,2023-05-09
123797,2023-05-09
123798,2023-05-09
123799,2023-05-09
123800,2023-05-09
123801,2023-05-09
123802,2023-05-09
123803,2023-05-09
123804,2023-05-09
123805,2023-05-09
123806,2023-05-09
123807,2023-05-09
123809,2023-05-09
123810,2023-05-09
123811,2023-05-09
123812,2023-05-09
123813,2023-05-09
123814,2023-05-09
123815,2023-05-09
123816,2023-05-09
123817,2023-05-09
123818,2023-05-09
123819,2023-05-09
123820,2023-05-09
123821,2023-05-09
123822,2023-05-09
123823,2023-05-09
123824,2023-05-09
123825,2023-05-09
123826,2023-05-09
123827,2023-05-09
123828,2023-05-09
123829,2023-05-09
123830,2023-05-09
123831,2023-05-09
123832,2023-05-09
123833,2023-05-09
123834,2023-05-09
123835,2023-05-09
123836,2023-05-09
123837,2023-05-10
123838,2023-05-10
123839,2023-05-10
123840,2023-05-10
123843,2023-05-10
123844,2023-05-10
123845,2023-05-10
123846,2023-05-10
123847,2023-05-10
123848,2023-05-10
123849,2023-05-10
123850,2023-05-10
123851,2023-05-10
123852,2023-05-10
123853,2023-05-10
123854,2023-05-10
123855,2023-05-10
123856,2023-05-10
123857,2023-05-10
123858,2023-05-10
123859,2023-05-10
123860,2023-05-10
123861,2023-05-10
123862,2023-05-10
123863,2023-05-10
123864,2023-05-10
123865,2023-05-10
123866,2023-05-10
123867,2023-05-10
123868,2023-05-10
123869,2023-05-10
123870,2023-05-10
123871,2023-05-10
123872,2023-05-10
123873,2023-05-10
123874,2023-05-10
123875,2023-05-10
123877,2023-05-10
123878,2023-05-10
123879,2023-05-10
123880,2023-05-10
123881,2023-05-10
123886,2023-05-10
123890,2023-05-10
123891,2023-05-10
123892,2023-05-10
123893,2023-05-10
123894,2023-05-10
123895,2023-05-10
123896,2023-05-10
123897,2023-05-10
123898,2023-05-10
123899,2023-05-10
123900,2023-05-10
123901,2023-05-10
123902,2023-05-10
123903,2023-05-10
123904,2023-05-10
123905,2023-05-10
123906,2023-05-10
123907,2023-05-10
123912,2023-05-10
123914,2023-05-10
123915,2023-05-10
123916,2023-05-10
123917,2023-05-10
123918,2023-05-10
123919,2023-05-10
123920,2023-05-10
123921,2023-05-10
123922,2023-05-10
123923,2023-05-10
123924,2023-05-10
123925,2023-05-10
123926,2023-05-10
123928,2023-05-10
123929,2023-05-10
123931,2023-05-11
123932,2023-05-11
123933,2023-05-11
123934,2023-05-11
123937,2023-05-11
123938,2023-05-11
123939,2023-05-11
123940,2023-05-11
123941,2023-05-11
123942,2023-05-11
123943,2023-05-11
123944,2023-05-11
123945,2023-05-11
123946,2023-05-11
123947,2023-05-11
123948,2023-05-11
123949,2023-05-11
123950,2023-05-11
123951,2023-05-11
123952,2023-05-11
123953,2023-05-11
123954,2023-05-11
123955,2023-05-11
123956,2023-05-11
123957,2023-05-11
123958,2023-05-11
123959,2023-05-11
123960,2023-05-11
123961,2023-05-11
123962,2023-05-11
123963,2023-05-11
123964,2023-05-11
123965,2023-05-11
123966,2023-05-11
123967,2023-05-11
123968,2023-05-11
123969,2023-05-11
123970,2023-05-11
123971,2023-05-11
123972,2023-05-11
123973,2023-05-11
123975,2023-05-11
123977,2023-05-11
123978,2023-05-11
123979,2023-05-11
123980,2023-05-11
123981,2023-05-11
123982,2023-05-11
123983,2023-05-11
123984,2023-05-11
123985,2023-05-11
123986,2023-05-11
123988,2023-05-11
123989,2023-05-11
123990,2023-05-11
123991,2023-05-11
123992,2023-05-11
123993,2023-05-11
123994,2023-05-11
123996,2023-05-11
123997,2023-05-11
123998,2023-05-11
123999,2023-05-11
124000,2023-05-11
124001,2023-05-11
124002,2023-05-11
124003,2023-05-11
124004,2023-05-11
124005,2023-05-11
124006,2023-05-11
124007,2023-05-11
124008,2023-05-11
124009,2023-05-11
124010,2023-05-11
124011,2023-05-11
124012,2023-05-11
124013,2023-05-11
124014,2023-05-11
124016,2023-05-11
124017,2023-05-11
124018,2023-05-11
124019,2023-05-12
124020,2023-05-12
124021,2023-05-12
124022,2023-05-12
124025,2023-05-12
124026,2023-05-12
124027,2023-05-12
124028,2023-05-12
124029,2023-05-12
124030,2023-05-12
124031,2023-05-12
124032,2023-05-12
124033,2023-05-12
124034,2023-05-12
124036,2023-05-12
124037,2023-05-12
124038,2023-05-12
124039,2023-05-12
124041,2023-05-12
124042,2023-05-12
124043,2023-05-12
124044,2023-05-12
124045,2023-05-12
124046,2023-05-12
124047,2023-05-12
124052,2023-05-12
124053,2023-05-12
124054,2023-05-12
124055,2023-05-12
124057,2023-05-12
124058,2023-05-12
124059,2023-05-12
124060,2023-05-12
124061,2023-05-12
124062,2023-05-12
124063,2023-05-12
124064,2023-05-12
124065,2023-05-12
124066,2023-05-12
124067,2023-05-12
124068,2023-05-12
124069,2023-05-12
124070,2023-05-12
124071,2023-05-12
124072,2023-05-12
124073,2023-05-12
124074,2023-05-12
124075,2023-05-12
124076,2023-05-12
124077,2023-05-12
124079,2023-05-12
124080,2023-05-12
124081,2023-05-12
124082,2023-05-12
124083,2023-05-12
124085,2023-05-12
124086,2023-05-12
124087,2023-05-12
124088,2023-05-12
124089,2023-05-12
124090,2023-05-12
124091,2023-05-12
124092,2023-05-12
124093,2023-05-12
124094,2023-05-12
124095,2023-05-12
124096,2023-05-12
124097,2023-05-12
124098,2023-05-12
124099,2023-05-12
124100,2023-05-12
124101,2023-05-12
124102,2023-05-12
124103,2023-05-12
124104,2023-05-12
124105,2023-05-12
124106,2023-05-12
124107,2023-05-12
124108,2023-05-12
124109,2023-05-13
124110,2023-05-13
124112,2023-05-13
124113,2023-05-13
124117,2023-05-13
124118,2023-05-13
124120,2023-05-13
124121,2023-05-13
124122,2023-05-13
124123,2023-05-13
124124,2023-05-13
124125,2023-05-13
124126,2023-05-13
124127,2023-05-13
124128,2023-05-13
124129,2023-05-13
124130,2023-05-13
124131,2023-05-13
124132,2023-05-13
124133,2023-05-13
124134,2023-05-13
124135,2023-05-13
124136,2023-05-13
124137,2023-05-13
124138,2023-05-13
124139,2023-05-13
124144,2023-05-13
124145,2023-05-13
124146,2023-05-13
124147,2023-05-13
124148,2023-05-13
124149,2023-05-13
124150,2023-05-13
124151,2023-05-13
124152,2023-05-13
124153,2023-05-13
124154,2023-05-13
124155,2023-05-13
124156,2023-05-13
124157,2023-05-13
124158,2023-05-13
124159,2023-05-13
124160,2023-05-13
124161,2023-05-13
124162,2023-05-13
124163,2023-05-13
124164,2023-05-13
124165,2023-05-13
124166,2023-05-13
124167,2023-05-13
124168,2023-05-13
124169,2023-05-13
124170,2023-05-13
124171,2023-05-13
124172,2023-05-13
124173,2023-05-13
124174,2023-05-13
124175,2023-05-13
124176,2023-05-13
124177,2023-05-13
124178,2023-05-13
124179,2023-05-13
124180,2023-05-13
124181,2023-05-13
124182,2023-05-13
124183,2023-05-13
124184,2023-05-13
124185,2023-05-13
124186,2023-05-13
124187,2023-05-13
124188,2023-05-13
124189,2023-05-13
124190,2023-05-13
124191,2023-05-13
124192,2023-05-13
124193,2023-05-13
124194,2023-05-13
124195,2023-05-13
124196,2023-05-13
124197,2023-05-13
124198,2023-05-13
124199,2023-05-13
124200,2023-05-13
124201,2023-05-13
124202,2023-05-13
124204,2023-05-13
124205,2023-05-15
124206,2023-05-15
124207,2023-05-15
124208,2023-05-15
124211,2023-05-15
124212,2023-05-15
124213,2023-05-15
124214,2023-05-15
124215,2023-05-15
124216,2023-05-15
124217,2023-05-15
124218,2023-05-15
124219,2023-05-15
124220,2023-05-15
124221,2023-05-15
124222,2023-05-15
124223,2023-05-15
124224,2023-05-15
124225,2023-05-15
124226,2023-05-15
124227,2023-05-15
124228,2023-05-15
124229,2023-05-15
124230,2023-05-15
124231,2023-05-15
124232,2023-05-15
124233,2023-05-15
124234,2023-05-15
124235,2023-05-15
124236,2023-05-15
124237,2023-05-15
124238,2023-05-15
124239,2023-05-15
124240,2023-05-15
124241,2023-05-15
124242,2023-05-15
124244,2023-05-15
124245,2023-05-15
124246,2023-05-15
124247,2023-05-15
124248,2023-05-15
124249,2023-05-15
124250,2023-05-15
124251,2023-05-15
124252,2023-05-15
124253,2023-05-15
124254,2023-05-15
124255,2023-05-15
124256,2023-05-15
124257,2023-05-15
124258,2023-05-15
124259,2023-05-15
124260,2023-05-15
124261,2023-05-15
124262,2023-05-15
124263,2023-06-06
124264,2023-06-06
124265,2023-06-06
124266,2023-06-06
124269,2023-06-07
124270,2023-06-07
124271,2023-06-07
124272,2023-06-07
124275,2023-06-08
124276,2023-06-08
124277,2023-06-08
124278,2023-06-08
124279,2023-06-08
124281,2023-06-09
124282,2023-06-09
124283,2023-06-09
124284,2023-06-09
124287,2023-06-09
124288,2023-06-10
124289,2023-06-10
124290,2023-06-10
124291,2023-06-10
124307,2023-06-10
124309,2023-06-10
124310,2023-06-10
124311,2023-06-10
124312,2023-06-10
124313,2023-06-10
124314,2023-06-10
124315,2023-06-10
124316,2023-06-10
124317,2023-06-10
124318,2023-06-10
124319,2023-06-10
124320,2023-06-10
124321,2023-06-10
124322,2023-06-10
124323,2023-06-10
124324,2023-06-10
124326,2023-06-10
124327,2023-06-10
124328,2023-06-10
124329,2023-06-10
124330,2023-06-10
124331,2023-06-10
124332,2023-06-10
124333,2023-06-10
124334,2023-06-10
124335,2023-06-10
124336,2023-06-10
124337,2023-06-10
124338,2023-06-10
124339,2023-06-10
124340,2023-06-10
124341,2023-06-10
124342,2023-06-10
124343,2023-06-10
124344,2023-06-10
124345,2023-06-10
124346,2023-06-10
124347,2023-06-10
124348,2023-06-10
124349,2023-06-10
124350,2023-06-10
124351,2023-06-10
124352,2023-06-10
124353,2023-06-10
124354,2023-06-10
124355,2023-06-10
124356,2023-06-10
124357,2023-06-10
124358,2023-06-10
124359,2023-06-10
124360,2023-06-10
124361,2023-06-10
124362,2023-06-10
124363,2023-06-10
124364,2023-06-10
124365,2023-06-10
124367,2023-06-10
124368,2023-06-10
124369,2023-06-10
124370,2023-06-10
124371,2023-06-11
124372,2023-06-11
124373,2023-06-11
124374,2023-06-11
124375,2023-06-11
124378,2023-06-11
124379,2023-06-11
124380,2023-06-11
124381,2023-06-11
124382,2023-06-11
124383,2023-06-11
124384,2023-06-11
124385,2023-06-11
124386,2023-06-11
124387,2023-06-11
124388,2023-06-11
124389,2023-06-11
124390,2023-06-11
124391,2023-06-11
124392,2023-06-11
124393,2023-06-11
124394,2023-06-11
124395,2023-06-11
124396,2023-06-11
124397,2023-06-11
124398,2023-06-11
124400,2023-06-11
124401,2023-06-11
124402,2023-06-11
124403,2023-06-11
124404,2023-06-11
124405,2023-06-11
124406,2023-06-11
124407,2023-06-11
124408,2023-06-11
124409,2023-06-11
124410,2023-06-11
124411,2023-06-11
124415,2023-06-11
124416,2023-06-11
124417,2023-06-11
124418,2023-06-11
124419,2023-06-11
124420,2023-06-11
124421,2023-06-11
124422,2023-06-11
124423,2023-06-11
124424,2023-06-11
124425,2023-06-11
124426,2023-06-11
124427,2023-06-11
124428,2023-06-11
124429,2023-06-11
124430,2023-06-11
124432,2023-06-11
124433,2023-06-11
124434,2023-06-11
124435,2023-06-11
124436,2023-06-11
124437,2023-06-11
124438,2023-06-11
124439,2023-06-11
124440,2023-06-11
124441,2023-06-11
124442,2023-06-11
124443,2023-06-11
124444,2023-06-11
124445,2023-06-11
124446,2023-06-11
124447,2023-06-11
124448,2023-06-11
124449,2023-06-11
124450,2023-06-11
124451,2023-06-11
124452,2023-06-11
124453,2023-06-11
124454,2023-06-11
124455,2023-06-11
124456,2023-06-11
124457,2023-06-11
124458,2023-06-11
124459,2023-06-11
124460,2023-06-11
124461,2023-06-11
124462,2023-06-11
124463,2023-06-11
124464,2023-06-11
124465,2023-06-11
124466,2023-06-11
124467,2023-06-11
124468,2023-06-11
124469,2023-06-11
124470,2023-06-11
124471,2023-06-11
124472,2023-06-11
124473,2023-06-11
124474,2023-06-11
124475,2023-06-11
124476,2023-06-11
124477,2023-06-11
124478,2023-06-11
124479,2023-06-11
124480,2023-06-11
124481,2023-06-11
124482,2023-06-11
124483,2023-06-12
124484,2023-06-12
124485,2023-06-12
124486,2023-06-12
124489,2023-06-12
124490,2023-06-12
124491,2023-06-12
124492,2023-06-12
124493,2023-06-12
124494,2023-06-12
124495,2023-06-12
124496,2023-06-12
124497,2023-06-12
124498,2023-06-12
124499,2023-06-12
124500,2023-06-12
124501,2023-06-12
124502,2023-06-12
124503,2023-06-12
124504,2023-06-12
124505,2023-06-12
124506,2023-06-12
124507,2023-06-12
124508,2023-06-12
124509,2023-06-12
124510,2023-06-12
124511,2023-06-12
124512,2023-06-12
124513,2023-06-12
124514,2023-06-12
124515,2023-06-12
124516,2023-06-12
124518,2023-06-12
124519,2023-06-12
124520,2023-06-12
124521,2023-06-12
124522,2023-06-12
124525,2023-06-12
124526,2023-06-12
124527,2023-06-12
124528,2023-06-12
124529,2023-06-12
124530,2023-06-12
124531,2023-06-12
124532,2023-06-12
124533,2023-06-12
124534,2023-06-12
124535,2023-06-12
124536,2023-06-12
124537,2023-06-12
124538,2023-06-12
124539,2023-06-12
124540,2023-06-12
124541,2023-06-12
124542,2023-06-12
124543,2023-06-12
124545,2023-06-12
124546,2023-06-12
124547,2023-06-12
124548,2023-06-12
124550,2023-06-12
124551,2023-06-12
124552,2023-06-12
124553,2023-06-12
124554,2023-06-12
124555,2023-06-12
124556,2023-06-12
124557,2023-06-12
124558,2023-06-12
124559,2023-06-12
124560,2023-06-12
124561,2023-06-12
124562,2023-06-12
124563,2023-06-12
124564,2023-06-12
124565,2023-06-12
124566,2023-06-12
124567,2023-06-12
124568,2023-06-12
124569,2023-06-12
124570,2023-06-12
124571,2023-06-12
124572,2023-06-12
124574,2023-06-12
124577,2023-06-12
124578,2023-06-12
124579,2023-06-12
124580,2023-06-12
124581,2023-06-12
124582,2023-06-12
124583,2023-06-12
124584,2023-06-12
124585,2023-06-12
124586,2023-06-12
124587,2023-06-12
124588,2023-06-12
124590,2023-06-12
124591,2023-06-12
124592,2023-06-12
124593,2023-06-12
124594,2023-06-12
124595,2023-06-12
124596,2023-06-12
124597,2023-06-12
124598,2023-06-12
124599,2023-06-12
124600,2023-06-12
124601,2023-06-12
124602,2023-06-13
124603,2023-06-13
124604,2023-06-13
124605,2023-06-13
124608,2023-06-13
124609,2023-06-13
124610,2023-06-13
124611,2023-06-13
124612,2023-06-13
124613,2023-06-13
124614,2023-06-13
124615,2023-06-13
124616,2023-06-13
124617,2023-06-13
124618,2023-06-13
124619,2023-06-13
124620,2023-06-13
124621,2023-06-13
124622,2023-06-13
124623,2023-06-13
124624,2023-06-13
124625,2023-06-13
124626,2023-06-13
124627,2023-06-13
124628,2023-06-13
124629,2023-06-13
124630,2023-06-13
124631,2023-06-13
124632,2023-06-13
124633,2023-06-13
124634,2023-06-13
124635,2023-06-13
124636,2023-06-13
124637,2023-06-13
124638,2023-06-13
124639,2023-06-13
124640,2023-06-13
124641,2023-06-13
124642,2023-06-13
124643,2023-06-13
124644,2023-06-13
124645,2023-06-13
124646,2023-06-13
124647,2023-06-13
124648,2023-06-13
124649,2023-06-13
124650,2023-06-13
124651,2023-06-13
124652,2023-06-13
124653,2023-06-13
124654,2023-06-13
124655,2023-06-13
124656,2023-06-13
124657,2023-06-13
124658,2023-06-13
124659,2023-06-13
124660,2023-06-13
124661,2023-06-13
124662,2023-06-13
124663,2023-06-13
124664,2023-06-13
124665,2023-06-13
124666,2023-06-13
124667,2023-06-13
124668,2023-06-13
124669,2023-06-13
124670,2023-06-13
124671,2023-06-13
124672,2023-06-13
124673,2023-06-14
124674,2023-06-14
124675,2023-06-14
124676,2023-06-14
124677,2023-06-14
124678,2023-06-14
124679,2023-06-14
124680,2023-06-14
124681,2023-06-14
124682,2023-06-14
124686,2023-06-14
124687,2023-06-14
124688,2023-06-14
124689,2023-06-14
124690,2023-06-14
124691,2023-06-14
124692,2023-06-14
124693,2023-06-14
124694,2023-06-14
124695,2023-06-14
124696,2023-06-14
124697,2023-06-14
124698,2023-06-14
124699,2023-06-14
124700,2023-06-14
124701,2023-06-14
124702,2023-06-14
124703,2023-06-14
124704,2023-06-14
124705,2023-06-14
124706,2023-06-14
124707,2023-06-14
124708,2023-06-14
124709,2023-06-14
124710,2023-06-14
124711,2023-06-14
124712,2023-06-14
124713,2023-06-14
124714,2023-06-14
124715,2023-06-14
124716,2023-06-14
124717,2023-06-14
124718,2023-06-14
124719,2023-06-14
124720,2023-06-14
124721,2023-06-14
124722,2023-06-14
124723,2023-06-14
124724,2023-06-14
124725,2023-06-14
124726,2023-06-14
124727,2023-06-14
124728,2023-06-14
124729,2023-06-14
124730,2023-06-14
124731,2023-06-14
124732,2023-06-14
124733,2023-06-14
124734,2023-06-14
124735,2023-06-14
124737,2023-06-14
124738,2023-06-14
124739,2023-06-14
124740,2023-06-14
124741,2023-06-14
124742,2023-06-14
124743,2023-06-14
124744,2023-06-14
124745,2023-06-14
124747,2023-06-14
124750,2023-06-14
124751,2023-06-14
124752,2023-06-14
124755,2023-06-14
124756,2023-06-14
124757,2023-06-14
124758,2023-06-14
124759,2023-06-14
124761,2023-06-14
124762,2023-06-14
124763,2023-06-14
124764,2023-06-14
124765,2023-06-14
124766,2023-06-14
124767,2023-06-14
124768,2023-06-14
124770,2023-06-14
124771,2023-06-14
124772,2023-06-14
124773,2023-06-14
124774,2023-06-14
124775,2023-06-14
124776,2023-06-14
124777,2023-06-14
124778,2023-06-14
124779,2023-06-14
124780,2023-06-14
124781,2023-06-14
124782,2023-06-14
124783,2023-06-14
124784,2023-06-14
124785,2023-06-14
124786,2023-06-14
124787,2023-06-14
124788,2023-06-14
124789,2023-06-14
124790,2023-06-14
124791,2023-06-14
124792,2023-06-14
124793,2023-06-14
124794,2023-06-14
124795,2023-06-14
124796,2023-06-14
124797,2023-06-14
124798,2023-06-14
124799,2023-06-14
124800,2023-06-14
124801,2023-06-14
124802,2023-06-14
124803,2023-06-14
124804,2023-06-14
124805,2023-06-14
124806,2023-06-14
124807,2023-06-14
124808,2023-06-14
124809,2023-06-14
124810,2023-06-14
124811,2023-06-14
124812,2023-06-14
124813,2023-06-14
124814,2023-06-14
124815,2023-06-14
124816,2023-06-14
124817,2023-06-14
124818,2023-06-14
124819,2023-06-14
124820,2023-06-14
124821,2023-06-14
124822,2023-06-14
124823,2023-06-14
124824,2023-06-14
124825,2023-06-14
124826,2023-06-14
124827,2023-06-14
124828,2023-06-14
124829,2023-06-14
124830,2023-06-14
124831,2023-06-14
124832,2023-06-14
124833,2023-06-14
124834,2023-06-14
124835,2023-06-14
124836,2023-06-14
124837,2023-06-15
124838,2023-06-15
124839,2023-06-15
124840,2023-06-15
124841,2023-06-15
124842,2023-06-15
124845,2023-06-15
124847,2023-06-15
124849,2023-06-15
124850,2023-06-15
124853,2023-06-15
124854,2023-06-15
124855,2023-06-15
124856,2023-06-15
124857,2023-06-15
124860,2023-06-15
124861,2023-06-15
124862,2023-06-15
124863,2023-06-15
124866,2023-06-15
124867,2023-06-15
124871,2023-06-15
124884,2023-06-15
124885,2023-06-15
124886,2023-06-15
124889,2023-06-15
124890,2023-06-15
124891,2023-06-15
124892,2023-06-15
124894,2023-06-15
124898,2023-06-15
124900,2023-06-15
124901,2023-06-15
124902,2023-06-15
124905,2023-06-15
124906,2023-06-15
124907,2023-06-15
124908,2023-06-15
124909,2023-06-15
124910,2023-06-15
124911,2023-06-15
124913,2023-06-15
124914,2023-06-15
124915,2023-06-15
124917,2023-06-15
124918,2023-06-15
124919,2023-06-15
124920,2023-06-15
124921,2023-06-15
124922,2023-06-15
124923,2023-06-15
124924,2023-06-15
124925,2023-06-15
124926,2023-06-15
124927,2023-06-15
124928,2023-06-15
124929,2023-06-15
124930,2023-06-15
124931,2023-06-15
124932,2023-06-15
124933,2023-06-15
124934,2023-06-15
124935,2023-06-15
124936,2023-06-15
124937,2023-06-15
124938,2023-06-15
124939,2023-06-15
124940,2023-06-15
124941,2023-06-15
124942,2023-06-15
124943,2023-06-15
124944,2023-06-15
124945,2023-06-15
124946,2023-06-15
124947,2023-06-15
124948,2023-06-15
124950,2023-06-15
124951,2023-06-15
124952,2023-06-15
124953,2023-06-15
124954,2023-06-15
124955,2023-06-15
124956,2023-06-15
124957,2023-06-15
124958,2023-06-15
124959,2023-06-15
124960,2023-06-15
124961,2023-06-15
124962,2023-06-15
124963,2023-06-15
124964,2023-06-15
124965,2023-06-15
124966,2023-06-15
124967,2023-06-15
124968,2023-06-15
124969,2023-06-15
124970,2023-06-15
124972,2023-06-15
124973,2023-06-15
124974,2023-06-15
124975,2023-06-15
124976,2023-06-15
124977,2023-06-15
124979,2023-06-15
124980,2023-06-15
124981,2023-06-15
124982,2023-06-16
124983,2023-06-16
124984,2023-06-16
124985,2023-06-16
124988,2023-06-16
124989,2023-06-16
124991,2023-06-16
124992,2023-06-16
124994,2023-06-16
124995,2023-06-16
124996,2023-06-16
124997,2023-06-16
124998,2023-06-16
124999,2023-06-16
125000,2023-06-16
125001,2023-06-16
125002,2023-06-16
125004,2023-06-16
125005,2023-06-16
125006,2023-06-16
125007,2023-06-16
125008,2023-06-16
125009,2023-06-16
125010,2023-06-16
125011,2023-06-16
125012,2023-06-16
125013,2023-06-16
125014,2023-06-16
125015,2023-06-16
125016,2023-06-16
125017,2023-06-16
125018,2023-06-16
125019,2023-06-16
125020,2023-06-16
125021,2023-06-16
125022,2023-06-16
125023,2023-06-16
125024,2023-06-16
125025,2023-06-16
125026,2023-06-16
125027,2023-06-16
125028,2023-06-16
125029,2023-06-16
125030,2023-06-16
125031,2023-06-16
125032,2023-06-16
125033,2023-06-16
125034,2023-06-16
125035,2023-06-16
125036,2023-06-16
125037,2023-06-16
125038,2023-06-16
125041,2023-06-16
125042,2023-06-16
125043,2023-06-16
125044,2023-06-16
125045,2023-06-16
125046,2023-06-16
125048,2023-06-16
125049,2023-06-16
125050,2023-06-16
125051,2023-06-16
125052,2023-06-16
125053,2023-06-16
125054,2023-06-16
125055,2023-06-16
125056,2023-06-16
125057,2023-06-16
125058,2023-06-16
125059,2023-06-16
125060,2023-06-16
125061,2023-06-16
125062,2023-06-16
125063,2023-06-16
125064,2023-06-16
125065,2023-06-16
125066,2023-06-16
125067,2023-06-16
125068,2023-06-16
125069,2023-06-16
125070,2023-06-16
125071,2023-06-16
125072,2023-06-16
125073,2023-06-16
125074,2023-06-16
125075,2023-06-16
125076,2023-06-16
125077,2023-06-16
125078,2023-06-16
125079,2023-06-16
125080,2023-06-16
125081,2023-06-16
125082,2023-06-16
125083,2023-06-16
125084,2023-06-16
125085,2023-06-16
125086,2023-06-16
125087,2023-06-16
125088,2023-06-16
125091,2023-06-16
125092,2023-06-16
125093,2023-06-16
125094,2023-06-16
125095,2023-06-17
125096,2023-06-17
125097,2023-06-17
125098,2023-06-17
125101,2023-06-17
125102,2023-06-17
125103,2023-06-17
125104,2023-06-17
125105,2023-06-17
125106,2023-06-17
125107,2023-06-17
125108,2023-06-17
125109,2023-06-17
125110,2023-06-17
125111,2023-06-17
125112,2023-06-17
125113,2023-06-17
125114,2023-06-17
125115,2023-06-17
125116,2023-06-17
125117,2023-06-17
125118,2023-06-17
125119,2023-06-17
125120,2023-06-17
125121,2023-06-17
125122,2023-06-17
125123,2023-06-17
125124,2023-06-17
125125,2023-06-17
125126,2023-06-17
125127,2023-06-17
125128,2023-06-17
125129,2023-06-17
125130,2023-06-17
125131,2023-06-17
125132,2023-06-17
125133,2023-06-17
125134,2023-06-17
125135,2023-06-17
125136,2023-06-17
125137,2023-06-17
125138,2023-06-17
125139,2023-06-17
125140,2023-06-17
125141,2023-06-17
125142,2023-06-17
125143,2023-06-17
125144,2023-06-17
125145,2023-06-17
125146,2023-06-17
125147,2023-06-17
125148,2023-06-17
125149,2023-06-17
125150,2023-06-17
125151,2023-06-17
125152,2023-06-17
125153,2023-06-17
125154,2023-06-17
125155,2023-06-17
125156,2023-06-17
125157,2023-06-17
125158,2023-06-17
125159,2023-06-17
125160,2023-06-17
125161,2023-06-17
125162,2023-06-17
125163,2023-06-17
125165,2023-06-17
125166,2023-06-17
125167,2023-06-17
125168,2023-06-17
125169,2023-06-17
125170,2023-06-17
125171,2023-06-17
125172,2023-06-17
125173,2023-06-17
125174,2023-06-17
125175,2023-06-17
125176,2023-06-17
125177,2023-06-17
125178,2023-06-17
125179,2023-06-17
125180,2023-06-17
125181,2023-06-17
125182,2023-06-17
125183,2023-06-17
125184,2023-06-17
125185,2023-06-17
125186,2023-06-17
125187,2023-06-17
125188,2023-06-17
125189,2023-06-17
125190,2023-06-17
125191,2023-06-17
125192,2023-06-17
125193,2023-06-17
125194,2023-06-17
125195,2023-06-17
125197,2023-06-18
125198,2023-06-18
125199,2023-06-18
125200,2023-06-18
125203,2023-06-18
125204,2023-06-18
125205,2023-06-18
125206,2023-06-18
125207,2023-06-18
125208,2023-06-18
125209,2023-06-18
125210,2023-06-18
125211,2023-06-18
125212,2023-06-18
125213,2023-06-18
125214,2023-06-18
125215,2023-06-18
125216,2023-06-18
125217,2023-06-18
125218,2023-06-18
125219,2023-06-18
125220,2023-06-18
125221,2023-06-18
125222,2023-06-18
125223,2023-06-18
125224,2023-06-18
125225,2023-06-18
125226,2023-06-18
125227,2023-06-18
125228,2023-06-18
125229,2023-06-18
125230,2023-06-18
125231,2023-06-18
125232,2023-06-18
125233,2023-06-18
125234,2023-06-18
125235,2023-06-18
125236,2023-06-18
125237,2023-06-18
125238,2023-06-18
125239,2023-06-18
125241,2023-06-18
125242,2023-06-18
125243,2023-06-18
125244,2023-06-18
125245,2023-06-18
125246,2023-06-18
125247,2023-06-18
125249,2023-06-18
125250,2023-06-18
125251,2023-06-18
125252,2023-06-18
125253,2023-06-18
125254,2023-06-18
125255,2023-06-18
125256,2023-06-18
125257,2023-06-18
125258,2023-06-18
125259,2023-06-18
125260,2023-06-18
125261,2023-06-18
125262,2023-06-18
125263,2023-06-18
125264,2023-06-18
125265,2023-06-18
125267,2023-06-18
125268,2023-06-18
125270,2023-06-18
125271,2023-06-18
125272,2023-06-18
125273,2023-06-18
125274,2023-06-18
125275,2023-06-18
125276,2023-06-18
125277,2023-06-18
125278,2023-06-18
125279,2023-06-18
125281,2023-06-18
125282,2023-06-18
125283,2023-06-18
125284,2023-06-18
125285,2023-06-18
125286,2023-06-18
125287,2023-06-18
125289,2023-06-18
125290,2023-06-18
125291,2023-06-18
125292,2023-06-18
125293,2023-06-18
125294,2023-06-19
125295,2023-06-19
125296,2023-06-19
125297,2023-06-19
125300,2023-06-19
125301,2023-06-19
125302,2023-06-19
125303,2023-06-19
125304,2023-06-19
125305,2023-06-19
125306,2023-06-19
125307,2023-06-19
125308,2023-06-19
125309,2023-06-19
125310,2023-06-19
125311,2023-06-19
125312,2023-06-19
125313,2023-06-19
125314,2023-06-19
125315,2023-06-19
125316,2023-06-19
125317,2023-06-19
125318,2023-06-19
125319,2023-06-19
125321,2023-06-19
125322,2023-06-19
125323,2023-06-19
125324,2023-06-19
125325,2023-06-19
125326,2023-06-19
125327,2023-06-19
125328,2023-06-19
125329,2023-06-19
125331,2023-06-19
125332,2023-06-19
125334,2023-06-19
125335,2023-06-19
125336,2023-06-19
125337,2023-06-19
125338,2023-06-19
125339,2023-06-19
125340,2023-06-19
125341,2023-06-19
125342,2023-06-19
125343,2023-06-19
125344,2023-06-19
125345,2023-06-19
125346,2023-06-19
125348,2023-06-19
125349,2023-06-19
125350,2023-06-19
125351,2023-06-19
125352,2023-06-19
125353,2023-06-19
125354,2023-06-19
125355,2023-06-19
125356,2023-06-19
125357,2023-06-19
125358,2023-06-19
125359,2023-06-19
125360,2023-06-19
125361,2023-06-19
125362,2023-06-19
125363,2023-06-19
125364,2023-06-19
125365,2023-06-19
125366,2023-06-19
125369,2023-06-19
125370,2023-06-19
125371,2023-06-19
125372,2023-06-19
125373,2023-06-19
125374,2023-06-19
125375,2023-06-19
125376,2023-06-19
125377,2023-06-19
125378,2023-06-19
125379,2023-06-19
125380,2023-06-19
125381,2023-06-19
125382,2023-06-19
125383,2023-06-19
125384,2023-06-19
125385,2023-06-19
125386,2023-06-19
125387,2023-06-19
125388,2023-06-19
125389,2023-06-19
125390,2023-06-19
125391,2023-06-19
125392,2023-06-19
125393,2023-06-19
125394,2023-06-19
125395,2023-06-19
125396,2023-06-19
125397,2023-06-19
125398,2023-06-19
125399,2023-06-19
125402,2023-06-19
125403,2023-06-19
125404,2023-06-20
125405,2023-06-20
125406,2023-06-20
125407,2023-06-20
125408,2023-06-20
125409,2023-06-20
125410,2023-06-20
125411,2023-06-20
125412,2023-06-20
125413,2023-06-20
125414,2023-06-20
125415,2023-06-20
125416,2023-06-20
125417,2023-06-20
125418,2023-06-20
125419,2023-06-20
125420,2023-06-20
125421,2023-06-20
125422,2023-06-20
125423,2023-06-20
125424,2023-06-20
125425,2023-06-20
125426,2023-06-20
125427,2023-06-20
125428,2023-06-20
125429,2023-06-20
125430,2023-06-20
125431,2023-06-20
125432,2023-06-20
125433,2023-06-20
125434,2023-06-20
125435,2023-06-20
125436,2023-06-20
125437,2023-06-20
125438,2023-06-20
125439,2023-06-20
125440,2023-06-20
125441,2023-06-20
125442,2023-06-20
125443,2023-06-20
125444,2023-06-20
125445,2023-06-20
125446,2023-06-20
125447,2023-06-20
125448,2023-06-20
125449,2023-06-20
125450,2023-06-20
125451,2023-06-20
125452,2023-06-20
125453,2023-06-20
125454,2023-06-20
125455,2023-06-20
125456,2023-06-20
125457,2023-06-20
125458,2023-06-20
125459,2023-06-20
125460,2023-06-20
125461,2023-06-20
125462,2023-06-20
125469,2023-06-20
125470,2023-06-20
125471,2023-06-20
125472,2023-06-20
125473,2023-06-20
125474,2023-06-20
125475,2023-06-20
125476,2023-06-20
125477,2023-06-20
125478,2023-06-20
125479,2023-06-20
125480,2023-06-20
125481,2023-06-20
125482,2023-06-20
125483,2023-06-20
125484,2023-06-20
125485,2023-06-20
125486,2023-06-20
125487,2023-06-20
125488,2023-06-20
125489,2023-06-20
125490,2023-06-20
125491,2023-06-20
125492,2023-06-20
125493,2023-06-20
125494,2023-06-20
125495,2023-06-20
125496,2023-06-20
125497,2023-06-20
125498,2023-06-20
125499,2023-06-20
125500,2023-06-20
125501,2023-06-20
125502,2023-06-20
125503,2023-06-20
125504,2023-06-20
125505,2023-06-20
125506,2023-06-20
125507,2023-06-20
125508,2023-06-20
125509,2023-06-20
125510,2023-06-20
125511,2023-06-20
125512,2023-06-20
125513,2023-06-20
125514,2023-06-20
125517,2023-06-21
125518,2023-06-21
125519,2023-06-21
125520,2023-06-21
125521,2023-06-21
125522,2023-06-21
125524,2023-06-21
125525,2023-06-21
125526,2023-06-21
125528,2023-06-21
125529,2023-06-21
125530,2023-06-21
125531,2023-06-21
125532,2023-06-21
125533,2023-06-21
125534,2023-06-21
125536,2023-06-21
125537,2023-06-21
125538,2023-06-21
125541,2023-06-21
125542,2023-06-21
125544,2023-06-21
125545,2023-06-21
125546,2023-06-21
125547,2023-06-21
125548,2023-06-21
125550,2023-06-21
125551,2023-06-21
125552,2023-06-21
125553,2023-06-21
125554,2023-06-21
125555,2023-06-21
125556,2023-06-21
125557,2023-06-21
125558,2023-06-21
125559,2023-06-21
125560,2023-06-21
125561,2023-06-21
125562,2023-06-21
125563,2023-06-21
125564,2023-06-21
125565,2023-06-21
125566,2023-06-21
125567,2023-06-21
125568,2023-06-21
125569,2023-06-21
125570,2023-06-21
125571,2023-06-21
125572,2023-06-21
125573,2023-06-21
125574,2023-06-21
125575,2023-06-21
125576,2023-06-21
125577,2023-06-21
125578,2023-06-21
125579,2023-06-21
125580,2023-06-21
125583,2023-06-21
125584,2023-06-21
125585,2023-06-21
125586,2023-06-21
125587,2023-06-21
125588,2023-06-21
125590,2023-06-21
125591,2023-06-21
125592,2023-06-21
125593,2023-06-21
125594,2023-06-21
125595,2023-06-21
125596,2023-06-21
125597,2023-06-21
125598,2023-06-21
125601,2023-06-21
125602,2023-06-21
125603,2023-06-21
125604,2023-06-21
125605,2023-06-21
125606,2023-06-21
125607,2023-06-21
125608,2023-06-21
125609,2023-06-21
125610,2023-06-21
125611,2023-06-21
125612,2023-06-21
125613,2023-06-21
125614,2023-06-21
125615,2023-06-21
125616,2023-06-21
125617,2023-06-21
125618,2023-06-21
125619,2023-06-22
125620,2023-06-22
125621,2023-06-22
125622,2023-06-22
125623,2023-06-22
125624,2023-06-22
125626,2023-06-22
125627,2023-06-22
125628,2023-06-22
125629,2023-06-22
125630,2023-06-22
125631,2023-06-22
125632,2023-06-22
125634,2023-06-22
125635,2023-06-22
125636,2023-06-22
125637,2023-06-22
125638,2023-06-22
125640,2023-06-22
125641,2023-06-22
125642,2023-06-22
125643,2023-06-22
125644,2023-06-22
125645,2023-06-22
125646,2023-06-22
125647,2023-06-22
125648,2023-06-22
125649,2023-06-22
125650,2023-06-22
125651,2023-06-22
125652,2023-06-22
125653,2023-06-22
125654,2023-06-22
125655,2023-06-22
125656,2023-06-22
125658,2023-06-22
125659,2023-06-22
125660,2023-06-22
125661,2023-06-22
125662,2023-06-23
125663,2023-06-23
125664,2023-06-23
125665,2023-06-23
125668,2023-06-23
125669,2023-06-23
125670,2023-06-23
125671,2023-06-23
125672,2023-06-23
125673,2023-06-23
125674,2023-06-23
125675,2023-06-23
125677,2023-06-23
125678,2023-06-23
125679,2023-06-23
125680,2023-06-23
125681,2023-06-23
125682,2023-06-23
125683,2023-06-23
125684,2023-06-23
125685,2023-06-23
125686,2023-06-23
125687,2023-06-23
125688,2023-06-23
125689,2023-06-23
125690,2023-06-23
125691,2023-06-23
125692,2023-06-23
125693,2023-06-23
125694,2023-06-23
125695,2023-06-23
125696,2023-06-23
125697,2023-06-23
125698,2023-06-23
125699,2023-06-23
125700,2023-06-23
125701,2023-06-23
125702,2023-06-23
125703,2023-06-23
125704,2023-06-23
125705,2023-06-23
125706,2023-06-23
125707,2023-06-23
125708,2023-06-23
125709,2023-06-23
125710,2023-06-23
125711,2023-06-23
125712,2023-06-23
125713,2023-06-23
125714,2023-06-23
125715,2023-06-23
125716,2023-06-23
125717,2023-06-23
125718,2023-06-23
125719,2023-06-23
125720,2023-06-23
125721,2023-06-23
125722,2023-06-23
125723,2023-06-23
125724,2023-06-23
125725,2023-06-23
125726,2023-06-23
125727,2023-06-23
125728,2023-06-23
125729,2023-06-23
125730,2023-06-23
125731,2023-06-23
125732,2023-06-23
125733,2023-06-23
125734,2023-06-23
125736,2023-06-23
125737,2023-06-23
125738,2023-06-23
125739,2023-06-23
125740,2023-06-23
125741,2023-06-23
125742,2023-06-23
125743,2023-06-23
125744,2023-06-23
125745,2023-06-23
125746,2023-06-23
125747,2023-06-23
125748,2023-06-23
125749,2023-06-23
125750,2023-06-24
125751,2023-06-24
125752,2023-06-24
125753,2023-06-24
125757,2023-06-24
125758,2023-06-24
125759,2023-06-24
125760,2023-06-24
125762,2023-06-24
125764,2023-06-24
125765,2023-06-24
125766,2023-06-24
125767,2023-06-24
125768,2023-06-24
125769,2023-06-24
125770,2023-06-24
125771,2023-06-24
125772,2023-06-24
125773,2023-06-24
125774,2023-06-24
125775,2023-06-24
125776,2023-06-24
125777,2023-06-24
125778,2023-06-24
125779,2023-06-24
125780,2023-06-24
125781,2023-06-24
125782,2023-06-24
125783,2023-06-24
125784,2023-06-24
125785,2023-06-24
125786,2023-06-24
125787,2023-06-24
125788,2023-06-24
125789,2023-06-24
125790,2023-06-24
125791,2023-06-24
125792,2023-06-24
125793,2023-06-24
125794,2023-06-24
125795,2023-06-24
125796,2023-06-24
125797,2023-06-24
125798,2023-06-24
125799,2023-06-24
125800,2023-06-24
125801,2023-06-24
125802,2023-06-24
125803,2023-07-07
125804,2023-07-07
125805,2023-07-07
125806,2023-07-07
125821,2023-07-07
125822,2023-07-07
125823,2023-07-08
125824,2023-07-08
125825,2023-07-08
125826,2023-07-08
125829,2023-07-10
125830,2023-07-10
125831,2023-07-10
125832,2023-07-10
125836,2023-07-10
125837,2023-07-10
125838,2023-07-10
125839,2023-07-10
125840,2023-07-10
125841,2023-07-10
125842,2023-07-10
125844,2023-07-10
125845,2023-07-10
125846,2023-07-10
125847,2023-07-10
125848,2023-07-10
125849,2023-07-10
125850,2023-07-10
125851,2023-07-10
125853,2023-07-10
125854,2023-07-10
125855,2023-07-10
125856,2023-07-10
125858,2023-07-10
125859,2023-07-10
125860,2023-07-10
125861,2023-07-10
125862,2023-07-10
125864,2023-07-10
125865,2023-07-10
125866,2023-07-10
125868,2023-07-10
125869,2023-07-10
125870,2023-07-10
125871,2023-07-10
125872,2023-07-10
125873,2023-07-10
125875,2023-07-10
125876,2023-07-10
125877,2023-07-10
125878,2023-07-10
125879,2023-07-10
125880,2023-07-10
125881,2023-07-10
125882,2023-07-10
125883,2023-07-10
125884,2023-07-10
125885,2023-07-10
125886,2023-07-10
125887,2023-07-10
125888,2023-07-10
125889,2023-07-10
125890,2023-07-10
125891,2023-07-10
125892,2023-07-10
125893,2023-07-10
125894,2023-07-10
125895,2023-07-10
125896,2023-07-10
125897,2023-07-10
125898,2023-07-10
125899,2023-07-10
125900,2023-07-10
125901,2023-07-10
125902,2023-07-10
125903,2023-07-10
125904,2023-07-10
125905,2023-07-10
125906,2023-07-10
125907,2023-07-10
125908,2023-07-10
125909,2023-07-10
125910,2023-07-10
125911,2023-07-10
125912,2023-07-10
125913,2023-07-10
125914,2023-07-10
125915,2023-07-10
125916,2023-07-11
125917,2023-07-11
125918,2023-07-11
125919,2023-07-11
125922,2023-07-11
125923,2023-07-11
125924,2023-07-11
125925,2023-07-11
125926,2023-07-11
125927,2023-07-11
125928,2023-07-11
125929,2023-07-11
125930,2023-07-11
125931,2023-07-11
125932,2023-07-11
125934,2023-07-11
125935,2023-07-11
125936,2023-07-11
125937,2023-07-11
125938,2023-07-11
125939,2023-07-11
125940,2023-07-11
125941,2023-07-11
125942,2023-07-11
125943,2023-07-11
125944,2023-07-11
125945,2023-07-11
125946,2023-07-11
125947,2023-07-11
125948,2023-07-11
125950,2023-07-11
125952,2023-07-11
125953,2023-07-11
125954,2023-07-11
125955,2023-07-11
125956,2023-07-11
125957,2023-07-11
125958,2023-07-11
125959,2023-07-11
125960,2023-07-11
125961,2023-07-11
125962,2023-07-11
125963,2023-07-11
125964,2023-07-11
125965,2023-07-11
125968,2023-07-11
125969,2023-07-11
125970,2023-07-11
125971,2023-07-11
125972,2023-07-11
125973,2023-07-11
125974,2023-07-11
125975,2023-07-11
125977,2023-07-11
125978,2023-07-11
125979,2023-07-11
125980,2023-07-11
125981,2023-07-11
125982,2023-07-11
125983,2023-07-11
125984,2023-07-11
125985,2023-07-11
125986,2023-07-11
125987,2023-07-11
125988,2023-07-11
125989,2023-07-11
125990,2023-07-11
125991,2023-07-11
125992,2023-07-11
125994,2023-07-11
125995,2023-07-11
125996,2023-07-11
125997,2023-07-11
125998,2023-07-11
125999,2023-07-11
126000,2023-07-11
126001,2023-07-11
126002,2023-07-11
126003,2023-07-11
126005,2023-07-11
126006,2023-07-11
126007,2023-07-11
126010,2023-07-11
126011,2023-07-11
126012,2023-07-11
126013,2023-07-11
126014,2023-07-11
126015,2023-07-11
126016,2023-07-11
126017,2023-07-11
126018,2023-07-11
126019,2023-07-12
126020,2023-07-12
126021,2023-07-12
126022,2023-07-12
126025,2023-07-12
126026,2023-07-12
126027,2023-07-12
126028,2023-07-12
126029,2023-07-12
126030,2023-07-12
126031,2023-07-12
126032,2023-07-12
126033,2023-07-12
126034,2023-07-12
126035,2023-07-12
126036,2023-07-12
126037,2023-07-12
126038,2023-07-12
126039,2023-07-12
126040,2023-07-12
126041,2023-07-12
126042,2023-07-12
126043,2023-07-12
126044,2023-07-12
126045,2023-07-12
126046,2023-07-12
126047,2023-07-12
126048,2023-07-12
126049,2023-07-12
126050,2023-07-12
126051,2023-07-12
126052,2023-07-12
126053,2023-07-12
126054,2023-07-12
126055,2023-07-12
126064,2023-07-12
126069,2023-07-12
126074,2023-07-12
126077,2023-07-12
126078,2023-07-12
126079,2023-07-12
126080,2023-07-12
126081,2023-07-12
126082,2023-07-12
126083,2023-07-12
126084,2023-07-12
126085,2023-07-12
126086,2023-07-12
126087,2023-07-12
126088,2023-07-12
126090,2023-07-12
126091,2023-07-12
126092,2023-07-12
126093,2023-07-12
126094,2023-07-12
126095,2023-07-12
126096,2023-07-12
126097,2023-07-12
126098,2023-07-12
126099,2023-07-12
126100,2023-07-12
126101,2023-07-12
126102,2023-07-12
126103,2023-07-12
126104,2023-07-12
126105,2023-07-12
126106,2023-07-12
126107,2023-07-12
126108,2023-07-12
126109,2023-07-12
126110,2023-07-12
126111,2023-07-12
126112,2023-07-12
126113,2023-07-12
126114,2023-07-12
126115,2023-07-12
126116,2023-07-12
126117,2023-07-12
126118,2023-07-12
126119,2023-07-12
126120,2023-07-12
126121,2023-07-12
126122,2023-07-12
126123,2023-07-13
126124,2023-07-13
126125,2023-07-13
126126,2023-07-13
126129,2023-07-13
126130,2023-07-13
126131,2023-07-13
126132,2023-07-13
126133,2023-07-13
126134,2023-07-13
126135,2023-07-13
126136,2023-07-13
126137,2023-07-13
126138,2023-07-13
126139,2023-07-13
126140,2023-07-13
126142,2023-07-13
126148,2023-07-13
126149,2023-07-13
126150,2023-07-13
126151,2023-07-13
126152,2023-07-13
126153,2023-07-13
126156,2023-07-13
126157,2023-07-13
126158,2023-07-13
126160,2023-07-13
126161,2023-07-13
126162,2023-07-13
126163,2023-07-13
126164,2023-07-13
126165,2023-07-13
126166,2023-07-13
126167,2023-07-13
126168,2023-07-13
126169,2023-07-13
126170,2023-07-13
126171,2023-07-13
126172,2023-07-13
126173,2023-07-13
126174,2023-07-13
126175,2023-07-13
126176,2023-07-13
126177,2023-07-13
126178,2023-07-13
126179,2023-07-13
126185,2023-07-13
126186,2023-07-13
126187,2023-07-13
126188,2023-07-13
126189,2023-07-13
126190,2023-07-13
126191,2023-07-13
126192,2023-07-13
126193,2023-07-13
126194,2023-07-13
126195,2023-07-13
126196,2023-07-13
126197,2023-07-13
126199,2023-07-13
126200,2023-07-13
126201,2023-07-13
126205,2023-07-13
126206,2023-07-13
126207,2023-07-13
126208,2023-07-13
126209,2023-07-13
126210,2023-07-13
126213,2023-07-13
126215,2023-07-13
126216,2023-07-13
126217,2023-07-13
126218,2023-07-13
126220,2023-07-13
126224,2023-07-13
126225,2023-07-14
126226,2023-07-14
126227,2023-07-14
126228,2023-07-14
126229,2023-07-14
126232,2023-07-14
126233,2023-07-14
126234,2023-07-14
126235,2023-07-14
126236,2023-07-14
126237,2023-07-14
126238,2023-07-14
126239,2023-07-14
126240,2023-07-14
126241,2023-07-14
126242,2023-07-14
126243,2023-07-14
126244,2023-07-14
126245,2023-07-14
126246,2023-07-14
126247,2023-07-14
126248,2023-07-14
126249,2023-07-14
126250,2023-07-14
126251,2023-07-14
126253,2023-07-14
126257,2023-07-14
126258,2023-07-14
126259,2023-07-14
126260,2023-07-14
126261,2023-07-14
126262,2023-07-14
126263,2023-07-14
126264,2023-07-14
126268,2023-07-14
126269,2023-07-14
126270,2023-07-14
126271,2023-07-14
126272,2023-07-14
126273,2023-07-14
126274,2023-07-14
126275,2023-07-14
126279,2023-07-14
126280,2023-07-14
126281,2023-07-14
126282,2023-07-14
126283,2023-07-14
126284,2023-07-14
126285,2023-07-14
126286,2023-07-14
126287,2023-07-14
126288,2023-07-14
126289,2023-07-14
126295,2023-07-14
126296,2023-07-14
126297,2023-07-14
126298,2023-07-14
126301,2023-07-14
126302,2023-07-14
126304,2023-07-14
126305,2023-07-14
126306,2023-07-14
126307,2023-07-14
126309,2023-07-14
126310,2023-07-14
126311,2023-07-14
126312,2023-07-14
126313,2023-07-14
126315,2023-07-14
126316,2023-07-14
126318,2023-07-14
126319,2023-07-14
126320,2023-07-14
126321,2023-07-14
126322,2023-07-14
126323,2023-07-14
126324,2023-07-14
126326,2023-07-14
126327,2023-07-14
126328,2023-07-14
126329,2023-07-14
126330,2023-07-14
126331,2023-07-14
126332,2023-07-14
126333,2023-07-14
126334,2023-07-14
126335,2023-07-14
126336,2023-07-14
126337,2023-07-14
126338,2023-07-14
126339,2023-07-14
126340,2023-07-14
126341,2023-07-14
126342,2023-07-14
126343,2023-07-14
126344,2023-07-14
126348,2023-07-14
126349,2023-07-14
126352,2023-07-14
126353,2023-07-14
126354,2023-07-14
126355,2023-07-14
126356,2023-07-14
126359,2023-07-15
126360,2023-07-15
126361,2023-07-15
126364,2023-07-15
126365,2023-07-15
126366,2023-07-15
126367,2023-07-15
126370,2023-07-15
126371,2023-07-15
126372,2023-07-15
126374,2023-07-15
126375,2023-07-15
126376,2023-07-15
126377,2023-07-15
126378,2023-07-15
126379,2023-07-15
126380,2023-07-15
126381,2023-07-15
126382,2023-07-15
126383,2023-07-15
126384,2023-07-15
126385,2023-07-15
126386,2023-07-15
126387,2023-07-15
126388,2023-07-15
126389,2023-07-15
126390,2023-07-15
126391,2023-07-15
126392,2023-07-15
126393,2023-07-15
126394,2023-07-15
126395,2023-07-15
126396,2023-07-15
126397,2023-07-15
126398,2023-07-15
126399,2023-07-15
126400,2023-07-15
126401,2023-07-15
126402,2023-07-15
126403,2023-07-15
126404,2023-07-15
126405,2023-07-15
126406,2023-07-15
126407,2023-07-15
126408,2023-07-15
126409,2023-07-15
126410,2023-07-15
126411,2023-07-15
126412,2023-07-15
126413,2023-07-15
126414,2023-07-15
126415,2023-07-15
126416,2023-07-15
126417,2023-07-15
126418,2023-07-15
126419,2023-07-15
126420,2023-07-15
126421,2023-07-15
126422,2023-07-15
126423,2023-07-15
126424,2023-07-15
126425,2023-07-15
126426,2023-07-15
126427,2023-07-15
126428,2023-07-15
126429,2023-07-15
126430,2023-07-15
126431,2023-07-15
126432,2023-07-15
126433,2023-07-15
126434,2023-07-15
126435,2023-07-15
126436,2023-07-15
126437,2023-07-15
126438,2023-07-15
126439,2023-07-15
126440,2023-07-15
126441,2023-07-15
126442,2023-07-15
126443,2023-07-15
126444,2023-07-15
126445,2023-07-15
126446,2023-07-15
126447,2023-07-15
126448,2023-07-15
126449,2023-07-15
126450,2023-07-15
126451,2023-07-15
126452,2023-07-15
126453,2023-07-15
126454,2023-07-15
126455,2023-07-15
126456,2023-07-15
126457,2023-07-15
126458,2023-07-16
126459,2023-07-16
126460,2023-07-16
126461,2023-07-16
126464,2023-07-16
126465,2023-07-16
126466,2023-07-16
126467,2023-07-16
126468,2023-07-16
126469,2023-07-16
126470,2023-07-16
126472,2023-07-16
126473,2023-07-16
126474,2023-07-16
126475,2023-07-16
126476,2023-07-16
126477,2023-07-16
126478,2023-07-16
126479,2023-07-16
126480,2023-07-16
126481,2023-07-16
126482,2023-07-16
126483,2023-07-16
126484,2023-07-16
126485,2023-07-16
126486,2023-07-16
126487,2023-07-16
126488,2023-07-16
126489,2023-07-16
126490,2023-07-16
126491,2023-07-16
126492,2023-07-16
126494,2023-07-16
126495,2023-07-16
126496,2023-07-16
126497,2023-07-16
126498,2023-07-16
126503,2023-07-16
126504,2023-07-16
126505,2023-07-16
126506,2023-07-16
126507,2023-07-16
126508,2023-07-16
126510,2023-07-16
126511,2023-07-16
126512,2023-07-16
126513,2023-07-16
126514,2023-07-16
126515,2023-07-16
126516,2023-07-16
126517,2023-07-16
126518,2023-07-16
126519,2023-07-16
126520,2023-07-16
126521,2023-07-16
126522,2023-07-16
126523,2023-07-16
126524,2023-07-16
126525,2023-07-16
126526,2023-07-16
126527,2023-07-16
126528,2023-07-16
126529,2023-07-16
126530,2023-07-16
126531,2023-07-16
126532,2023-07-16
126533,2023-07-16
126534,2023-07-16
126535,2023-07-16
126536,2023-07-16
126539,2023-07-16
126541,2023-07-16
126543,2023-07-16
126544,2023-07-16
126545,2023-07-16
126546,2023-07-16
126548,2023-07-16
126550,2023-07-16
126551,2023-07-16
126552,2023-07-16
126553,2023-07-16
126554,2023-07-16
126555,2023-07-16
126558,2023-07-16
126559,2023-07-16
126560,2023-07-16
126561,2023-07-16
126562,2023-07-16
126563,2023-07-16
126564,2023-07-16
126565,2023-07-16
126566,2023-07-16
126567,2023-07-16
126568,2023-07-16
126569,2023-07-17
126570,2023-07-17
126571,2023-07-17
126572,2023-07-17
126573,2023-07-17
126576,2023-07-17
126577,2023-07-17
126578,2023-07-17
126579,2023-07-17
126580,2023-07-17
126581,2023-07-17
126582,2023-07-17
126583,2023-07-17
126584,2023-07-17
126585,2023-07-17
126586,2023-07-17
126587,2023-07-17
126588,2023-07-17
126589,2023-07-17
126590,2023-07-17
126591,2023-07-17
126592,2023-07-17
126593,2023-07-17
126594,2023-07-17
126595,2023-07-17
126596,2023-07-17
126599,2023-07-17
126600,2023-07-17
126601,2023-07-17
126602,2023-07-17
126603,2023-07-17
126604,2023-07-17
126605,2023-07-17
126606,2023-07-17
126607,2023-07-17
126608,2023-07-17
126609,2023-07-17
126610,2023-07-17
126611,2023-07-17
126612,2023-07-17
126613,2023-07-17
126614,2023-07-17
126615,2023-07-17
126616,2023-07-17
126617,2023-07-17
126618,2023-07-17
126619,2023-07-17
126620,2023-07-17
126621,2023-07-17
126622,2023-07-17
126623,2023-07-17
126624,2023-07-17
126625,2023-07-17
126626,2023-07-17
126627,2023-07-17
126628,2023-07-17
126629,2023-07-17
126631,2023-07-17
126632,2023-07-17
126633,2023-07-17
126634,2023-07-17
126635,2023-07-17
126636,2023-07-17
126637,2023-07-17
126638,2023-07-17
126639,2023-07-17
126640,2023-07-17
126644,2023-07-17
126645,2023-07-17
126646,2023-07-17
126647,2023-07-17
126648,2023-07-17
126649,2023-07-17
126650,2023-07-17
126651,2023-07-17
126652,2023-07-17
126653,2023-07-17
126654,2023-07-17
126655,2023-07-17
126660,2023-07-17
126661,2023-07-17
126662,2023-07-17
126663,2023-07-17
126669,2023-07-17
126670,2023-07-17
126671,2023-07-17
126672,2023-07-17
126673,2023-07-17
126674,2023-07-17
126675,2023-07-17
126676,2023-07-17
126679,2023-07-17
126682,2023-07-17
126683,2023-07-17
126684,2023-07-17
126685,2023-07-17
126686,2023-07-17
126687,2023-07-17
126688,2023-07-17
126689,2023-07-17
126690,2023-07-17
126691,2023-07-17
126692,2023-07-18
126696,2023-07-18
126697,2023-07-18
126698,2023-07-18
126705,2023-07-18
126708,2023-07-18
126709,2023-07-18
126710,2023-07-18
126711,2023-07-18
126712,2023-07-18
126713,2023-07-18
126714,2023-07-18
126715,2023-07-18
126716,2023-07-18
126717,2023-07-18
126718,2023-07-18
126719,2023-07-18
126720,2023-07-18
126721,2023-07-18
126722,2023-07-18
126723,2023-07-18
126724,2023-07-18
126725,2023-07-18
126726,2023-07-18
126727,2023-07-18
126728,2023-07-18
126729,2023-07-18
126730,2023-07-18
126732,2023-07-18
126733,2023-07-18
126734,2023-07-18
126735,2023-07-18
126736,2023-07-18
126737,2023-07-18
126738,2023-07-18
126740,2023-07-18
126741,2023-07-18
126742,2023-07-18
126743,2023-07-18
126744,2023-07-18
126745,2023-07-18
126746,2023-07-18
126747,2023-07-18
126748,2023-07-18
126749,2023-07-18
126750,2023-07-18
126751,2023-07-18
126753,2023-07-18
126754,2023-07-18
126755,2023-07-18
126756,2023-07-18
126757,2023-07-18
126758,2023-07-18
126759,2023-07-18
126760,2023-07-18
126761,2023-07-18
126762,2023-07-18
126763,2023-07-18
126764,2023-07-18
126765,2023-07-18
126766,2023-07-18
126767,2023-07-18
126770,2023-07-18
126771,2023-07-18
126772,2023-07-18
126773,2023-07-18
126774,2023-07-18
126775,2023-07-18
126776,2023-07-18
126777,2023-07-18
126778,2023-07-18
126779,2023-07-18
126780,2023-07-18
126781,2023-07-18
126784,2023-07-18
126785,2023-07-18
126786,2023-07-18
126787,2023-07-18
126789,2023-07-18
126790,2023-07-18
126791,2023-07-18
126792,2023-07-18
126793,2023-07-18
126794,2023-07-18
126795,2023-07-18
126796,2023-07-18
126797,2023-07-18
126798,2023-07-18
126802,2023-07-19
126803,2023-07-19
126806,2023-07-19
126807,2023-07-19
126808,2023-07-19
126809,2023-07-19
126812,2023-07-19
126813,2023-07-19
126814,2023-07-19
126815,2023-07-19
126816,2023-07-19
126817,2023-07-19
126818,2023-07-19
126819,2023-07-19
126820,2023-07-19
126821,2023-07-19
126822,2023-07-19
126823,2023-07-19
126824,2023-07-19
126825,2023-07-19
126826,2023-07-19
126827,2023-07-19
126828,2023-07-19
126829,2023-07-19
126831,2023-07-19
126832,2023-07-19
126833,2023-07-19
126835,2023-07-19
126836,2023-07-19
126837,2023-07-19
126838,2023-07-19
126839,2023-07-19
126840,2023-07-19
126841,2023-07-19
126842,2023-07-19
126843,2023-07-19
126844,2023-07-19
126845,2023-07-19
126846,2023-07-19
126847,2023-07-19
126853,2023-07-19
126854,2023-07-19
126855,2023-07-19
126858,2023-07-19
126859,2023-07-19
126860,2023-07-19
126861,2023-07-19
126862,2023-07-19
126863,2023-07-19
126864,2023-07-19
126865,2023-07-19
126866,2023-07-19
126867,2023-07-19
126868,2023-07-19
126869,2023-07-19
126871,2023-07-19
126872,2023-07-19
126873,2023-07-19
126874,2023-07-19
126875,2023-07-19
126876,2023-07-19
126877,2023-07-19
126878,2023-07-19
126879,2023-07-19
126880,2023-07-19
126881,2023-07-19
126882,2023-07-19
126883,2023-07-19
126884,2023-07-19
126885,2023-07-19
126886,2023-07-19
126887,2023-07-19
126888,2023-07-20
126889,2023-07-20
126890,2023-07-20
126891,2023-07-20
126892,2023-07-20
126896,2023-07-20
126897,2023-07-20
126899,2023-07-20
126900,2023-07-20
126901,2023-07-20
126902,2023-07-20
126903,2023-07-20
126904,2023-07-20
126905,2023-07-20
126906,2023-07-20
126907,2023-07-20
126908,2023-07-20
126909,2023-07-20
126910,2023-07-20
126911,2023-07-20
126912,2023-07-20
126913,2023-07-20
126914,2023-07-20
126916,2023-07-20
126917,2023-07-20
126918,2023-07-20
126919,2023-07-20
126921,2023-07-20
126922,2023-07-20
126923,2023-07-20
126925,2023-07-20
126926,2023-07-20
126927,2023-07-20
126928,2023-07-20
126929,2023-07-20
126930,2023-07-20
126931,2023-07-20
126932,2023-07-20
126933,2023-07-20
126934,2023-07-20
126935,2023-07-20
126937,2023-07-20
126938,2023-07-20
126940,2023-07-20
126941,2023-07-20
126943,2023-07-20
126944,2023-07-20
126945,2023-07-20
126946,2023-07-20
126947,2023-07-20
126948,2023-07-20
126949,2023-07-20
126950,2023-07-20
126952,2023-07-20
126953,2023-07-20
126954,2023-07-20
126955,2023-07-20
126956,2023-07-20
126957,2023-07-20
126958,2023-07-20
126959,2023-07-20
126960,2023-07-20
126961,2023-07-20
126962,2023-07-20
126963,2023-07-20
126964,2023-07-20
126965,2023-07-20
126966,2023-07-20
126967,2023-07-20
126968,2023-07-20
126969,2023-07-20
126970,2023-07-20
126971,2023-07-20
126972,2023-07-20
126973,2023-07-20
126975,2023-07-20
126976,2023-07-20
126977,2023-07-21
126978,2023-07-21
126979,2023-07-21
126980,2023-07-21
126981,2023-07-21
126982,2023-07-21
126983,2023-07-21
126984,2023-07-21
126985,2023-07-21
126986,2023-07-21
126989,2023-07-21
126993,2023-07-21
126994,2023-07-21
126995,2023-07-21
126996,2023-07-21
126997,2023-07-21
126998,2023-07-21
126999,2023-07-21
127000,2023-07-21
127001,2023-07-21
127002,2023-07-21
127003,2023-07-21
127004,2023-07-21
127005,2023-07-21
127006,2023-07-21
127007,2023-07-21
127008,2023-07-21
127009,2023-07-21
127010,2023-07-21
127011,2023-07-21
127012,2023-07-21
127013,2023-07-21
127014,2023-07-21
127015,2023-07-21
127016,2023-07-21
127017,2023-07-21
127018,2023-07-21
127020,2023-07-21
127021,2023-07-21
127022,2023-07-21
127023,2023-07-21
127024,2023-07-21
127025,2023-07-21
127026,2023-07-21
127027,2023-07-21
127028,2023-07-21
127029,2023-07-21
127030,2023-07-21
127031,2023-07-21
127033,2023-07-21
127034,2023-07-21
127035,2023-07-21
127036,2023-07-21
127037,2023-07-21
127038,2023-07-21
127039,2023-07-21
127040,2023-07-21
127041,2023-07-21
127042,2023-07-21
127043,2023-07-21
127044,2023-07-21
127045,2023-07-21
127046,2023-07-21
127047,2023-07-21
127048,2023-07-21
127049,2023-07-21
127050,2023-07-21
127051,2023-07-21
127052,2023-07-21
127053,2023-07-21
127054,2023-07-21
127055,2023-07-21
127056,2023-07-21
127057,2023-07-21
127058,2023-07-21
127059,2023-07-21
127060,2023-07-21
127061,2023-07-21
127063,2023-07-21
127064,2023-07-21
127065,2023-07-21
127066,2023-07-21
127067,2023-07-21
127068,2023-07-21
127069,2023-07-21
127070,2023-07-21
127071,2023-07-21
127072,2023-07-21
127073,2023-07-21
127074,2023-07-21
127075,2023-07-21
127076,2023-07-21
127077,2023-07-21
127083,2023-07-22
127085,2023-07-22
127087,2023-07-22
127088,2023-07-22
127089,2023-07-22
127090,2023-07-22
127091,2023-07-22
127092,2023-07-22
127097,2023-07-22
127098,2023-07-22
127099,2023-07-22
127100,2023-07-22
127101,2023-07-22
127102,2023-07-22
127103,2023-07-22
127104,2023-07-22
127105,2023-07-22
127106,2023-07-22
127107,2023-07-22
127108,2023-07-22
127109,2023-07-22
127110,2023-07-22
127112,2023-07-22
127113,2023-07-22
127114,2023-07-22
127115,2023-07-22
127116,2023-07-22
127117,2023-07-22
127118,2023-07-22
127119,2023-07-22
127120,2023-07-22
127121,2023-07-22
127122,2023-07-22
127123,2023-07-22
127124,2023-07-22
127125,2023-07-22
127126,2023-07-22
127127,2023-07-22
127128,2023-07-22
127129,2023-07-22
127130,2023-07-22
127131,2023-07-22
127132,2023-07-22
127133,2023-07-22
127134,2023-07-22
127135,2023-07-22
127136,2023-07-22
127137,2023-07-22
127138,2023-07-22
127140,2023-07-22
127142,2023-07-22
127143,2023-07-22
127144,2023-07-22
127145,2023-07-22
127146,2023-07-22
127150,2023-07-22
127151,2023-07-22
127152,2023-07-22
127153,2023-07-22
127154,2023-07-22
127155,2023-07-22
127156,2023-07-22
127157,2023-07-22
127158,2023-07-22
127160,2023-07-22
127161,2023-07-22
127162,2023-07-22
127163,2023-07-22
127164,2023-07-22
127165,2023-07-22
127166,2023-07-22
127167,2023-07-22
127168,2023-07-22
127169,2023-07-22
127170,2023-07-22
127171,2023-07-22
127172,2023-07-22
127173,2023-07-22
127174,2023-07-22
127175,2023-07-22
127176,2023-07-22
127177,2023-07-22
127178,2023-07-22
127180,2023-07-22
127181,2023-07-22
127182,2023-07-22
127183,2023-07-22
127188,2023-07-22
127189,2023-07-22
127191,2023-07-22
127192,2023-07-22
127193,2023-07-22
127194,2023-07-22
127195,2023-07-22
127196,2023-07-23
127197,2023-07-23
127198,2023-07-23
127199,2023-07-23
127200,2023-07-23
127201,2023-07-23
127204,2023-07-23
127205,2023-07-23
127206,2023-07-23
127207,2023-07-23
127208,2023-07-23
127209,2023-07-23
127210,2023-07-23
127211,2023-07-23
127212,2023-07-23
127213,2023-07-23
127214,2023-07-23
127215,2023-07-23
127217,2023-07-23
127218,2023-07-23
127219,2023-07-23
127220,2023-07-23
127221,2023-07-23
127222,2023-07-23
127223,2023-07-23
127224,2023-07-23
127225,2023-07-23
127226,2023-07-23
127227,2023-07-23
127228,2023-07-23
127229,2023-07-23
127230,2023-07-23
127231,2023-07-23
127232,2023-07-23
127233,2023-07-23
127234,2023-07-23
127235,2023-07-23
127236,2023-07-23
127237,2023-07-23
127238,2023-07-23
127239,2023-07-23
127240,2023-07-23
127241,2023-07-23
127242,2023-07-23
127243,2023-07-23
127244,2023-07-23
127245,2023-07-23
127246,2023-07-23
127247,2023-07-23
127248,2023-07-23
127249,2023-07-23
127250,2023-07-23
127251,2023-07-23
127252,2023-07-23
127253,2023-07-23
127254,2023-07-23
127255,2023-07-23
127256,2023-07-23
127257,2023-07-23
127258,2023-07-23
127259,2023-07-23
127260,2023-07-23
127261,2023-07-23
127262,2023-07-23
127263,2023-07-23
127264,2023-07-23
127265,2023-07-23
127266,2023-07-23
127267,2023-07-23
127270,2023-07-23
127271,2023-07-23
127272,2023-07-23
127273,2023-07-23
127274,2023-07-24
127276,2023-07-24
127277,2023-07-24
127278,2023-07-24
127279,2023-07-24
127280,2023-07-24
127282,2023-07-24
127283,2023-07-24
127284,2023-07-24
127285,2023-07-24
127288,2023-07-24
127289,2023-07-24
127290,2023-07-24
127291,2023-07-24
127292,2023-07-24
127293,2023-07-24
127294,2023-07-24
127295,2023-07-24
127296,2023-07-24
127297,2023-07-24
127298,2023-07-24
127299,2023-07-24
127300,2023-07-24
127302,2023-07-24
127303,2023-07-24
127304,2023-07-24
127305,2023-07-24
127306,2023-07-24
127307,2023-07-24
127308,2023-07-24
127309,2023-07-24
127310,2023-07-24
127311,2023-07-24
127312,2023-07-24
127313,2023-07-24
127314,2023-07-24
127315,2023-07-24
127316,2023-07-24
127317,2023-07-24
127318,2023-07-24
127319,2023-07-24
127320,2023-07-24
127321,2023-07-24
127322,2023-07-24
127323,2023-07-24
127324,2023-07-24
127325,2023-07-24
127326,2023-07-24
127327,2023-07-24
127328,2023-07-24
127329,2023-07-24
127330,2023-07-24
127331,2023-07-24
127332,2023-07-24
127333,2023-07-24
127334,2023-07-24
127335,2023-07-24
127336,2023-07-24
127337,2023-07-24
127338,2023-07-24
127339,2023-07-24
127340,2023-07-24
127341,2023-07-24
127342,2023-07-24
127344,2023-07-24
127345,2023-07-24
127346,2023-07-24
127347,2023-07-24
127348,2023-07-24
127349,2023-07-24
127350,2023-07-24
127351,2023-07-24
127352,2023-07-24
127353,2023-07-24
127354,2023-07-24
127355,2023-07-24
127356,2023-07-24
127358,2023-07-24
127359,2023-07-24
127360,2023-07-24
127361,2023-07-24
127362,2023-07-24
127363,2023-07-24
127364,2023-07-24
127365,2023-07-24
127366,2023-07-24
127367,2023-07-24
127368,2023-07-24
127369,2023-07-24
127370,2023-07-24
127371,2023-07-24
127372,2023-07-24
127373,2023-07-24
127374,2023-07-24
127375,2023-07-24
127376,2023-07-24
127377,2023-07-24
127378,2023-07-24
127379,2023-07-24
127380,2023-07-24
127381,2023-07-24
127382,2023-07-24
127383,2023-07-24
127384,2023-07-24
127385,2023-07-24
127386,2023-07-24
127387,2023-07-24
127388,2023-07-24
127389,2023-07-25
127391,2023-07-25
127393,2023-07-25
127394,2023-07-25
127395,2023-07-25
127398,2023-07-25
127399,2023-07-25
127400,2023-07-25
127402,2023-07-25
127403,2023-07-25
127404,2023-07-25
127405,2023-07-25
127406,2023-07-25
127407,2023-07-25
127408,2023-07-25
127412,2023-07-25
127413,2023-07-25
127414,2023-07-25
127415,2023-07-25
127416,2023-07-25
127417,2023-07-25
127418,2023-07-25
127419,2023-07-25
127420,2023-07-25
127421,2023-07-25
127422,2023-07-25
127423,2023-07-25
127424,2023-07-25
127425,2023-07-25
127426,2023-07-25
127427,2023-07-25
127428,2023-07-25
127429,2023-07-25
127430,2023-07-25
127433,2023-07-25
127436,2023-07-25
127437,2023-07-25
127438,2023-07-25
127439,2023-07-25
127440,2023-07-25
127441,2023-07-25
127442,2023-07-25
127443,2023-07-25
127445,2023-07-25
127446,2023-07-25
127447,2023-07-25
127448,2023-07-25
127449,2023-07-25
127450,2023-07-25
127451,2023-07-25
127452,2023-07-25
127453,2023-07-25
127454,2023-07-25
127455,2023-07-25
127456,2023-07-25
127458,2023-07-25
127459,2023-07-25
127460,2023-07-25
127461,2023-07-25
127462,2023-07-25
127463,2023-07-25
127464,2023-07-25
127465,2023-07-25
127466,2023-07-25
127467,2023-07-25
127468,2023-07-25
127469,2023-07-25
127470,2023-07-25
127471,2023-07-25
127473,2023-07-25
127474,2023-07-25
127475,2023-07-25
127476,2023-07-25
127477,2023-07-25
127478,2023-07-25
127479,2023-07-25
127480,2023-07-25
127481,2023-07-25
127482,2023-07-25
127483,2023-07-25
127484,2023-07-25
127485,2023-07-25
127486,2023-07-25
127487,2023-07-25
127488,2023-07-25
127489,2023-07-25
127490,2023-07-25
127491,2023-07-25
127492,2023-07-25
127493,2023-07-26
127494,2023-07-26
127495,2023-07-26
127496,2023-07-26
127497,2023-07-26
127501,2023-07-26
127502,2023-07-26
127504,2023-07-26
127505,2023-07-26
127506,2023-07-26
127507,2023-07-26
127508,2023-07-26
127509,2023-07-26
127510,2023-07-26
127511,2023-07-26
127512,2023-07-26
127513,2023-07-26
127514,2023-07-26
127515,2023-07-26
127516,2023-07-26
127518,2023-07-26
127519,2023-07-26
127520,2023-07-26
127521,2023-07-26
127522,2023-07-26
127523,2023-07-26
127524,2023-07-26
127525,2023-07-26
127526,2023-07-26
127527,2023-07-26
127528,2023-07-26
127529,2023-07-26
127530,2023-07-26
127531,2023-07-26
127532,2023-07-26
127533,2023-07-26
127534,2023-07-26
127535,2023-07-26
127536,2023-07-26
127537,2023-07-26
127538,2023-07-26
127539,2023-07-26
127540,2023-07-26
127541,2023-07-26
127542,2023-07-26
127543,2023-07-26
127544,2023-07-26
127545,2023-07-26
127546,2023-07-26
127547,2023-07-26
127548,2023-07-26
127549,2023-07-26
127551,2023-07-26
127552,2023-07-26
127553,2023-07-26
127554,2023-07-26
127563,2023-07-26
127564,2023-07-26
127565,2023-07-26
127566,2023-07-26
127567,2023-07-26
127568,2023-07-26
127569,2023-07-26
127570,2023-07-26
127571,2023-07-26
127572,2023-07-26
127573,2023-07-26
127574,2023-07-26
127575,2023-07-26
127576,2023-07-26
127577,2023-07-26
127578,2023-07-26
127579,2023-07-26
127580,2023-07-26
127581,2023-07-26
127582,2023-07-26
127585,2023-07-26
127587,2023-07-26
127588,2023-07-26
127592,2023-07-26
127593,2023-07-26
127595,2023-07-26
127596,2023-07-26
127597,2023-07-26
127598,2023-07-26
127600,2023-07-26
127603,2023-07-27
127604,2023-07-27
127605,2023-07-27
127606,2023-07-27
127609,2023-07-27
127610,2023-07-27
127611,2023-07-27
127612,2023-07-27
127613,2023-07-27
127614,2023-07-27
127615,2023-07-27
127616,2023-07-27
127618,2023-07-27
127619,2023-07-27
127620,2023-07-27
127621,2023-07-27
127622,2023-07-27
127624,2023-07-27
127625,2023-07-27
127626,2023-07-27
127627,2023-07-27
127628,2023-07-27
127629,2023-07-27
127630,2023-07-27
127631,2023-07-27
127632,2023-07-27
127633,2023-07-27
127634,2023-07-27
127637,2023-07-27
127638,2023-07-27
127641,2023-07-27
127642,2023-07-27
127643,2023-07-27
127648,2023-07-27
127649,2023-07-27
127654,2023-07-27
127658,2023-07-27
127659,2023-07-27
127660,2023-07-27
127661,2023-07-27
127662,2023-07-27
127663,2023-07-27
127666,2023-07-27
127667,2023-07-27
127668,2023-07-27
127669,2023-07-27
127670,2023-07-27
127671,2023-07-27
127672,2023-07-27
127673,2023-07-27
127674,2023-07-27
127675,2023-07-27
127676,2023-07-27
127677,2023-07-27
127678,2023-07-27
127679,2023-07-27
127680,2023-07-27
127681,2023-07-27
127682,2023-07-27
127683,2023-07-27
127684,2023-07-27
127685,2023-07-27
127686,2023-07-27
127687,2023-07-27
127688,2023-07-27
127691,2023-07-27
127692,2023-07-27
127693,2023-07-27
127694,2023-07-27
127695,2023-07-27
127696,2023-07-27
127697,2023-07-27
127699,2023-07-27
127700,2023-07-27
127702,2023-07-27
127703,2023-07-27
127704,2023-07-27
127705,2023-07-27
127706,2023-07-27
127707,2023-07-27
127708,2023-07-27
127709,2023-07-27
127710,2023-07-27
127711,2023-07-27
127712,2023-07-27
127713,2023-07-27
127714,2023-07-27
127715,2023-07-28
127716,2023-07-28
127717,2023-07-28
127718,2023-07-28
127719,2023-07-28
127722,2023-07-28
127723,2023-07-28
127724,2023-07-28
127725,2023-07-28
127726,2023-07-28
127727,2023-07-28
127728,2023-07-28
127729,2023-07-28
127730,2023-07-28
127731,2023-07-28
127732,2023-07-28
127733,2023-07-28
127735,2023-07-28
127736,2023-07-28
127741,2023-07-28
127742,2023-07-28
127743,2023-07-28
127744,2023-07-28
127745,2023-07-28
127746,2023-07-28
127747,2023-07-28
127748,2023-07-28
127749,2023-07-28
127750,2023-07-28
127751,2023-07-28
127752,2023-07-28
127753,2023-07-28
127754,2023-07-28
127755,2023-07-28
127756,2023-07-28
127757,2023-07-28
127758,2023-07-28
127759,2023-07-28
127760,2023-07-28
127761,2023-07-28
127762,2023-07-28
127763,2023-07-28
127764,2023-07-28
127765,2023-07-28
127766,2023-07-28
127767,2023-07-28
127768,2023-07-28
127769,2023-07-28
127770,2023-07-28
127771,2023-07-28
127773,2023-07-28
127774,2023-07-28
127775,2023-07-28
127776,2023-07-28
127778,2023-07-28
127781,2023-07-28
127782,2023-07-28
127784,2023-07-28
127785,2023-07-28
127786,2023-07-28
127787,2023-07-28
127788,2023-07-28
127789,2023-07-28
127790,2023-07-28
127791,2023-07-28
127792,2023-07-28
127793,2023-07-28
127794,2023-07-28
127795,2023-07-28
127796,2023-07-28
127797,2023-07-28
127798,2023-07-28
127799,2023-07-28
127800,2023-07-28
127801,2023-07-28
127802,2023-07-28
127803,2023-07-28
127804,2023-07-28
127805,2023-07-28
127806,2023-07-28
127807,2023-07-28
127808,2023-07-28
127809,2023-07-28
127810,2023-07-28
127811,2023-07-28
127812,2023-07-28
127813,2023-07-28
127814,2023-07-28
127815,2023-07-29
127816,2023-07-29
127817,2023-07-29
127818,2023-07-29
127819,2023-07-29
127823,2023-07-29
127824,2023-07-29
127825,2023-07-29
127826,2023-07-29
127827,2023-07-29
127828,2023-07-29
127830,2023-07-29
127831,2023-07-29
127832,2023-07-29
127833,2023-07-29
127834,2023-07-29
127836,2023-07-29
127837,2023-07-29
127838,2023-07-29
127839,2023-07-29
127840,2023-07-29
127841,2023-07-29
127842,2023-07-29
127843,2023-07-29
127844,2023-07-29
127845,2023-07-29
127846,2023-07-29
127847,2023-07-29
127848,2023-07-29
127849,2023-07-29
127850,2023-07-29
127851,2023-07-29
127852,2023-07-29
127853,2023-07-29
127854,2023-07-29
127855,2023-07-29
127856,2023-07-29
127857,2023-07-29
127858,2023-07-29
127860,2023-07-29
127861,2023-07-29
127862,2023-07-29
127863,2023-07-29
127864,2023-07-29
127865,2023-07-29
127866,2023-07-29
127867,2023-07-29
127868,2023-07-29
127869,2023-07-29
127870,2023-07-29
127871,2023-07-29
127872,2023-07-29
127873,2023-07-30
127874,2023-07-30
127875,2023-07-30
127876,2023-07-30
127877,2023-07-30
127880,2023-07-30
127881,2023-07-30
127882,2023-07-30
127883,2023-07-30
127884,2023-07-30
127885,2023-07-30
127887,2023-07-30
127888,2023-07-30
127889,2023-07-30
127890,2023-07-30
127891,2023-07-30
127892,2023-07-30
127893,2023-07-30
127894,2023-07-30
127895,2023-07-30
127896,2023-07-30
127897,2023-07-30
127898,2023-07-30
127899,2023-07-30
127900,2023-07-30
127901,2023-07-30
127902,2023-07-30
127903,2023-07-30
127904,2023-07-30
127905,2023-07-30
127906,2023-07-30
127907,2023-07-30
127908,2023-07-30
127909,2023-07-30
127910,2023-07-30
127911,2023-07-30
127912,2023-07-30
127913,2023-07-30
127914,2023-07-30
127915,2023-07-30
127916,2023-07-30
127917,2023-07-30
127918,2023-07-30
127919,2023-07-30
127920,2023-07-30
127921,2023-07-30
127922,2023-07-30
127923,2023-07-30
127924,2023-07-30
127925,2023-07-30
127926,2023-07-30
127927,2023-07-30
127928,2023-07-30
127929,2023-07-30
127930,2023-07-30
127931,2023-07-30
127932,2023-07-30
127933,2023-07-30
127934,2023-07-30
127935,2023-07-30
127936,2023-07-30
127937,2023-07-30
127938,2023-07-30
127939,2023-07-30
127940,2023-07-30
127941,2023-07-30
127942,2023-07-30
127943,2023-07-30
127944,2023-07-30
127945,2023-07-30
127946,2023-07-30
127947,2023-07-30
127948,2023-07-30
127949,2023-07-30
127951,2023-07-30
127952,2023-07-30
127953,2023-07-30
127954,2023-07-30
127955,2023-07-30
127956,2023-07-30
127957,2023-07-30
127958,2023-07-30
127959,2023-07-30
127960,2023-07-30
127961,2023-07-30
127962,2023-07-30
127964,2023-07-30
127965,2023-07-30
127966,2023-07-30
127967,2023-07-30
127968,2023-07-30
127969,2023-07-30
127970,2023-07-30
127971,2023-07-30
127972,2023-07-30
127973,2023-07-30
127974,2023-07-30
127975,2023-07-30
127976,2023-07-30
127977,2023-07-30
127978,2023-07-30
127979,2023-07-30
127980,2023-07-30
127981,2023-07-30
127982,2023-07-30
127983,2023-07-30
127984,2023-07-30
127985,2023-07-30
127986,2023-07-30
127987,2023-07-30
127988,2023-07-30
127989,2023-07-30
127990,2023-07-30
127991,2023-07-30
127992,2023-07-30
127993,2023-07-30
127994,2023-07-30
127995,2023-07-30
127996,2023-07-30
127997,2023-07-30
127998,2023-07-30
127999,2023-07-30
128000,2023-07-30
128001,2023-07-30
128002,2023-07-30
128003,2023-07-30
128004,2023-07-30
128005,2023-07-30
128006,2023-07-30
128007,2023-07-30
128008,2023-07-30
128009,2023-07-30
128010,2023-07-30
128011,2023-07-30
128012,2023-07-30
128013,2023-07-30
128014,2023-07-30
128015,2023-07-30
128016,2023-07-30
128017,2023-07-30
128018,2023-07-30
128019,2023-07-30
128020,2023-07-30
128021,2023-07-30
128022,2023-07-30
128023,2023-07-30
128024,2023-07-30
128025,2023-07-30
128026,2023-07-30
128027,2023-07-30
128028,2023-07-30
128029,2023-07-30
128030,2023-07-30
128031,2023-07-30
128032,2023-07-30
128033,2023-07-31
128034,2023-07-31
128035,2023-07-31
128036,2023-07-31
128037,2023-07-31
128038,2023-07-31
128041,2023-07-31
128042,2023-07-31
128043,2023-07-31
128044,2023-07-31
128045,2023-07-31
128046,2023-07-31
128047,2023-07-31
128048,2023-07-31
128049,2023-07-31
128050,2023-07-31
128051,2023-07-31
128052,2023-07-31
128053,2023-07-31
128054,2023-07-31
128055,2023-07-31
128056,2023-07-31
128057,2023-07-31
128058,2023-07-31
128059,2023-07-31
128060,2023-07-31
128061,2023-07-31
128062,2023-07-31
128063,2023-07-31
128064,2023-07-31
128065,2023-07-31
128066,2023-07-31
128067,2023-07-31
128069,2023-07-31
128070,2023-07-31
128071,2023-07-31
128072,2023-07-31
128073,2023-07-31
128074,2023-07-31
128075,2023-07-31
128076,2023-07-31
128078,2023-07-31
128079,2023-07-31
128081,2023-07-31
128082,2023-07-31
128083,2023-07-31
128084,2023-07-31
128085,2023-07-31
128086,2023-07-31
128087,2023-07-31
128088,2023-07-31
128089,2023-07-31
128090,2023-07-31
128091,2023-07-31
128092,2023-07-31
128093,2023-07-31
128094,2023-07-31
128095,2023-07-31
128096,2023-07-31
128097,2023-07-31
128098,2023-07-31
128100,2023-07-31
128101,2023-07-31
128104,2023-07-31
128106,2023-07-31
128107,2023-07-31
128108,2023-07-31
128109,2023-07-31
128110,2023-07-31
128111,2023-07-31
128112,2023-07-31
128113,2023-07-31
128114,2023-07-31
128115,2023-07-31
128116,2023-07-31
128117,2023-07-31
128118,2023-07-31
128119,2023-07-31
128120,2023-07-31
128121,2023-07-31
128122,2023-07-31
128123,2023-07-31
128124,2023-07-31
128125,2023-07-31
128126,2023-07-31
128127,2023-07-31
128128,2023-07-31
128129,2023-07-31
128130,2023-07-31
128131,2023-07-31
128132,2023-07-31
128133,2023-07-31
128134,2023-07-31
128135,2023-07-31
128137,2023-07-31
128138,2023-07-31
128139,2023-07-31
128140,2023-07-31
128141,2023-07-31
128143,2023-07-31
128144,2023-07-31
128145,2023-07-31
128146,2023-07-31
128147,2023-07-31
128148,2023-07-31
128149,2023-07-31
128150,2023-07-31
128151,2023-07-31
128152,2023-07-31
128154,2023-07-31
128155,2023-07-31
128156,2023-07-31
128157,2023-07-31
128158,2023-07-31
128159,2023-07-31
128160,2023-07-31
128161,2023-07-31
128162,2023-08-01
128163,2023-08-01
128164,2023-08-01
128165,2023-08-01
128166,2023-08-01
128167,2023-08-01
128168,2023-08-01
128172,2023-08-01
128173,2023-08-01
128174,2023-08-01
128175,2023-08-01
128176,2023-08-01
128177,2023-08-01
128180,2023-08-01
128181,2023-08-01
128183,2023-08-01
128185,2023-08-01
128187,2023-08-01
128188,2023-08-01
128189,2023-08-01
128190,2023-08-01
128191,2023-08-01
128192,2023-08-01
128193,2023-08-01
128194,2023-08-01
128195,2023-08-01
128196,2023-08-01
128197,2023-08-01
128198,2023-08-01
128199,2023-08-01
128200,2023-08-01
128201,2023-08-01
128202,2023-08-01
128203,2023-08-01
128204,2023-08-01
128205,2023-08-01
128207,2023-08-01
128208,2023-08-01
128209,2023-08-01
128210,2023-08-01
128211,2023-08-01
128212,2023-08-01
128213,2023-08-01
128214,2023-08-01
128215,2023-08-01
128218,2023-08-01
128219,2023-08-01
128220,2023-08-01
128222,2023-08-01
128223,2023-08-01
128224,2023-08-01
128225,2023-08-01
128226,2023-08-01
128227,2023-08-01
128228,2023-08-01
128230,2023-08-01
128231,2023-08-01
128232,2023-08-01
128233,2023-08-01
128234,2023-08-01
128235,2023-08-01
128237,2023-08-01
128241,2023-08-01
128242,2023-08-01
128243,2023-08-01
128244,2023-08-01
128245,2023-08-01
128246,2023-08-01
128247,2023-08-01
128248,2023-08-01
128249,2023-08-01
128250,2023-08-01
128251,2023-08-01
128252,2023-08-01
128253,2023-08-01
128254,2023-08-01
128255,2023-08-01
128256,2023-08-01
128257,2023-08-01
128258,2023-08-01
128259,2023-08-01
128260,2023-08-01
128261,2023-08-01
128262,2023-08-01
128263,2023-08-01
128264,2023-08-01
128265,2023-08-01
128266,2023-08-01
128267,2023-08-01
128268,2023-08-01
128269,2023-08-01
128270,2023-08-01
128272,2023-08-01
128273,2023-08-02
128274,2023-08-02
128275,2023-08-02
128276,2023-08-02
128277,2023-08-02
128278,2023-08-02
128281,2023-08-02
128282,2023-08-02
128284,2023-08-02
128285,2023-08-02
128286,2023-08-02
128287,2023-08-02
128288,2023-08-02
128289,2023-08-02
128290,2023-08-02
128291,2023-08-02
128292,2023-08-02
128293,2023-08-02
128294,2023-08-02
128295,2023-08-02
128296,2023-08-02
128297,2023-08-02
128298,2023-08-02
128299,2023-08-02
128300,2023-08-02
128301,2023-08-02
128302,2023-08-02
128303,2023-08-02
128304,2023-08-02
128305,2023-08-02
128306,2023-08-02
128307,2023-08-02
128308,2023-08-02
128309,2023-08-02
128310,2023-08-02
128312,2023-08-02
128313,2023-08-02
128314,2023-08-02
128315,2023-08-02
128316,2023-08-02
128317,2023-08-02
128318,2023-08-02
128319,2023-08-02
128320,2023-08-02
128321,2023-08-02
128322,2023-08-02
128323,2023-08-02
128324,2023-08-02
128325,2023-08-02
128326,2023-08-02
128327,2023-08-02
128328,2023-08-02
128329,2023-08-02
128330,2023-08-02
128331,2023-08-02
128332,2023-08-02
128333,2023-08-02
128334,2023-08-02
128335,2023-08-02
128336,2023-08-02
128337,2023-08-02
128338,2023-08-02
128339,2023-08-02
128340,2023-08-02
128341,2023-08-02
128343,2023-08-02
128344,2023-08-02
128345,2023-08-02
128348,2023-08-02
128349,2023-08-02
128350,2023-08-02
128351,2023-08-02
128352,2023-08-02
128353,2023-08-02
128354,2023-08-02
128355,2023-08-02
128356,2023-08-02
128357,2023-08-02
128358,2023-08-02
128359,2023-08-02
128360,2023-08-02
128361,2023-08-02
128362,2023-08-02
128363,2023-08-02
128364,2023-08-02
128365,2023-08-02
128366,2023-08-02
128367,2023-08-03
128368,2023-08-03
128369,2023-08-03
128370,2023-08-03
128373,2023-08-03
128374,2023-08-03
128375,2023-08-03
128376,2023-08-03
128377,2023-08-03
128378,2023-08-03
128379,2023-08-03
128380,2023-08-03
128381,2023-08-03
128383,2023-08-03
128384,2023-08-03
128385,2023-08-03
128387,2023-08-03
128388,2023-08-03
128389,2023-08-03
128390,2023-08-03
128392,2023-08-03
128393,2023-08-03
128394,2023-08-03
128395,2023-08-03
128396,2023-08-03
128397,2023-08-03
128398,2023-08-03
128399,2023-08-03
128400,2023-08-03
128402,2023-08-03
128403,2023-08-03
128404,2023-08-03
128405,2023-08-03
128406,2023-08-03
128407,2023-08-03
128408,2023-08-03
128409,2023-08-03
128410,2023-08-03
128411,2023-08-03
128412,2023-08-03
128413,2023-08-03
128415,2023-08-03
128416,2023-08-03
128417,2023-08-03
128418,2023-08-03
128421,2023-08-03
128422,2023-08-03
128423,2023-08-03
128424,2023-08-03
128425,2023-08-03
128426,2023-08-03
128427,2023-08-03
128428,2023-08-03
128429,2023-08-03
128431,2023-08-03
128432,2023-08-03
128433,2023-08-03
128434,2023-08-03
128435,2023-08-03
128436,2023-08-03
128437,2023-08-03
128438,2023-08-03
128439,2023-08-03
128440,2023-08-03
128441,2023-08-03
128442,2023-08-03
128443,2023-08-03
128444,2023-08-03
128445,2023-08-03
128447,2023-08-03
128448,2023-08-03
128449,2023-08-03
128450,2023-08-03
128452,2023-08-03
128453,2023-08-03
128455,2023-08-03
128457,2023-08-03
128459,2023-08-03
128460,2023-08-03
128461,2023-08-03
128462,2023-08-03
128463,2023-08-03
128464,2023-08-03
128465,2023-08-03
128466,2023-08-03
128467,2023-08-03
128468,2023-08-03
128469,2023-08-03
128470,2023-08-03
128471,2023-08-03
128472,2023-08-03
128474,2023-08-04
128475,2023-08-04
128476,2023-08-04
128477,2023-08-04
128478,2023-08-04
128479,2023-08-04
128482,2023-08-04
128483,2023-08-04
128484,2023-08-04
128485,2023-08-04
128486,2023-08-04
128487,2023-08-04
128488,2023-08-04
128489,2023-08-04
128490,2023-08-04
128491,2023-08-04
128492,2023-08-04
128493,2023-08-04
128494,2023-08-04
128495,2023-08-04
128496,2023-08-04
128498,2023-08-04
128500,2023-08-04
128501,2023-08-04
128503,2023-08-04
128504,2023-08-04
128505,2023-08-04
128506,2023-08-04
128507,2023-08-04
128508,2023-08-04
128510,2023-08-04
128511,2023-08-04
128512,2023-08-04
128513,2023-08-04
128514,2023-08-04
128516,2023-08-04
128517,2023-08-04
128518,2023-08-04
128519,2023-08-04
128520,2023-08-04
128521,2023-08-04
128522,2023-08-04
128523,2023-08-04
128524,2023-08-04
128525,2023-08-04
128526,2023-08-04
128528,2023-08-04
128529,2023-08-04
128530,2023-08-04
128531,2023-08-04
128532,2023-08-04
128533,2023-08-04
128534,2023-08-04
128535,2023-08-04
128536,2023-08-04
128537,2023-08-04
128539,2023-08-04
128540,2023-08-04
128541,2023-08-04
128542,2023-08-04
128543,2023-08-04
128544,2023-08-04
128545,2023-08-04
128546,2023-08-04
128547,2023-08-04
128548,2023-08-04
128549,2023-08-04
128550,2023-08-04
128551,2023-08-04
128552,2023-08-04
128553,2023-08-04
128554,2023-08-04
128555,2023-08-04
128556,2023-08-04
128557,2023-08-04
128558,2023-08-04
128559,2023-08-04
128560,2023-08-04
128561,2023-08-04
128562,2023-08-04
128563,2023-08-04
128564,2023-08-04
128566,2023-08-04
128567,2023-08-04
128568,2023-08-04
128569,2023-08-04
128570,2023-08-05
128571,2023-08-05
128572,2023-08-05
128573,2023-08-05
128574,2023-08-05
128575,2023-08-05
128576,2023-08-05
128579,2023-08-05
128580,2023-08-05
128581,2023-08-05
128582,2023-08-05
128583,2023-08-05
128584,2023-08-05
128585,2023-08-05
128586,2023-08-05
128587,2023-08-05
128588,2023-08-05
128589,2023-08-05
128590,2023-08-05
128591,2023-08-05
128592,2023-08-05
128593,2023-08-05
128594,2023-08-05
128595,2023-08-05
128596,2023-08-05
128597,2023-08-05
128598,2023-08-05
128599,2023-08-05
128600,2023-08-05
128601,2023-08-05
128602,2023-08-05
128603,2023-08-05
128604,2023-08-05
128605,2023-08-05
128606,2023-08-05
128607,2023-08-05
128608,2023-08-05
128609,2023-08-05
128610,2023-08-05
128611,2023-08-05
128612,2023-08-05
128613,2023-08-05
128614,2023-08-05
128615,2023-08-05
128616,2023-08-05
128617,2023-08-05
128618,2023-08-05
128619,2023-08-05
128620,2023-08-05
128621,2023-08-05
128622,2023-08-05
128623,2023-08-05
128624,2023-08-05
128625,2023-08-05
128626,2023-08-05
128627,2023-08-05
128628,2023-08-05
128629,2023-08-05
128630,2023-08-05
128631,2023-08-05
128632,2023-08-05
128633,2023-08-05
128634,2023-08-05
128635,2023-08-05
128636,2023-08-05
128637,2023-08-05
128638,2023-08-05
128639,2023-08-05
128640,2023-08-05
128641,2023-08-05
128642,2023-08-05
128643,2023-08-05
128644,2023-08-05
128646,2023-08-05
128647,2023-08-05
128648,2023-08-05
128649,2023-08-05
128650,2023-08-05
128651,2023-08-05
128652,2023-08-05
128653,2023-08-05
128654,2023-08-05
128655,2023-08-05
128656,2023-08-05
128657,2023-08-05
128658,2023-08-05
128659,2023-08-05
128660,2023-08-05
128661,2023-08-05
128662,2023-08-05
128663,2023-08-05
128664,2023-08-05
128665,2023-08-05
128666,2023-08-05
128667,2023-08-05
128668,2023-08-05
128669,2023-08-05
128670,2023-08-05
128671,2023-08-05
128672,2023-08-05
128673,2023-08-05
128674,2023-08-05
128675,2023-08-05
128676,2023-08-05
128677,2023-08-05
128678,2023-08-05
128679,2023-08-05
128680,2023-08-06
128681,2023-08-06
128683,2023-08-06
128684,2023-08-06
128685,2023-08-06
128686,2023-08-06
128687,2023-08-06
128690,2023-08-06
128691,2023-08-06
128693,2023-08-06
128694,2023-08-06
128695,2023-08-06
128696,2023-08-06
128697,2023-08-06
128698,2023-08-06
128699,2023-08-06
128700,2023-08-06
128701,2023-08-06
128702,2023-08-06
128703,2023-08-06
128704,2023-08-06
128705,2023-08-06
128706,2023-08-06
128707,2023-08-06
128708,2023-08-06
128709,2023-08-06
128710,2023-08-06
128711,2023-08-06
128712,2023-08-06
128713,2023-08-06
128714,2023-08-06
128715,2023-08-06
128716,2023-08-06
128717,2023-08-06
128718,2023-08-06
128719,2023-08-06
128720,2023-08-06
128721,2023-08-06
128722,2023-08-06
128723,2023-08-06
128724,2023-08-06
128725,2023-08-06
128726,2023-08-06
128727,2023-08-06
128728,2023-08-06
128729,2023-08-06
128730,2023-08-06
128731,2023-08-06
128732,2023-08-06
128733,2023-08-06
128734,2023-08-06
128735,2023-08-06
128736,2023-08-06
128737,2023-08-06
128738,2023-08-06
128739,2023-08-06
128740,2023-08-06
128741,2023-08-06
128742,2023-08-06
128743,2023-08-06
128744,2023-08-06
128745,2023-08-06
128746,2023-08-06
128747,2023-08-06
128748,2023-08-06
128749,2023-08-06
128750,2023-08-06
128751,2023-08-06
128752,2023-08-06
128753,2023-08-06
128754,2023-08-06
128755,2023-08-06
128756,2023-08-06
128757,2023-08-06
128758,2023-08-06
128759,2023-08-06
128760,2023-08-06
128761,2023-08-06
128762,2023-08-06
128763,2023-08-06
128764,2023-08-06
128765,2023-08-06
128766,2023-08-06
128767,2023-08-06
128768,2023-08-06
128769,2023-08-06
128770,2023-08-06
128771,2023-08-06
128772,2023-08-06
128773,2023-08-06
128774,2023-08-06
128775,2023-08-06
128776,2023-08-06
128777,2023-08-07
128778,2023-08-07
128779,2023-08-07
128780,2023-08-07
128781,2023-08-07
128782,2023-08-07
128785,2023-08-07
128786,2023-08-07
128787,2023-08-07
128788,2023-08-07
128789,2023-08-07
128790,2023-08-07
128791,2023-08-07
128792,2023-08-07
128793,2023-08-07
128794,2023-08-07
128795,2023-08-07
128796,2023-08-07
128797,2023-08-07
128798,2023-08-07
128799,2023-08-07
128800,2023-08-07
128801,2023-08-07
128802,2023-08-07
128803,2023-08-07
128804,2023-08-07
128805,2023-08-07
128806,2023-08-07
128807,2023-08-07
128808,2023-08-07
128809,2023-08-07
128810,2023-08-07
128811,2023-08-07
128812,2023-08-07
128813,2023-08-07
128814,2023-08-07
128815,2023-08-07
128816,2023-08-07
128817,2023-08-07
128818,2023-08-07
128819,2023-08-07
128820,2023-08-07
128821,2023-08-07
128822,2023-08-07
128823,2023-08-07
128824,2023-08-07
128825,2023-08-07
128826,2023-08-07
128827,2023-08-07
128828,2023-08-07
128829,2023-08-07
128830,2023-08-07
128832,2023-08-07
128833,2023-08-07
128834,2023-08-07
128835,2023-08-07
128836,2023-08-07
128837,2023-08-07
128838,2023-08-07
128839,2023-08-07
128840,2023-08-07
128841,2023-08-07
128842,2023-08-07
128843,2023-08-07
128844,2023-08-07
128845,2023-08-07
128846,2023-08-07
128847,2023-08-07
128848,2023-08-07
128849,2023-08-07
128850,2023-08-07
128851,2023-08-07
128852,2023-08-07
128853,2023-08-07
128854,2023-08-07
128855,2023-08-07
128856,2023-08-07
128857,2023-08-07
128858,2023-08-07
128859,2023-08-07
128860,2023-08-07
128861,2023-08-07
128862,2023-08-07
128863,2023-08-07
128865,2023-08-07
128866,2023-08-07
128867,2023-08-07
128868,2023-08-07
128869,2023-08-07
128871,2023-08-07
128872,2023-08-07
128873,2023-08-07
128874,2023-08-07
128875,2023-08-07
128876,2023-08-07
128877,2023-08-07
128878,2023-08-07
128879,2023-08-07
128880,2023-08-07
128881,2023-08-07
128882,2023-08-08
128883,2023-08-08
128884,2023-08-08
128885,2023-08-08
128886,2023-08-08
128887,2023-08-08
128888,2023-08-08
128889,2023-08-08
128892,2023-08-08
128893,2023-08-08
128894,2023-08-08
128895,2023-08-08
128896,2023-08-08
128897,2023-08-08
128898,2023-08-08
128899,2023-08-08
128900,2023-08-08
128901,2023-08-08
128902,2023-08-08
128903,2023-08-08
128904,2023-08-08
128905,2023-08-08
128906,2023-08-08
128907,2023-08-08
128908,2023-08-08
128909,2023-08-08
128910,2023-08-08
128911,2023-08-08
128912,2023-08-08
128913,2023-08-08
128914,2023-08-08
128915,2023-08-08
128916,2023-08-08
128917,2023-08-08
128918,2023-08-08
128919,2023-08-08
128920,2023-08-08
128921,2023-08-08
128922,2023-08-08
128923,2023-08-08
128924,2023-08-08
128925,2023-08-08
128926,2023-08-08
128927,2023-08-08
128928,2023-08-08
128930,2023-08-08
128931,2023-08-08
128932,2023-08-08
128934,2023-08-08
128935,2023-08-08
128936,2023-08-08
128937,2023-08-08
128938,2023-08-08
128939,2023-08-08
128940,2023-08-08
128941,2023-08-08
128942,2023-08-08
128943,2023-08-08
128944,2023-08-08
128945,2023-08-08
128946,2023-08-08
128947,2023-08-08
128948,2023-08-08
128949,2023-08-08
128951,2023-08-08
128952,2023-08-08
128953,2023-08-08
128954,2023-08-08
128955,2023-08-08
128956,2023-08-08
128957,2023-08-08
128958,2023-08-08
128959,2023-08-08
128961,2023-08-08
128962,2023-08-08
128963,2023-08-08
128964,2023-08-08
128965,2023-08-08
128966,2023-08-08
128967,2023-08-08
128968,2023-08-08
128969,2023-08-08
128970,2023-08-08
128971,2023-08-08
128972,2023-08-08
128973,2023-08-08
128974,2023-08-08
128975,2023-08-08
128976,2023-08-08
128977,2023-08-08
128978,2023-08-08
128979,2023-08-08
128980,2023-08-08
128981,2023-08-08
128982,2023-08-08
128983,2023-08-08
128984,2023-08-08
128985,2023-08-08
128987,2023-08-08
128988,2023-08-08
128989,2023-08-08
128990,2023-08-08
128991,2023-08-08
128992,2023-08-08
128993,2023-08-08
128994,2023-08-08
128995,2023-08-08
128996,2023-08-08
128997,2023-08-09
128998,2023-08-09
128999,2023-08-09
129000,2023-08-09
129001,2023-08-09
129002,2023-08-09
129003,2023-08-09
129004,2023-08-09
129005,2023-08-09
129008,2023-08-09
129009,2023-08-09
129010,2023-08-09
129011,2023-08-09
129012,2023-08-09
129013,2023-08-09
129014,2023-08-09
129015,2023-08-09
129016,2023-08-09
129017,2023-08-09
129018,2023-08-09
129019,2023-08-09
129020,2023-08-09
129021,2023-08-09
129022,2023-08-09
129023,2023-08-09
129024,2023-08-09
129026,2023-08-09
129027,2023-08-09
129028,2023-08-09
129029,2023-08-09
129030,2023-08-09
129031,2023-08-09
129035,2023-08-09
129036,2023-08-09
129037,2023-08-09
129038,2023-08-09
129039,2023-08-09
129040,2023-08-09
129041,2023-08-09
129042,2023-08-09
129043,2023-08-09
129044,2023-08-09
129045,2023-08-09
129046,2023-08-09
129047,2023-08-09
129048,2023-08-09
129049,2023-08-09
129050,2023-08-09
129051,2023-08-09
129052,2023-08-09
129053,2023-08-09
129054,2023-08-09
129055,2023-08-09
129056,2023-08-09
129057,2023-08-09
129058,2023-08-09
129059,2023-08-09
129060,2023-08-09
129061,2023-08-09
129062,2023-08-09
129063,2023-08-09
129065,2023-08-09
129066,2023-08-09
129068,2023-08-09
129069,2023-08-09
129070,2023-08-09
129072,2023-08-09
129073,2023-08-09
129074,2023-08-09
129076,2023-08-09
129077,2023-08-09
129078,2023-08-09
129079,2023-08-09
129080,2023-08-09
129081,2023-08-09
129082,2023-08-09
129083,2023-08-09
129084,2023-08-09
129086,2023-08-09
129087,2023-08-09
129088,2023-08-09
129089,2023-08-09
129090,2023-08-09
129091,2023-08-09
129092,2023-08-09
129093,2023-08-09
129094,2023-08-09
129095,2023-08-09
129096,2023-08-09
129097,2023-08-10
129098,2023-08-10
129099,2023-08-10
129100,2023-08-10
129101,2023-08-10
129105,2023-08-10
129106,2023-08-10
129107,2023-08-10
129108,2023-08-10
129109,2023-08-10
129110,2023-08-10
129111,2023-08-10
129112,2023-08-10
129113,2023-08-10
129114,2023-08-10
129115,2023-08-10
129116,2023-08-10
129117,2023-08-10
129118,2023-08-10
129119,2023-08-10
129120,2023-08-10
129121,2023-08-10
129122,2023-08-10
129123,2023-08-10
129124,2023-08-10
129125,2023-08-10
129126,2023-08-10
129127,2023-08-10
129128,2023-08-10
129130,2023-08-10
129131,2023-08-10
129132,2023-08-10
129133,2023-08-10
129134,2023-08-10
129135,2023-08-10
129136,2023-08-10
129137,2023-08-10
129138,2023-08-10
129139,2023-08-10
129140,2023-08-10
129141,2023-08-10
129142,2023-08-10
129143,2023-08-10
129144,2023-08-10
129146,2023-08-10
129147,2023-08-10
129148,2023-08-10
129150,2023-08-10
129151,2023-08-10
129152,2023-08-10
129153,2023-08-10
129154,2023-08-10
129155,2023-08-10
129156,2023-08-10
129157,2023-08-10
129158,2023-08-10
129159,2023-08-10
129160,2023-08-10
129314,2023-12-08
129315,2023-12-08
129316,2023-12-08
129317,2023-12-08
129318,2023-12-08
129319,2023-12-08
129320,2023-12-08
129321,2023-12-08
129322,2023-12-08
129323,2023-12-08
129324,2023-12-08
129325,2023-12-08
129329,2023-12-08
129330,2023-12-08
129331,2023-12-08
129332,2023-12-08
129333,2023-12-08
129334,2023-12-08
129335,2023-12-08
129336,2023-12-09
129337,2023-12-09
129338,2023-12-09
129339,2023-12-09
129340,2023-12-09
129341,2023-12-09
129342,2023-12-09
129344,2023-12-09
129345,2023-12-09
129346,2023-12-09
129347,2023-12-09
129348,2023-12-09
129349,2023-12-09
129350,2023-12-09
129351,2023-12-09
129352,2023-12-09
129353,2023-12-09
129354,2023-12-09
129355,2023-12-09
129356,2023-12-09
129357,2023-12-09
129358,2023-12-09
129359,2023-12-11
129360,2023-12-11
129361,2023-12-11
129362,2023-12-11
129363,2023-12-11
129364,2023-12-11
129365,2023-12-11
129366,2023-12-11
129367,2023-12-11
129368,2023-12-12
129369,2023-12-12
129370,2023-12-12
129371,2023-12-12
129376,2023-12-12
129377,2023-12-12
129378,2023-12-12
129379,2023-12-12
129380,2023-12-13
129381,2023-12-13
129382,2023-12-13
129383,2023-12-13
129384,2023-12-13
129385,2023-12-13
129388,2023-12-13
129390,2023-12-13
129391,2023-12-13
129392,2023-12-13
129393,2023-12-13
129394,2023-12-13
129395,2023-12-13
129408,2023-12-13
129409,2023-12-13
129410,2023-12-14
129411,2023-12-14
129412,2023-12-14
129413,2023-12-14
129426,2023-12-14
129427,2023-12-14
129429,2023-12-14
129435,2023-12-14
129436,2023-12-14
129437,2023-12-14
129438,2023-12-14
129439,2023-12-14
129440,2023-12-14
129441,2023-12-14
129442,2023-12-14
129443,2023-12-14
129444,2023-12-14
129445,2023-12-14
129446,2023-12-14
129448,2023-12-14
129449,2023-12-14
129450,2023-12-14
129451,2023-12-14
129452,2023-12-14
129453,2023-12-14
129455,2023-12-14
129456,2023-12-14
129457,2023-12-14
129459,2023-12-14
129460,2023-12-14
129462,2023-12-14
129463,2023-12-14
129464,2023-12-14
129465,2023-12-14
129466,2023-12-14
129467,2023-12-14
129468,2023-12-14
129470,2023-12-14
129472,2023-12-14
129474,2023-12-14
129477,2023-12-14
129478,2023-12-15
129479,2023-12-15
129480,2023-12-15
129481,2023-12-15
129482,2023-12-15
129485,2023-12-15
129486,2023-12-15
129487,2023-12-15
129488,2023-12-15
129489,2023-12-15
129490,2023-12-15
129491,2023-12-15
129492,2023-12-15
129494,2023-12-15
129495,2023-12-15
129496,2023-12-15
129497,2023-12-15
129498,2023-12-15
129500,2023-12-15
129501,2023-12-15
129502,2023-12-15
129503,2023-12-15
129504,2023-12-15
129505,2023-12-15
129506,2023-12-15
129507,2023-12-15
129508,2023-12-15
129509,2023-12-15
129510,2023-12-15
129511,2023-12-15
129512,2023-12-15
129513,2023-12-15
129514,2023-12-15
129515,2023-12-15
129516,2023-12-15
129517,2023-12-15
129518,2023-12-15
129519,2023-12-15
129520,2023-12-15
129522,2023-12-15
129523,2023-12-15
129524,2023-12-15
129525,2023-12-15
129526,2023-12-15
129527,2023-12-15
129528,2023-12-15
129529,2023-12-15
129530,2023-12-15
129531,2023-12-15
129532,2023-12-15
129533,2023-12-15
129534,2023-12-15
129535,2023-12-15
129536,2023-12-15
129537,2023-12-15
129539,2023-12-15
129540,2023-12-15
129541,2023-12-15
129542,2023-12-15
129543,2023-12-15
129544,2023-12-15
129545,2023-12-15
129546,2023-12-15
129547,2023-12-15
129548,2023-12-15
129549,2023-12-15
129550,2023-12-15
129551,2023-12-15
129552,2023-12-15
129553,2023-12-15
129554,2023-12-15
129555,2023-12-15
129556,2023-12-16
129557,2023-12-16
129558,2023-12-16
129559,2023-12-16
129562,2023-12-16
129563,2023-12-16
129564,2023-12-16
129565,2023-12-16
129566,2023-12-16
129567,2023-12-16
129568,2023-12-16
129569,2023-12-16
129570,2023-12-16
129571,2023-12-16
129572,2023-12-16
129573,2023-12-16
129574,2023-12-16
129575,2023-12-16
129576,2023-12-16
129577,2023-12-16
129578,2023-12-16
129579,2023-12-16
129580,2023-12-16
129581,2023-12-16
129582,2023-12-16
129583,2023-12-16
129584,2023-12-16
129585,2023-12-16
129586,2023-12-16
129587,2023-12-16
129588,2023-12-16
129589,2023-12-16
129590,2023-12-16
129591,2023-12-16
129592,2023-12-16
129593,2023-12-16
129594,2023-12-16
129595,2023-12-16
129596,2023-12-16
129597,2023-12-16
129598,2023-12-16
129599,2023-12-16
129600,2023-12-16
129601,2023-12-16
129602,2023-12-16
129603,2023-12-16
129604,2023-12-16
129605,2023-12-16
129607,2023-12-16
129608,2023-12-16
129609,2023-12-16
129610,2023-12-16
129611,2023-12-16
129612,2023-12-16
129613,2023-12-16
129614,2023-12-16
129615,2023-12-16
129616,2023-12-16
129617,2023-12-16
129618,2023-12-16
129620,2023-12-16
129621,2023-12-16
129622,2023-12-16
129623,2023-12-16
129624,2023-12-16
129625,2023-12-16
129626,2023-12-16
129627,2023-12-16
129628,2023-12-16
129629,2023-12-16
129630,2023-12-16
129631,2023-12-16
129632,2023-12-16
129633,2023-12-16
129634,2023-12-16
129635,2023-12-16
129636,2023-12-16
129637,2023-12-16
129638,2023-12-16
129639,2023-12-16
129640,2023-12-16
129641,2023-12-16
129642,2023-12-16
129644,2023-12-16
129645,2023-12-16
129646,2023-12-16
129647,2023-12-16
129649,2023-12-16
129650,2023-12-16
129651,2023-12-16
129652,2023-12-16
129653,2023-12-16
129654,2023-12-16
129655,2023-12-17
129656,2023-12-17
129657,2023-12-17
129658,2023-12-17
129661,2023-12-17
129662,2023-12-17
129663,2023-12-17
129664,2023-12-17
129665,2023-12-17
129666,2023-12-17
129667,2023-12-17
129668,2023-12-17
129669,2023-12-17
129670,2023-12-17
129671,2023-12-17
129672,2023-12-17
129673,2023-12-17
129674,2023-12-17
129675,2023-12-17
129676,2023-12-17
129677,2023-12-17
129678,2023-12-17
129679,2023-12-17
129680,2023-12-17
129681,2023-12-17
129682,2023-12-17
129683,2023-12-17
129684,2023-12-17
129685,2023-12-17
129686,2023-12-17
129687,2023-12-17
129688,2023-12-17
129689,2023-12-17
129690,2023-12-17
129691,2023-12-17
129692,2023-12-17
129693,2023-12-17
129694,2023-12-17
129695,2023-12-17
129696,2023-12-17
129697,2023-12-17
129698,2023-12-17
129699,2023-12-17
129700,2023-12-17
129701,2023-12-17
129702,2023-12-17
129703,2023-12-17
129704,2023-12-17
129705,2023-12-17
129706,2023-12-17
129707,2023-12-17
129708,2023-12-17
129709,2023-12-17
129710,2023-12-17
129711,2023-12-17
129712,2023-12-17
129713,2023-12-17
129714,2023-12-17
129715,2023-12-17
129716,2023-12-17
129717,2023-12-17
129718,2023-12-17
129719,2023-12-17
129720,2023-12-17
129721,2023-12-17
129722,2023-12-17
129723,2023-12-17
129724,2023-12-17
129725,2023-12-17
129726,2023-12-17
129727,2023-12-17
129728,2023-12-17
129729,2023-12-17
129730,2023-12-17
129731,2023-12-17
129733,2023-12-17
129734,2023-12-17
129735,2023-12-17
129736,2023-12-17
129737,2023-12-17
129738,2023-12-17
129739,2023-12-17
129740,2023-12-17
129741,2023-12-17
129742,2023-12-17
129743,2023-12-17
129744,2023-12-17
129745,2023-12-17
129746,2023-12-17
129747,2023-12-17
129748,2023-12-17
129749,2023-12-17
129750,2023-12-17
129751,2023-12-17
129752,2023-12-17
129753,2023-12-17
129754,2023-12-17
129755,2023-12-17
129756,2023-12-17
129757,2023-12-17
129758,2023-12-17
129759,2023-12-17
129760,2023-12-17
129761,2023-12-17
129762,2023-12-17
129763,2023-12-17
129764,2023-12-17
129765,2023-12-17
129766,2023-12-17
129767,2023-12-17
129768,2023-12-17
129769,2023-12-17
129770,2023-12-17
129771,2023-12-17
129772,2023-12-18
129773,2023-12-18
129774,2023-12-18
129775,2023-12-18
129778,2023-12-18
129779,2023-12-18
129780,2023-12-18
129781,2023-12-18
129782,2023-12-18
129783,2023-12-18
129784,2023-12-18
129785,2023-12-18
129786,2023-12-18
129787,2023-12-18
129788,2023-12-18
129789,2023-12-18
129790,2023-12-18
129791,2023-12-18
129792,2023-12-18
129793,2023-12-18
129794,2023-12-18
129795,2023-12-18
129796,2023-12-18
129797,2023-12-18
129798,2023-12-18
129799,2023-12-18
129800,2023-12-18
129801,2023-12-18
129802,2023-12-18
129803,2023-12-18
129804,2023-12-18
129805,2023-12-18
129807,2023-12-18
129808,2023-12-18
129809,2023-12-18
129810,2023-12-18
129811,2023-12-18
129812,2023-12-18
129814,2023-12-18
129815,2023-12-18
129816,2023-12-18
129817,2023-12-18
129822,2023-12-18
129823,2023-12-18
129824,2023-12-18
129825,2023-12-18
129826,2023-12-18
129829,2023-12-18
129830,2023-12-18
129831,2023-12-18
129832,2023-12-18
129833,2023-12-18
129834,2023-12-18
129835,2023-12-18
129836,2023-12-18
129837,2023-12-18
129838,2023-12-18
129839,2023-12-18
129840,2023-12-18
129841,2023-12-18
129843,2023-12-18
129845,2023-12-18
129846,2023-12-18
129847,2023-12-18
129848,2023-12-18
129849,2023-12-18
129850,2023-12-18
129851,2023-12-18
129852,2023-12-18
129853,2023-12-18
129854,2023-12-18
129855,2023-12-18
129856,2023-12-18
129857,2023-12-18
129858,2023-12-18
129859,2023-12-18
129861,2023-12-18
129862,2023-12-18
129863,2023-12-18
129864,2023-12-18
129865,2023-12-18
129866,2023-12-18
129867,2023-12-18
129868,2023-12-18
129869,2023-12-18
129870,2023-12-18
129871,2023-12-18
129872,2023-12-18
129873,2023-12-18
129874,2023-12-18
129875,2023-12-18
129876,2023-12-18
129877,2023-12-18
129878,2023-12-18
129879,2023-12-18
129880,2023-12-18
129881,2023-12-19
129882,2023-12-19
129883,2023-12-19
129889,2023-12-19
129890,2023-12-19
129891,2023-12-19
129892,2023-12-19
129893,2023-12-19
129894,2023-12-19
129895,2023-12-19
129896,2023-12-19
129897,2023-12-19
129898,2023-12-19
129899,2023-12-19
129900,2023-12-19
129901,2023-12-19
129902,2023-12-19
129903,2023-12-19
129904,2023-12-19
129905,2023-12-19
129906,2023-12-19
129907,2023-12-19
129909,2023-12-19
129911,2023-12-19
129912,2023-12-19
129913,2023-12-19
129914,2023-12-19
129915,2023-12-19
129916,2023-12-19
129917,2023-12-19
129918,2023-12-19
129919,2023-12-19
129920,2023-12-19
129921,2023-12-19
129923,2023-12-19
129924,2023-12-19
129925,2023-12-19
129926,2023-12-19
129927,2023-12-19
129928,2023-12-19
129929,2023-12-19
129930,2023-12-19
129931,2023-12-19
129932,2023-12-19
129933,2023-12-19
129934,2023-12-19
129935,2023-12-19
129936,2023-12-19
129937,2023-12-19
129938,2023-12-19
129939,2023-12-19
129940,2023-12-19
129941,2023-12-19
129942,2023-12-20
129943,2023-12-20
129944,2023-12-20
129945,2023-12-20
129948,2023-12-20
129949,2023-12-20
129950,2023-12-20
129951,2023-12-20
129952,2023-12-20
129953,2023-12-20
129954,2023-12-20
129955,2023-12-20
129956,2023-12-20
129957,2023-12-20
129958,2023-12-20
129959,2023-12-20
129960,2023-12-20
129961,2023-12-20
129962,2023-12-20
129963,2023-12-20
129964,2023-12-20
129965,2023-12-20
129966,2023-12-20
129967,2023-12-20
129968,2023-12-20
129970,2023-12-20
129971,2023-12-20
129972,2023-12-20
129973,2023-12-20
129974,2023-12-20
129975,2023-12-20
129976,2023-12-20
129977,2023-12-20
129978,2023-12-20
129979,2023-12-20
129980,2023-12-20
129981,2023-12-20
129982,2023-12-20
129983,2023-12-20
129984,2023-12-20
129985,2023-12-20
129986,2023-12-20
129987,2023-12-20
129988,2023-12-20
129989,2023-12-20
129990,2023-12-20
129991,2023-12-20
129992,2023-12-20
129993,2023-12-20
129994,2023-12-20
129995,2023-12-20
129996,2023-12-20
129997,2023-12-20
129998,2023-12-20
129999,2023-12-20
130000,2023-12-20
130001,2023-12-20
130002,2023-12-20
130003,2023-12-20
130004,2023-12-20
130005,2023-12-20
130006,2023-12-20
130007,2023-12-20
130008,2023-12-20
130009,2023-12-20
130010,2023-12-20
130011,2023-12-20
130012,2023-12-20
130013,2023-12-20
130014,2023-12-20
130015,2023-12-20
130016,2023-12-20
130017,2023-12-20
130019,2023-12-20
130020,2023-12-20
130021,2023-12-20
130022,2023-12-20
130023,2023-12-20
130024,2023-12-20
130025,2023-12-20
130026,2023-12-20
130027,2023-12-20
130028,2023-12-20
130029,2023-12-20
130030,2023-12-20
130031,2023-12-20
130032,2023-12-20
130033,2023-12-20
130034,2023-12-20
130035,2023-12-20
130036,2023-12-20
130037,2023-12-20
130039,2023-12-20
130040,2023-12-20
130041,2023-12-20
130042,2023-12-20
130043,2023-12-20
130044,2023-12-20
130045,2023-12-20
130046,2023-12-20
130047,2023-12-20
130048,2023-12-20
130049,2023-12-20
130050,2023-12-20
130051,2023-12-20
130052,2023-12-20
130053,2023-12-20
130054,2023-12-20
130055,2023-12-20
130056,2023-12-20
130057,2023-12-20
130058,2023-12-20
130059,2023-12-20
130060,2023-12-20
130061,2023-12-20
130062,2023-12-20
130063,2023-12-20
130064,2023-12-20
130065,2023-12-20
130066,2023-12-20
130067,2023-12-20
130068,2023-12-20
130069,2023-12-20
130070,2023-12-20
130071,2023-12-20
130072,2023-12-20
130073,2023-12-20
130074,2023-12-20
130075,2023-12-20
130076,2023-12-20
130077,2023-12-20
130078,2023-12-20
130079,2023-12-20
130081,2023-12-20
130082,2023-12-21
130083,2023-12-21
130084,2023-12-21
130085,2023-12-21
130088,2023-12-21
130089,2023-12-21
130090,2023-12-21
130091,2023-12-21
130092,2023-12-21
130093,2023-12-21
130094,2023-12-21
130096,2023-12-21
130097,2023-12-21
130098,2023-12-21
130099,2023-12-21
130100,2023-12-21
130101,2023-12-21
130102,2023-12-21
130103,2023-12-21
130104,2023-12-21
130105,2023-12-21
130106,2023-12-21
130107,2023-12-21
130108,2023-12-21
130109,2023-12-21
130111,2023-12-21
130112,2023-12-21
130113,2023-12-21
130114,2023-12-21
130115,2023-12-21
130116,2023-12-21
130117,2023-12-21
130118,2023-12-21
130119,2023-12-21
130120,2023-12-21
130121,2023-12-21
130122,2023-12-21
130123,2023-12-21
130124,2023-12-21
130125,2023-12-21
130127,2023-12-21
130128,2023-12-21
130129,2023-12-21
130130,2023-12-21
130132,2023-12-21
130133,2023-12-21
130134,2023-12-21
130135,2023-12-21
130137,2023-12-21
130140,2023-12-21
130144,2023-12-21
130145,2023-12-21
130146,2023-12-21
130147,2023-12-21
130148,2023-12-21
130149,2023-12-21
130150,2023-12-21
130152,2023-12-21
130153,2023-12-21
130154,2023-12-21
130155,2023-12-21
130156,2023-12-21
130157,2023-12-21
130159,2023-12-21
130160,2023-12-21
130161,2023-12-21
130162,2023-12-21
130163,2023-12-21
130164,2023-12-21
130165,2023-12-21
130166,2023-12-21
130167,2023-12-21
130168,2023-12-21
130169,2023-12-21
130170,2023-12-21
130171,2023-12-21
130172,2023-12-21
130173,2023-12-21
130174,2023-12-21
130175,2023-12-21
130176,2023-12-21
130178,2023-12-21
130179,2023-12-21
130180,2023-12-21
130181,2023-12-21
130183,2023-12-21
130184,2023-12-21
130185,2023-12-21
130186,2023-12-21
130187,2023-12-21
130188,2023-12-21
130189,2023-12-21
130190,2023-12-21
130191,2023-12-22
130192,2023-12-22
130193,2023-12-22
130194,2023-12-22
130197,2023-12-22
130198,2023-12-22
130199,2023-12-22
130200,2023-12-22
130201,2023-12-22
130202,2023-12-22
130203,2023-12-22
130204,2023-12-22
130205,2023-12-22
130206,2023-12-22
130207,2023-12-22
130208,2023-12-22
130209,2023-12-22
130210,2023-12-22
130211,2023-12-22
130212,2023-12-22
130213,2023-12-22
130214,2023-12-22
130216,2023-12-22
130217,2023-12-22
130219,2023-12-22
130220,2023-12-22
130221,2023-12-22
130222,2023-12-22
130223,2023-12-22
130224,2023-12-22
130225,2023-12-22
130226,2023-12-22
130227,2023-12-22
130228,2023-12-22
130229,2023-12-22
130230,2023-12-22
130231,2023-12-22
130232,2023-12-22
130233,2023-12-22
130234,2023-12-22
130235,2023-12-22
130236,2023-12-22
130237,2023-12-22
130238,2023-12-22
130239,2023-12-22
130240,2023-12-22
130241,2023-12-22
130242,2023-12-22
130243,2023-12-22
130244,2023-12-22
130245,2023-12-22
130246,2023-12-22
130248,2023-12-22
130249,2023-12-22
130250,2023-12-22
130251,2023-12-22
130252,2023-12-22
130253,2023-12-22
130254,2023-12-22
130255,2023-12-22
130256,2023-12-22
130257,2023-12-22
130258,2023-12-22
130259,2023-12-22
130260,2023-12-22
130261,2023-12-22
130262,2023-12-22
130263,2023-12-22
130264,2023-12-22
130265,2023-12-22
130266,2023-12-22
130267,2023-12-22
130268,2023-12-22
130269,2023-12-22
130270,2023-12-22
130271,2023-12-22
130272,2023-12-22
130273,2023-12-22
130274,2023-12-22
130275,2023-12-22
130276,2023-12-22
130277,2023-12-22
130278,2023-12-22
130279,2023-12-22
130280,2023-12-22
130281,2023-12-22
130282,2023-12-22
130283,2023-12-22
130284,2023-12-22
130285,2023-12-22
130286,2023-12-22
130287,2023-12-22
130288,2023-12-22
130289,2023-12-22
130290,2023-12-22
130291,2023-12-22
130292,2023-12-22
130293,2023-12-22
130294,2023-12-22
130295,2023-12-22
130296,2023-12-22
130297,2023-12-22
130298,2023-12-22
130299,2023-12-22
130300,2023-12-22
130301,2023-12-22
130302,2023-12-22
130303,2023-12-22
130304,2023-12-22
130305,2023-12-22
130306,2023-12-22
130307,2023-12-22
130308,2023-12-22
130309,2023-12-22
130310,2023-12-22
130311,2023-12-22
130312,2023-12-22
130313,2023-12-22
130314,2023-12-22
130315,2023-12-23
130316,2023-12-23
130317,2023-12-23
130318,2023-12-23
130321,2023-12-23
130322,2023-12-23
130323,2023-12-23
130324,2023-12-23
130325,2023-12-23
130326,2023-12-23
130327,2023-12-23
130328,2023-12-23
130329,2023-12-23
130330,2023-12-23
130331,2023-12-23
130332,2023-12-23
130333,2023-12-23
130334,2023-12-23
130335,2023-12-23
130336,2023-12-23
130337,2023-12-23
130338,2023-12-23
130339,2023-12-23
130340,2023-12-23
130341,2023-12-23
130342,2023-12-23
130343,2023-12-23
130344,2023-12-23
130345,2023-12-23
130346,2023-12-23
130347,2023-12-23
130348,2023-12-23
130349,2023-12-23
130350,2023-12-23
130351,2023-12-23
130352,2023-12-23
130353,2023-12-23
130354,2023-12-23
130355,2023-12-23
130356,2023-12-23
130357,2023-12-23
130358,2023-12-23
130359,2023-12-23
130360,2023-12-23
130361,2023-12-23
130362,2023-12-23
130363,2023-12-23
130364,2023-12-23
130365,2023-12-23
130366,2023-12-23
130367,2023-12-23
130368,2023-12-23
130369,2023-12-23
130370,2023-12-23
130371,2023-12-23
130372,2023-12-23
130373,2023-12-23
130374,2023-12-23
130375,2023-12-23
130376,2023-12-23
130377,2023-12-23
130378,2023-12-23
130379,2023-12-23
130380,2023-12-23
130381,2023-12-23
130382,2023-12-23
130383,2023-12-23
130384,2023-12-23
130385,2023-12-23
130386,2023-12-23
130387,2023-12-23
130388,2023-12-23
130389,2023-12-23
130390,2023-12-23
130391,2023-12-23
130392,2023-12-23
130393,2023-12-23
130394,2023-12-23
130395,2023-12-23
130396,2023-12-23
130397,2023-12-23
130398,2023-12-23
130399,2023-12-23
130400,2023-12-23
130401,2023-12-23
130402,2023-12-23
130403,2023-12-23
130404,2023-12-23
130405,2023-12-23
130406,2023-12-23
130407,2023-12-23
130408,2023-12-23
130409,2023-12-23
130410,2023-12-23
130411,2023-12-23
130412,2023-12-23
130413,2023-12-23
130414,2023-12-23
130416,2023-12-23
130417,2023-12-24
130418,2023-12-24
130419,2023-12-24
130420,2023-12-24
130423,2023-12-24
130425,2023-12-24
130426,2023-12-24
130427,2023-12-24
130428,2023-12-24
130429,2023-12-24
130430,2023-12-24
130431,2023-12-24
130432,2023-12-24
130433,2023-12-24
130434,2023-12-24
130435,2023-12-24
130436,2023-12-24
130437,2023-12-24
130438,2023-12-24
130439,2023-12-24
130440,2023-12-24
130441,2023-12-24
130442,2023-12-24
130443,2023-12-24
130445,2023-12-24
130446,2023-12-24
130448,2023-12-24
130449,2023-12-24
130450,2023-12-24
130451,2023-12-24
130452,2023-12-24
130453,2023-12-24
130454,2023-12-24
130455,2023-12-24
130456,2023-12-24
130457,2023-12-24
130458,2023-12-24
130459,2023-12-24
130460,2023-12-24
130461,2023-12-24
130462,2023-12-24
130463,2023-12-24
130464,2023-12-24
130465,2023-12-24
130466,2023-12-24
130467,2023-12-24
130468,2023-12-24
130470,2023-12-24
130471,2023-12-24
130472,2023-12-24
130473,2023-12-24
130474,2023-12-24
130476,2023-12-24
130477,2023-12-24
130478,2023-12-24
130479,2023-12-24
130480,2023-12-24
130481,2023-12-24
130482,2023-12-24
130483,2023-12-24
130484,2023-12-25
130485,2023-12-25
130486,2023-12-25
130487,2023-12-25
130490,2023-12-25
130491,2023-12-25
130492,2023-12-25
130493,2023-12-25
130494,2023-12-25
130495,2023-12-25
130496,2023-12-25
130497,2023-12-25
130498,2023-12-25
130499,2023-12-25
130500,2023-12-25
130501,2023-12-25
130502,2023-12-25
130503,2023-12-25
130504,2023-12-25
130505,2023-12-25
130506,2023-12-25
130507,2023-12-25
130508,2023-12-25
130509,2023-12-25
130510,2023-12-25
130511,2023-12-25
130512,2023-12-25
130513,2023-12-25
130514,2023-12-25
130515,2023-12-25
130516,2023-12-25
130517,2023-12-25
130518,2023-12-25
130519,2023-12-25
130520,2023-12-26
130521,2023-12-26
130522,2023-12-26
130523,2023-12-26
130526,2023-12-26
130527,2023-12-26
130528,2023-12-26
130529,2023-12-26
130530,2023-12-26
130531,2023-12-26
130532,2023-12-26
130533,2023-12-26
130534,2023-12-26
130535,2023-12-26
130536,2023-12-26
130537,2023-12-26
130538,2023-12-26
130540,2023-12-26
130541,2023-12-26
130542,2023-12-26
130543,2023-12-26
130544,2023-12-26
130545,2023-12-26
130546,2023-12-26
130547,2023-12-26
130548,2023-12-26
130549,2023-12-26
130550,2023-12-26
130551,2023-12-26
130552,2023-12-26
130553,2023-12-26
130554,2023-12-26
130555,2023-12-26
130556,2023-12-26
130557,2023-12-26
130558,2023-12-26
130559,2023-12-26
130560,2023-12-26
130561,2023-12-26
130562,2023-12-26
130563,2023-12-26
130564,2023-12-26
130565,2023-12-26
130566,2023-12-26
130567,2023-12-26
130568,2023-12-26
130569,2023-12-26
130570,2023-12-26
130571,2023-12-26
130572,2023-12-26
130573,2023-12-26
130574,2023-12-26
130575,2023-12-26
130576,2023-12-26
130577,2023-12-26
130578,2023-12-26
130579,2023-12-26
130581,2023-12-26
130582,2023-12-26
130583,2023-12-26
130584,2023-12-26
130585,2023-12-26
130586,2023-12-26
130587,2023-12-26
130588,2023-12-26
130589,2023-12-26
130590,2023-12-26
130591,2023-12-26
130592,2023-12-26
130593,2023-12-26
130594,2023-12-26
130595,2023-12-26
130596,2023-12-26
130597,2023-12-26
130598,2023-12-26
130599,2023-12-26
130600,2023-12-26
130601,2023-12-26
130602,2023-12-26
130603,2023-12-26
130604,2023-12-26
130605,2023-12-27
130606,2023-12-27
130607,2023-12-27
130608,2023-12-27
130609,2023-12-27
130613,2023-12-27
130614,2023-12-27
130615,2023-12-27
130616,2023-12-27
130617,2023-12-27
130618,2023-12-27
130619,2023-12-27
130620,2023-12-27
130621,2023-12-27
130622,2023-12-27
130623,2023-12-27
130624,2023-12-27
130625,2023-12-27
130626,2023-12-27
130627,2023-12-27
130628,2023-12-27
130629,2023-12-27
130630,2023-12-27
130631,2023-12-27
130632,2023-12-27
130633,2023-12-27
130634,2023-12-27
130635,2023-12-27
130636,2023-12-27
130637,2023-12-27
130638,2023-12-27
130639,2023-12-27
130640,2023-12-27
130641,2023-12-27
130642,2023-12-27
130643,2023-12-27
130644,2023-12-27
130645,2023-12-27
130646,2023-12-27
130647,2023-12-27
130648,2023-12-27
130649,2023-12-27
130650,2023-12-27
130651,2023-12-27
130652,2023-12-27
130653,2023-12-27
130654,2023-12-27
130655,2023-12-27
130656,2023-12-27
130657,2023-12-27
130658,2023-12-27
130659,2023-12-27
130660,2023-12-27
130661,2023-12-27
130662,2023-12-27
130663,2023-12-27
130664,2023-12-27
130665,2023-12-27
130666,2023-12-27
130667,2023-12-27
130668,2023-12-27
130669,2023-12-27
130670,2023-12-27
130671,2023-12-27
130672,2023-12-27
130673,2023-12-28
130674,2023-12-28
130675,2023-12-28
130676,2023-12-28
130679,2023-12-28
130680,2023-12-28
130681,2023-12-28
130682,2023-12-28
130683,2023-12-28
130684,2023-12-28
130685,2023-12-28
130686,2023-12-28
130687,2023-12-28
130688,2023-12-28
130689,2023-12-28
130690,2023-12-28
130691,2023-12-28
130692,2023-12-28
130693,2023-12-28
130694,2023-12-28
130695,2023-12-28
130696,2023-12-28
130697,2023-12-28
130698,2023-12-28
130699,2023-12-28
130700,2023-12-28
130701,2023-12-28
130702,2023-12-28
130703,2023-12-28
130704,2023-12-28
130705,2023-12-28
130706,2023-12-28
130707,2023-12-28
130709,2023-12-28
130710,2023-12-28
130711,2023-12-28
130712,2023-12-28
130713,2023-12-28
130714,2023-12-28
130715,2023-12-28
130716,2023-12-28
130717,2023-12-28
130718,2023-12-28
130719,2023-12-28
130720,2023-12-28
130721,2023-12-28
130722,2023-12-28
130723,2023-12-28
130724,2023-12-28
130725,2023-12-28
130726,2023-12-28
130727,2023-12-28
130728,2023-12-28
130729,2023-12-28
130730,2023-12-28
130731,2023-12-28
130732,2023-12-28
130733,2023-12-28
130734,2023-12-28
130735,2023-12-28
130736,2023-12-28
130737,2023-12-28
130738,2023-12-28
130739,2023-12-28
130740,2023-12-28
130741,2023-12-28
130742,2023-12-28
130743,2023-12-28
130744,2023-12-28
130745,2023-12-28
130746,2023-12-30
130747,2023-12-30
130748,2023-12-30
130749,2023-12-30
130752,2023-12-30
130753,2023-12-30
130755,2023-12-30
130756,2023-12-30
130757,2023-12-30
130758,2023-12-30
130759,2023-12-30
130760,2023-12-30
130761,2023-12-30
130762,2023-12-30
130763,2023-12-30
130764,2023-12-30
130765,2023-12-30
130766,2023-12-30
130767,2023-12-30
130768,2023-12-30
130769,2023-12-30
130770,2023-12-30
130771,2023-12-30
130772,2023-12-30
130773,2023-12-30
130774,2023-12-30
130775,2023-12-30
130776,2023-12-30
130777,2023-12-30
130778,2023-12-30
130779,2023-12-30
130780,2023-12-30
130781,2023-12-30
130782,2023-12-30
130783,2023-12-30
130784,2023-12-30
130785,2023-12-31
130786,2023-12-31
130787,2023-12-31
130788,2023-12-31
130791,2023-12-31
130792,2023-12-31
130793,2023-12-31
130794,2023-12-31
130795,2023-12-31
130796,2023-12-31
130797,2023-12-31
130798,2023-12-31
130799,2023-12-31
130800,2023-12-31
130801,2023-12-31
130802,2023-12-31
130803,2023-12-31
130804,2023-12-31
130805,2023-12-31
130806,2023-12-31
130807,2023-12-31
130808,2023-12-31
130809,2023-12-31
130810,2023-12-31
130811,2023-12-31
130812,2023-12-31
130813,2023-12-31
130814,2023-12-31
130815,2023-12-31
130816,2023-12-31
130817,2023-12-31
130818,2024-01-01
130819,2024-01-01
130820,2024-01-01
130821,2024-01-01
130824,2024-01-01
130825,2024-01-01
130826,2024-01-01
130827,2024-01-01
130828,2024-01-01
130829,2024-01-01
130830,2024-01-01
130832,2024-01-01
130833,2024-01-01
130834,2024-01-01
130835,2024-01-01
130836,2024-01-01
130837,2024-01-01
130838,2024-01-01
130839,2024-01-01
130840,2024-01-01
130841,2024-01-01
130842,2024-01-01
130843,2024-01-01
130844,2024-01-01
130845,2024-01-01
130846,2024-01-01
130847,2024-01-01
130848,2024-01-01
130849,2024-01-01
130850,2024-01-01
130851,2024-01-01
130852,2024-01-01
130853,2024-01-01
130854,2024-01-01
130855,2024-01-01
130856,2024-01-01
130857,2024-01-01
130858,2024-01-01
130859,2024-01-01
130860,2024-01-01
130861,2024-01-01
130862,2024-01-01
130863,2024-01-01
130864,2024-01-01
130865,2024-01-01
130866,2024-01-01
130867,2024-01-01
130868,2024-01-01
130869,2024-01-01
130870,2024-01-01
130871,2024-01-01
130872,2024-01-01
130873,2024-01-01
130874,2024-01-01
130875,2024-01-01
130876,2024-01-01
130877,2024-01-01
130878,2024-01-01
130879,2024-01-01
130880,2024-01-01
130881,2024-01-01
130882,2024-01-01
130883,2024-01-01
130884,2024-01-01
130885,2024-01-01
130886,2024-01-01
130887,2024-01-01
130888,2024-01-01
130889,2024-01-01
130890,2024-01-01
130891,2024-01-01
130892,2024-01-01
130893,2024-01-01
130894,2024-01-01
130895,2024-01-01
130896,2024-01-01
130897,2024-01-01
130898,2024-01-01
130900,2024-01-01
130901,2024-01-01
130902,2024-01-01
130903,2024-01-02
130904,2024-01-02
130905,2024-01-02
130906,2024-01-02
130909,2024-01-02
130910,2024-01-02
130911,2024-01-02
130912,2024-01-02
130913,2024-01-02
130914,2024-01-02
130915,2024-01-02
130916,2024-01-02
130917,2024-01-02
130918,2024-01-02
130919,2024-01-02
130920,2024-01-02
130921,2024-01-02
130922,2024-01-02
130923,2024-01-02
130924,2024-01-02
130925,2024-01-02
130926,2024-01-02
130927,2024-01-02
130929,2024-01-02
130930,2024-01-02
130931,2024-01-02
130932,2024-01-02
130933,2024-01-02
130934,2024-01-02
130935,2024-01-02
130936,2024-01-02
130937,2024-01-02
130938,2024-01-02
130939,2024-01-02
130940,2024-01-02
130941,2024-01-02
130942,2024-01-02
130943,2024-01-02
130944,2024-01-02
130945,2024-01-02
130946,2024-01-02
130947,2024-01-02
130948,2024-01-02
130949,2024-01-02
130950,2024-01-02
130951,2024-01-02
130952,2024-01-02
130953,2024-01-02
130954,2024-01-02
130955,2024-01-02
130956,2024-01-02
130957,2024-01-02
130958,2024-01-02
130959,2024-01-02
130960,2024-01-02
130961,2024-01-02
130962,2024-01-02
130963,2024-01-02
130964,2024-01-02
130965,2024-01-02
130967,2024-01-02
130968,2024-01-02
130969,2024-01-02
130970,2024-01-02
130973,2024-01-02
130974,2024-01-02
130975,2024-01-03
130976,2024-01-03
130977,2024-01-03
130978,2024-01-03
130979,2024-01-03
130980,2024-01-03
130981,2024-01-03
130982,2024-01-03
130983,2024-01-03
130984,2024-01-03
130985,2024-01-03
130986,2024-01-03
130987,2024-01-03
130988,2024-01-03
130989,2024-01-03
130990,2024-01-03
130991,2024-01-03
130992,2024-01-03
130993,2024-01-03
130994,2024-01-03
130995,2024-01-03
130996,2024-01-03
130997,2024-01-03
130998,2024-01-03
130999,2024-01-03
131000,2024-01-03
131001,2024-01-03
131002,2024-01-03
131003,2024-01-03
131004,2024-01-03
131005,2024-01-03
131006,2024-01-03
131007,2024-01-03
131008,2024-01-03
131009,2024-01-03
131010,2024-01-03
131011,2024-01-03
131012,2024-01-03
131013,2024-01-03
131014,2024-01-03
131015,2024-01-03
131016,2024-01-03
131017,2024-01-03
131018,2024-01-03
131019,2024-01-03
131020,2024-01-03
131021,2024-01-03
131022,2024-01-03
131023,2024-01-03
131024,2024-01-03
131025,2024-01-03
131026,2024-01-03
131027,2024-01-03
131028,2024-01-03
131029,2024-01-03
131030,2024-01-03
131031,2024-01-03
131032,2024-01-03
131033,2024-01-03
131034,2024-01-03
131035,2024-01-03
131036,2024-01-03
131037,2024-01-03
131038,2024-01-03
131039,2024-01-03
131040,2024-01-03
131041,2024-01-03
131042,2024-01-03
131043,2024-01-03
131044,2024-01-04
131045,2024-01-04
131046,2024-01-04
131047,2024-01-04
131048,2024-01-04
131049,2024-01-04
131050,2024-01-04
131051,2024-01-04
131052,2024-01-04
131053,2024-01-04
131054,2024-01-04
131055,2024-01-04
131056,2024-01-04
131057,2024-01-04
131058,2024-01-04
131059,2024-01-04
131060,2024-01-04
131061,2024-01-04
131062,2024-01-04
131063,2024-01-04
131064,2024-01-04
131065,2024-01-04
131066,2024-01-04
131067,2024-01-04
131068,2024-01-04
131069,2024-01-04
131070,2024-01-04
131071,2024-01-04
131072,2024-01-04
131073,2024-01-04
131074,2024-01-04
131075,2024-01-04
131076,2024-01-04
131077,2024-01-04
131078,2024-01-04
131079,2024-01-04
131080,2024-01-04
131081,2024-01-04
131082,2024-01-04
131083,2024-01-04
131084,2024-01-04
131085,2024-01-04
131086,2024-01-05
131087,2024-01-05
131088,2024-01-05
131089,2024-01-05
131090,2024-01-05
131091,2024-01-05
131092,2024-01-05
131093,2024-01-05
131094,2024-01-05
131095,2024-01-05
131096,2024-01-05
131097,2024-01-05
131098,2024-01-05
131099,2024-01-05
131100,2024-01-05
131101,2024-01-05
131102,2024-01-05
131103,2024-01-05
131104,2024-01-05
131105,2024-01-05
131106,2024-01-05
131108,2024-01-05
131109,2024-01-05
131110,2024-01-05
131111,2024-01-05
131112,2024-01-05
131113,2024-01-05
131114,2024-01-05
131115,2024-01-05
131116,2024-01-05
131117,2024-01-05
131118,2024-01-05
131119,2024-01-05
131120,2024-01-05
131121,2024-01-05
131123,2024-01-05
131124,2024-01-05
131125,2024-01-05
131126,2024-01-05
131127,2024-01-05
131128,2024-01-05
131129,2024-01-05
131130,2024-01-05
131131,2024-01-05
131132,2024-01-05
131133,2024-01-05
131135,2024-01-05
131136,2024-01-05
131137,2024-01-05
131138,2024-01-05
131139,2024-01-05
131140,2024-01-05
131141,2024-01-05
131142,2024-01-05
131143,2024-01-05
131144,2024-01-05
131145,2024-01-05
131146,2024-01-05
131147,2024-01-05
131148,2024-01-05
131149,2024-01-05
131150,2024-01-06
131151,2024-01-06
131152,2024-01-06
131153,2024-01-06
131154,2024-01-06
131155,2024-01-06
131156,2024-01-06
131157,2024-01-06
131158,2024-01-06
131159,2024-01-06
131160,2024-01-06
131161,2024-01-06
131162,2024-01-06
131163,2024-01-06
131164,2024-01-06
131165,2024-01-06
131166,2024-01-06
131167,2024-01-06
131168,2024-01-06
131169,2024-01-06
131170,2024-01-06
131171,2024-01-06
131172,2024-01-06
131173,2024-01-06
131174,2024-01-06
131175,2024-01-06
131176,2024-01-06
131177,2024-01-06
131178,2024-01-06
131179,2024-01-06
131180,2024-01-06
131181,2024-01-06
131182,2024-01-06
131183,2024-01-06
131184,2024-01-06
131185,2024-01-06
131186,2024-01-06
131187,2024-01-06
131188,2024-01-06
131189,2024-01-06
131190,2024-01-06
131191,2024-01-06
131192,2024-01-06
131193,2024-01-06
131194,2024-01-06
131195,2024-01-06
131196,2024-01-06
131197,2024-01-06
131198,2024-01-06
131199,2024-01-06
131200,2024-01-06
131201,2024-01-06
131202,2024-01-06
131203,2024-01-06
131204,2024-01-06
131205,2024-01-06
131206,2024-01-06
131207,2024-01-06
131208,2024-01-06
131209,2024-01-06
131210,2024-01-06
131211,2024-01-06
131212,2024-01-06
131213,2024-01-06
131214,2024-01-06
131215,2024-01-06
131216,2024-01-06
131217,2024-01-06
131218,2024-01-06
131219,2024-01-06
131220,2024-01-06
131221,2024-01-06
131222,2024-01-06
131223,2024-01-06
131224,2024-01-06
131225,2024-01-06
131226,2024-01-06
131227,2024-01-06
131228,2024-01-06
131229,2024-01-06
131230,2024-01-06
131232,2024-01-08
131233,2024-01-08
131234,2024-01-08
131235,2024-01-08
131236,2024-01-08
131237,2024-01-08
131238,2024-01-08
131239,2024-01-08
131240,2024-01-08
131241,2024-01-08
131242,2024-01-08
131243,2024-01-08
131244,2024-01-08
131245,2024-01-08
131246,2024-01-08
131247,2024-01-08
131248,2024-01-08
131249,2024-01-08
131251,2024-01-08
131252,2024-01-08
131253,2024-01-08
131254,2024-01-08
131255,2024-01-08
131256,2024-01-08
131257,2024-01-08
131258,2024-01-08
131259,2024-01-08
131260,2024-01-08
131261,2024-01-09
131262,2024-01-09
131263,2024-01-09
131264,2024-01-09
131265,2024-01-09
131266,2024-01-09
131268,2024-01-09
131269,2024-01-09
131270,2024-01-09
131271,2024-01-09
131272,2024-01-09
131273,2024-01-09
131274,2024-01-09
131275,2024-01-09
131276,2024-01-09
131277,2024-01-09
131278,2024-01-09
131279,2024-01-09
131280,2024-01-09
131281,2024-01-09
131282,2024-01-09
131283,2024-01-09
131284,2024-01-09
131285,2024-01-09
131286,2024-01-09
131287,2024-01-09
131288,2024-01-09
131289,2024-01-09
131290,2024-01-09
131291,2024-01-09
131292,2024-01-09
131293,2024-01-09
131294,2024-01-09
131295,2024-01-09
131296,2024-01-09
131297,2024-01-09
131298,2024-01-09
131299,2024-01-09
131300,2024-01-09
131301,2024-01-09
131302,2024-01-09
131303,2024-01-09
131304,2024-01-09
131305,2024-01-09
131306,2024-01-09
131307,2024-01-09
131308,2024-01-09
131309,2024-01-09
131310,2024-01-09
131311,2024-01-09
131312,2024-01-09
131313,2024-01-09
131314,2024-01-09
131315,2024-01-09
131316,2024-01-09
131317,2024-01-09
131318,2024-01-09
131319,2024-01-09
131320,2024-01-09
131321,2024-01-09
131322,2024-01-09
131323,2024-01-09
131324,2024-01-09
131325,2024-01-09
131326,2024-01-09
131327,2024-01-09
131328,2024-01-10
131329,2024-01-10
131330,2024-01-10
131331,2024-01-10
131332,2024-01-10
131333,2024-01-10
131334,2024-01-10
131335,2024-01-10
131336,2024-01-10
131337,2024-01-10
131338,2024-01-10
131339,2024-01-10
131340,2024-01-10
131341,2024-01-10
131342,2024-01-10
131343,2024-01-10
131344,2024-01-10
131345,2024-01-10
131346,2024-01-10
131347,2024-01-10
131348,2024-01-10
131349,2024-01-10
131350,2024-01-10
131351,2024-01-10
131352,2024-01-10
131353,2024-01-10
131354,2024-01-10
131355,2024-01-10
131356,2024-01-10
131357,2024-01-10
131358,2024-01-10
131359,2024-01-10
131360,2024-01-10
131361,2024-01-10
131362,2024-01-10
131364,2024-01-10
131365,2024-01-10
131366,2024-01-10
131367,2024-01-10
131368,2024-01-10
131369,2024-01-10
131370,2024-01-10
131371,2024-01-10
131372,2024-01-10
131373,2024-01-10
131374,2024-01-10
131375,2024-01-10
131376,2024-01-10
131377,2024-01-10
131378,2024-01-10
131379,2024-01-10
131380,2024-01-10
131381,2024-01-10
131382,2024-01-10
131383,2024-01-10
131384,2024-01-10
131385,2024-01-10
131386,2024-01-10
131387,2024-01-10
131388,2024-01-10
131389,2024-01-10
131390,2024-01-10
131391,2024-01-10
131392,2024-01-10
131393,2024-01-10
131394,2024-01-10
131395,2024-01-10
131396,2024-01-10
131397,2024-01-10
131398,2024-01-10
131399,2024-01-10
131400,2024-01-10
131401,2024-01-10
131402,2024-01-10
131403,2024-01-10
131404,2024-01-10
131405,2024-01-10
131406,2024-01-10
131407,2024-01-10
131408,2024-01-10
131409,2024-01-10
131410,2024-01-10
131411,2024-01-10
131412,2024-01-10
131413,2024-01-10
131414,2024-01-10
131415,2024-01-10
131416,2024-01-10
131417,2024-01-10
131418,2024-01-10
131419,2024-01-10
131420,2024-01-10
131421,2024-01-10
131422,2024-01-10
131424,2024-01-10
131425,2024-01-10
131426,2024-01-11
131427,2024-01-11
131428,2024-01-11
131429,2024-01-11
131430,2024-01-11
131431,2024-01-11
131432,2024-01-11
131433,2024-01-11
131434,2024-01-11
131435,2024-01-11
131436,2024-01-11
131437,2024-01-11
131439,2024-01-11
131440,2024-01-11
131441,2024-01-11
131442,2024-01-11
131443,2024-01-11
131444,2024-01-11
131445,2024-01-11
131446,2024-01-11
131447,2024-01-11
131448,2024-01-11
131449,2024-01-11
131450,2024-01-11
131451,2024-01-11
131452,2024-01-11
131453,2024-01-11
131454,2024-01-11
131455,2024-01-11
131456,2024-01-11
131457,2024-01-11
131458,2024-01-11
131459,2024-01-11
131460,2024-01-11
131462,2024-01-11
131463,2024-01-11
131464,2024-01-11
131465,2024-01-11
131466,2024-01-11
131467,2024-01-11
131468,2024-01-11
131469,2024-01-11
131470,2024-01-11
131471,2024-01-11
131472,2024-01-11
131473,2024-01-11
131474,2024-01-11
131475,2024-01-11
131476,2024-01-11
131477,2024-01-11
131478,2024-01-11
131479,2024-01-11
131480,2024-01-11
131481,2024-01-11
131482,2024-01-11
131483,2024-01-11
131484,2024-01-11
131485,2024-01-11
131486,2024-01-11
131487,2024-01-11
131488,2024-01-11
131489,2024-01-11
131490,2024-01-11
131493,2024-01-11
131494,2024-01-11
131498,2024-01-11
131499,2024-01-12
131500,2024-01-12
131501,2024-01-12
131502,2024-01-12
131503,2024-01-12
131504,2024-01-12
131505,2024-01-12
131506,2024-01-12
131507,2024-01-12
131508,2024-01-12
131509,2024-01-12
131510,2024-01-12
131511,2024-01-12
131512,2024-01-12
131513,2024-01-12
131514,2024-01-12
131515,2024-01-12
131516,2024-01-12
131517,2024-01-12
131518,2024-01-12
131519,2024-01-12
131520,2024-01-12
131521,2024-01-12
131522,2024-01-12
131523,2024-01-12
131524,2024-01-12
131525,2024-01-12
131526,2024-01-12
131527,2024-01-12
131528,2024-01-12
131529,2024-01-12
131530,2024-01-12
131531,2024-01-12
131532,2024-01-12
131533,2024-01-12
131534,2024-01-12
131535,2024-01-12
131536,2024-01-12
131537,2024-01-12
131538,2024-01-12
131539,2024-01-12
131540,2024-01-12
131541,2024-01-12
131542,2024-01-12
131543,2024-01-12
131544,2024-01-12
131545,2024-01-12
131546,2024-01-12
131547,2024-01-12
131548,2024-01-12
131549,2024-01-12
131550,2024-01-12
131551,2024-01-12
131553,2024-01-12
131554,2024-01-12
131556,2024-01-12
131557,2024-01-12
131558,2024-01-12
131559,2024-01-12
131560,2024-01-12
131561,2024-01-12
131562,2024-01-12
131563,2024-01-12
131565,2024-01-12
131566,2024-01-12
131567,2024-01-12
131568,2024-01-12
131569,2024-01-12
131570,2024-01-12
131571,2024-01-12
131572,2024-01-12
131573,2024-01-12
131574,2024-01-12
131575,2024-01-12
131576,2024-01-12
131577,2024-01-12
131578,2024-01-12
131579,2024-01-12
131580,2024-01-12
131581,2024-01-12
131582,2024-01-12
131583,2024-01-12
131584,2024-01-12
131585,2024-01-12
131586,2024-01-12
131587,2024-01-12
131588,2024-01-12
131589,2024-01-12
131590,2024-01-12
131591,2024-01-12
131592,2024-01-12
131593,2024-01-12
131594,2024-01-12
131595,2024-01-12
131596,2024-01-13
131597,2024-01-13
131598,2024-01-13
131599,2024-01-13
131600,2024-01-13
131601,2024-01-13
131602,2024-01-13
131603,2024-01-13
131604,2024-01-13
131605,2024-01-13
131606,2024-01-13
131607,2024-01-13
131608,2024-01-13
131609,2024-01-13
131610,2024-01-13
131612,2024-01-13
131613,2024-01-13
131614,2024-01-13
131615,2024-01-13
131616,2024-01-13
131617,2024-01-13
131619,2024-01-13
131621,2024-01-13
131622,2024-01-13
131623,2024-01-13
131624,2024-01-13
131625,2024-01-13
131626,2024-01-13
131627,2024-01-13
131628,2024-01-13
131629,2024-01-13
131630,2024-01-13
131631,2024-01-13
131632,2024-01-13
131633,2024-01-13
131634,2024-01-13
131635,2024-01-13
131636,2024-01-13
131637,2024-01-13
131638,2024-01-13
131639,2024-01-13
131640,2024-01-13
131641,2024-01-13
131642,2024-01-13
131643,2024-01-13
131644,2024-01-13
131647,2024-01-13
131648,2024-01-13
131649,2024-01-13
131650,2024-01-13
131651,2024-01-13
131652,2024-01-13
131653,2024-01-13
131654,2024-01-13
131655,2024-01-13
131656,2024-01-13
131657,2024-01-13
131658,2024-01-13
131659,2024-01-13
131660,2024-01-13
131661,2024-01-13
131662,2024-01-13
131663,2024-01-13
131664,2024-01-13
131665,2024-01-13
131667,2024-01-13
131668,2024-01-13
131669,2024-01-13
131671,2024-01-13
131672,2024-01-13
131673,2024-01-13
131674,2024-01-13
131675,2024-01-13
131676,2024-01-13
131677,2024-01-13
131678,2024-01-13
131679,2024-01-13
131680,2024-01-13
131681,2024-01-13
131682,2024-01-13
131683,2024-01-13
131684,2024-01-13
131685,2024-01-13
131686,2024-01-13
131687,2024-01-13
131688,2024-01-13
131689,2024-01-13
131690,2024-01-13
131691,2024-01-13
131692,2024-01-13
131693,2024-01-13
131694,2024-01-13
131695,2024-01-13
131696,2024-01-14
131697,2024-01-14
131698,2024-01-14
131699,2024-01-14
131700,2024-01-14
131701,2024-01-14
131702,2024-01-14
131703,2024-01-14
131704,2024-01-14
131705,2024-01-14
131706,2024-01-14
131707,2024-01-14
131708,2024-01-14
131710,2024-01-14
131711,2024-01-14
131712,2024-01-14
131713,2024-01-14
131714,2024-01-14
131715,2024-01-14
131716,2024-01-14
131717,2024-01-14
131718,2024-01-14
131719,2024-01-14
131720,2024-01-14
131721,2024-01-14
131722,2024-01-14
131723,2024-01-14
131724,2024-01-14
131725,2024-01-14
131727,2024-01-14
131728,2024-01-14
131729,2024-01-14
131730,2024-01-14
131731,2024-01-14
131732,2024-01-14
131734,2024-01-14
131735,2024-01-14
131736,2024-01-14
131737,2024-01-14
131738,2024-01-14
131739,2024-01-14
131740,2024-01-14
131741,2024-01-14
131742,2024-01-14
131743,2024-01-14
131744,2024-01-14
131745,2024-01-14
131746,2024-01-14
131747,2024-01-14
131748,2024-01-14
131749,2024-01-14
131750,2024-01-14
131751,2024-01-14
131752,2024-01-14
131753,2024-01-14
131754,2024-01-14
131755,2024-01-14
131756,2024-01-14
131757,2024-01-14
131758,2024-01-14
131759,2024-01-14
131760,2024-01-14
131761,2024-01-14
131762,2024-01-14
131763,2024-01-14
131764,2024-01-15
131765,2024-01-15
131766,2024-01-15
131767,2024-01-15
131768,2024-01-15
131769,2024-01-15
131771,2024-01-15
131772,2024-01-15
131773,2024-01-15
131774,2024-01-15
131775,2024-01-15
131776,2024-01-15
131777,2024-01-15
131778,2024-01-15
131779,2024-01-15
131780,2024-01-15
131781,2024-01-15
131782,2024-01-15
131783,2024-01-15
131784,2024-01-15
131785,2024-01-15
131786,2024-01-15
131787,2024-01-15
131788,2024-01-15
131789,2024-01-15
131790,2024-01-15
131791,2024-01-15
131792,2024-01-15
131793,2024-01-15
131794,2024-01-15
131795,2024-01-15
131796,2024-01-15
131797,2024-01-15
131798,2024-01-15
131799,2024-01-15
131800,2024-01-15
131801,2024-01-15
131802,2024-01-15
131803,2024-01-15
131804,2024-01-15
131805,2024-01-15
131806,2024-01-15
131807,2024-01-15
131808,2024-01-15
131809,2024-01-15
131810,2024-01-15
131811,2024-01-15
131812,2024-01-15
131815,2024-01-15
131816,2024-01-15
131817,2024-01-15
131818,2024-01-15
131819,2024-01-15
131820,2024-01-15
131821,2024-01-15
131822,2024-01-15
131823,2024-01-15
131824,2024-01-15
131825,2024-01-15
131826,2024-01-15
131827,2024-01-15
131828,2024-01-15
131829,2024-01-15
131830,2024-01-15
131831,2024-01-15
131832,2024-01-15
131834,2024-01-15
131835,2024-01-15
131836,2024-01-15
131837,2024-01-15
131838,2024-01-15
131839,2024-01-15
131841,2024-01-15
131842,2024-01-15
131843,2024-01-15
131844,2024-01-15
131845,2024-01-15
131846,2024-01-15
131847,2024-01-15
131848,2024-01-15
131849,2024-01-15
131851,2024-01-15
131852,2024-01-15
131853,2024-01-15
131854,2024-01-15
131855,2024-01-15
131856,2024-01-15
131857,2024-01-15
131858,2024-01-15
131859,2024-01-15
131860,2024-01-15
131861,2024-01-15
131862,2024-01-15
131864,2024-01-16
131865,2024-01-16
131866,2024-01-16
131867,2024-01-16
131868,2024-01-16
131869,2024-01-16
131870,2024-01-16
131871,2024-01-16
131872,2024-01-16
131873,2024-01-16
131874,2024-01-16
131875,2024-01-16
131876,2024-01-16
131877,2024-01-16
131878,2024-01-16
131879,2024-01-16
131880,2024-01-16
131881,2024-01-16
131882,2024-01-16
131883,2024-01-16
131884,2024-01-16
131885,2024-01-16
131886,2024-01-16
131887,2024-01-16
131888,2024-01-16
131889,2024-01-16
131890,2024-01-16
131891,2024-01-16
131892,2024-01-16
131893,2024-01-16
131894,2024-01-16
131895,2024-01-16
131896,2024-01-16
131897,2024-01-16
131898,2024-01-16
131900,2024-01-16
131901,2024-01-16
131902,2024-01-16
131903,2024-01-16
131904,2024-01-16
131905,2024-01-16
131906,2024-01-16
131907,2024-01-16
131908,2024-01-16
131909,2024-01-16
131912,2024-01-16
131913,2024-01-16
131914,2024-01-16
131915,2024-01-16
131916,2024-01-16
131917,2024-01-16
131918,2024-01-16
131919,2024-01-16
131920,2024-01-16
131921,2024-01-16
131922,2024-01-16
131923,2024-01-16
131924,2024-01-16
131925,2024-01-16
131926,2024-01-16
131928,2024-01-16
131929,2024-01-16
131930,2024-01-16
131932,2024-01-16
131933,2024-01-16
131934,2024-01-16
131935,2024-01-16
131936,2024-01-16
131937,2024-01-16
131938,2024-01-16
131939,2024-01-16
131940,2024-01-16
131941,2024-01-16
131942,2024-01-16
131943,2024-01-16
131944,2024-01-16
131945,2024-01-16
131946,2024-01-16
131947,2024-01-16
131948,2024-01-16
131949,2024-01-16
131950,2024-01-16
131951,2024-01-16
131952,2024-01-16
131954,2024-01-16
131955,2024-01-16
131956,2024-01-16
131957,2024-01-16
131958,2024-01-16
131959,2024-01-16
131960,2024-01-16
131961,2024-01-17
131962,2024-01-17
131963,2024-01-17
131964,2024-01-17
131965,2024-01-17
131966,2024-01-17
131967,2024-01-17
131969,2024-01-17
131970,2024-01-17
131971,2024-01-17
131972,2024-01-17
131973,2024-01-17
131974,2024-01-17
131975,2024-01-17
131976,2024-01-17
131977,2024-01-17
131978,2024-01-17
131979,2024-01-17
131980,2024-01-17
131981,2024-01-17
131982,2024-01-17
131983,2024-01-17
131984,2024-01-17
131985,2024-01-17
131986,2024-01-17
131987,2024-01-17
131988,2024-01-17
131990,2024-01-17
131991,2024-01-17
131993,2024-01-17
131994,2024-01-17
131995,2024-01-17
131996,2024-01-17
131997,2024-01-17
131998,2024-01-17
131999,2024-01-17
132000,2024-01-17
132001,2024-01-17
132002,2024-01-17
132003,2024-01-17
132004,2024-01-17
132005,2024-01-17
132006,2024-01-17
132007,2024-01-17
132008,2024-01-17
132009,2024-01-17
132010,2024-01-17
132011,2024-01-17
132012,2024-01-17
132013,2024-01-17
132014,2024-01-17
132015,2024-01-17
132016,2024-01-17
132017,2024-01-17
132018,2024-01-17
132019,2024-01-17
132020,2024-01-17
132021,2024-01-17
132022,2024-01-17
132023,2024-01-17
132024,2024-01-17
132025,2024-01-17
132026,2024-01-17
132027,2024-01-17
132028,2024-01-17
132029,2024-01-17
132030,2024-01-17
132031,2024-01-17
132032,2024-01-17
132033,2024-01-18
132034,2024-01-18
132035,2024-01-18
132036,2024-01-18
132037,2024-01-18
132038,2024-01-18
132039,2024-01-18
132040,2024-01-18
132041,2024-01-18
132042,2024-01-18
132043,2024-01-18
132044,2024-01-18
132045,2024-01-18
132046,2024-01-18
132047,2024-01-18
132048,2024-01-18
132049,2024-01-18
132050,2024-01-18
132051,2024-01-18
132052,2024-01-18
132053,2024-01-18
132054,2024-01-18
132055,2024-01-18
132056,2024-01-18
132057,2024-01-18
132058,2024-01-18
132059,2024-01-19
132060,2024-01-19
132061,2024-01-19
132062,2024-01-19
132063,2024-01-19
132064,2024-01-19
132065,2024-01-19
132066,2024-01-19
132067,2024-01-19
132068,2024-01-19
132069,2024-01-19
132070,2024-01-19
132071,2024-01-19
132072,2024-01-19
132073,2024-01-19
132074,2024-01-19
132075,2024-01-19
132076,2024-01-19
132077,2024-01-19
132078,2024-01-19
132079,2024-01-19
132080,2024-01-19
132081,2024-01-19
132082,2024-01-19
132083,2024-01-19
132084,2024-01-19
132085,2024-01-19
132086,2024-01-19
132087,2024-01-19
132088,2024-01-19
132089,2024-01-19
132090,2024-01-19
132091,2024-01-19
132092,2024-01-19
132093,2024-01-19
132094,2024-01-19
132095,2024-01-19
132096,2024-01-19
132097,2024-01-19
132098,2024-01-19
132099,2024-01-19
132100,2024-01-19
132101,2024-01-19
132102,2024-01-19
132103,2024-01-19
132104,2024-01-19
132105,2024-01-19
132107,2024-01-19
132108,2024-01-19
132109,2024-01-19
132110,2024-01-19
132111,2024-01-19
132112,2024-01-19
132113,2024-01-19
132114,2024-01-19
132115,2024-01-19
132116,2024-01-19
132117,2024-01-19
132118,2024-01-19
132119,2024-01-19
132120,2024-01-19
132121,2024-01-19
132122,2024-01-19
132123,2024-01-19
132124,2024-01-19
132125,2024-01-19
132126,2024-01-19
132128,2024-01-19
132129,2024-01-19
132130,2024-01-19
132131,2024-01-19
132132,2024-01-19
132133,2024-01-19
132134,2024-01-19
132135,2024-01-19
132136,2024-01-19
132137,2024-01-19
132138,2024-01-19
132139,2024-01-19
132140,2024-01-19
132141,2024-01-19
132142,2024-01-19
132143,2024-01-19
132144,2024-01-19
132145,2024-01-19
132146,2024-01-19
132147,2024-01-19
132148,2024-01-19
132150,2024-01-19
132151,2024-01-19
132152,2024-01-19
132153,2024-01-19
132154,2024-01-19
132155,2024-01-19
132156,2024-01-19
132157,2024-01-19
132158,2024-01-19
132159,2024-01-19
132160,2024-01-19
132163,2024-01-20
132164,2024-01-20
132165,2024-01-20
132166,2024-01-20
132167,2024-01-20
132168,2024-01-20
132169,2024-01-20
132170,2024-01-20
132171,2024-01-20
132172,2024-01-20
132173,2024-01-20
132174,2024-01-20
132175,2024-01-20
132176,2024-01-20
132177,2024-01-20
132178,2024-01-20
132179,2024-01-20
132180,2024-01-20
132181,2024-01-20
132182,2024-01-20
132183,2024-01-20
132184,2024-01-20
132185,2024-01-20
132186,2024-01-20
132187,2024-01-20
132188,2024-01-20
132189,2024-01-20
132190,2024-01-20
132191,2024-01-20
132192,2024-01-20
132193,2024-01-20
132194,2024-01-20
132195,2024-01-20
132196,2024-01-20
132197,2024-01-20
132198,2024-01-20
132199,2024-01-20
132200,2024-01-20
132201,2024-01-20
132202,2024-01-20
132203,2024-01-20
132204,2024-01-20
132205,2024-01-20
132206,2024-01-20
132207,2024-01-20
132208,2024-01-20
132209,2024-01-20
132210,2024-01-20
132211,2024-01-20
132212,2024-01-20
132213,2024-01-20
132214,2024-01-20
132215,2024-01-20
132216,2024-01-20
132217,2024-01-20
132218,2024-01-20
132220,2024-01-20
132221,2024-01-20
132223,2024-01-20
132224,2024-01-20
132225,2024-01-20
132226,2024-01-20
132227,2024-01-20
132228,2024-01-20
132229,2024-01-20
132230,2024-01-20
132231,2024-01-20
132232,2024-01-20
132233,2024-01-20
132234,2024-01-20
132235,2024-01-20
132236,2024-01-20
132237,2024-01-20
132238,2024-01-20
132239,2024-01-20
132240,2024-01-20
132241,2024-01-20
132242,2024-01-20
132243,2024-01-20
132244,2024-01-20
132245,2024-01-20
132246,2024-01-20
132247,2024-01-20
132248,2024-01-20
132249,2024-01-20
132250,2024-01-20
132251,2024-01-20
132252,2024-01-20
132253,2024-01-20
132254,2024-01-20
132255,2024-01-20
132256,2024-01-20
132257,2024-01-20
132258,2024-01-20
132259,2024-01-20
132260,2024-01-20
132261,2024-01-20
132262,2024-01-20
132263,2024-01-20
132264,2024-01-21
132265,2024-01-21
132266,2024-01-21
132267,2024-01-21
132268,2024-01-21
132269,2024-01-21
132270,2024-01-21
132271,2024-01-21
132272,2024-01-21
132273,2024-01-21
132274,2024-01-21
132275,2024-01-21
132276,2024-01-21
132277,2024-01-21
132278,2024-01-21
132279,2024-01-21
132280,2024-01-21
132281,2024-01-21
132282,2024-01-21
132283,2024-01-21
132284,2024-01-21
132285,2024-01-21
132286,2024-01-21
132287,2024-01-21
132288,2024-01-21
132289,2024-01-21
132293,2024-01-21
132294,2024-01-21
132295,2024-01-21
132299,2024-01-21
132302,2024-01-21
132303,2024-01-21
132304,2024-01-21
132305,2024-01-21
132306,2024-01-21
132307,2024-01-21
132308,2024-01-21
132309,2024-01-21
132310,2024-01-21
132311,2024-01-21
132312,2024-01-21
132313,2024-01-21
132314,2024-01-21
132315,2024-01-21
132316,2024-01-21
132317,2024-01-21
132318,2024-01-21
132319,2024-01-21
132320,2024-01-21
132324,2024-01-21
132325,2024-01-22
132326,2024-01-22
132327,2024-01-22
132328,2024-01-22
132329,2024-01-22
132330,2024-01-22
132331,2024-01-22
132332,2024-01-22
132333,2024-01-22
132334,2024-01-22
132335,2024-01-22
132336,2024-01-22
132337,2024-01-22
132338,2024-01-22
132339,2024-01-22
132340,2024-01-22
132341,2024-01-22
132342,2024-01-22
132343,2024-01-22
132345,2024-01-22
132346,2024-01-22
132347,2024-01-22
132348,2024-01-22
132349,2024-01-22
132350,2024-01-22
132351,2024-01-22
132352,2024-01-22
132353,2024-01-22
132354,2024-01-22
132355,2024-01-22
132356,2024-01-22
132357,2024-01-22
132358,2024-01-22
132359,2024-01-22
132363,2024-01-22
132364,2024-01-22
132365,2024-01-22
132366,2024-01-22
132367,2024-01-22
132368,2024-01-22
132369,2024-01-22
132370,2024-01-22
132371,2024-01-22
132372,2024-01-22
132374,2024-01-22
132375,2024-01-22
132376,2024-01-22
132377,2024-01-22
132380,2024-01-22
132381,2024-01-22
132382,2024-01-22
132383,2024-01-22
132384,2024-01-22
132389,2024-01-22
132390,2024-01-22
132391,2024-01-22
132392,2024-01-22
132394,2024-01-22
132395,2024-01-22
132396,2024-01-22
132397,2024-01-22
132398,2024-01-22
132400,2024-01-22
132401,2024-01-22
132402,2024-01-22
132403,2024-01-22
132404,2024-01-22
132405,2024-01-22
132406,2024-01-22
132408,2024-01-22
132409,2024-01-22
132410,2024-01-22
132411,2024-01-22
132416,2024-01-22
132417,2024-01-22
132418,2024-01-22
132419,2024-01-22
132420,2024-01-22
132421,2024-01-22
132423,2024-01-23
132424,2024-01-23
132425,2024-01-23
132426,2024-01-23
132427,2024-01-23
132428,2024-01-23
132429,2024-01-23
132431,2024-01-23
132432,2024-01-23
132433,2024-01-23
132435,2024-01-23
132437,2024-01-23
132438,2024-01-23
132439,2024-01-23
132440,2024-01-23
132441,2024-01-23
132442,2024-01-23
132443,2024-01-23
132444,2024-01-23
132445,2024-01-23
132446,2024-01-23
132447,2024-01-23
132448,2024-01-23
132449,2024-01-23
132450,2024-01-23
132451,2024-01-23
132452,2024-01-23
132453,2024-01-23
132454,2024-01-23
132455,2024-01-23
132456,2024-01-23
132457,2024-01-23
132458,2024-01-23
132459,2024-01-23
132460,2024-01-23
132463,2024-01-23
132464,2024-01-23
132465,2024-01-23
132466,2024-01-23
132467,2024-01-23
132468,2024-01-23
132469,2024-01-23
132470,2024-01-23
132471,2024-01-23
132472,2024-01-23
132473,2024-01-23
132474,2024-01-23
132475,2024-01-23
132476,2024-01-23
132477,2024-01-23
132478,2024-01-23
132479,2024-01-23
132480,2024-01-23
132481,2024-01-23
132482,2024-01-23
132483,2024-01-23
132484,2024-01-23
132485,2024-01-23
132486,2024-01-23
132487,2024-01-23
132488,2024-01-23
132490,2024-01-23
132491,2024-01-23
132492,2024-01-23
132493,2024-01-23
132494,2024-01-23
132496,2024-01-23
132497,2024-01-23
132498,2024-01-23
132499,2024-01-23
132500,2024-01-23
132501,2024-01-23
132502,2024-01-23
132503,2024-01-23
132504,2024-01-23
132505,2024-01-23
132506,2024-01-23
132507,2024-01-23
132508,2024-01-23
132509,2024-01-23
132510,2024-01-23
132511,2024-01-23
132513,2024-01-23
132514,2024-01-23
132515,2024-01-23
132516,2024-01-23
132517,2024-01-23
132518,2024-01-23
132519,2024-01-23
132520,2024-01-23
132521,2024-01-24
132522,2024-01-24
132523,2024-01-24
132524,2024-01-24
132525,2024-01-24
132526,2024-01-24
132527,2024-01-24
132528,2024-01-24
132529,2024-01-24
132530,2024-01-24
132531,2024-01-24
132532,2024-01-24
132533,2024-01-24
132534,2024-01-24
132535,2024-01-24
132536,2024-01-24
132537,2024-01-24
132538,2024-01-24
132539,2024-01-24
132540,2024-01-24
132541,2024-01-24
132542,2024-01-24
132543,2024-01-24
132544,2024-01-24
132545,2024-01-24
132546,2024-01-24
132547,2024-01-24
132548,2024-01-24
132549,2024-01-24
132554,2024-01-24
132555,2024-01-24
132556,2024-01-24
132557,2024-01-24
132559,2024-01-24
132560,2024-01-24
132561,2024-01-24
132563,2024-01-24
132564,2024-01-24
132565,2024-01-24
132566,2024-01-24
132567,2024-01-24
132568,2024-01-24
132569,2024-01-24
132570,2024-01-24
132571,2024-01-24
132573,2024-01-24
132574,2024-01-24
132575,2024-01-24
132577,2024-01-24
132579,2024-01-24
132580,2024-01-24
132581,2024-01-24
132582,2024-01-24
132583,2024-01-24
132584,2024-01-24
132585,2024-01-24
132586,2024-01-24
132587,2024-01-24
132588,2024-01-24
132589,2024-01-24
132590,2024-01-24
132591,2024-01-24
132592,2024-01-24
132593,2024-01-24
132594,2024-01-24
132595,2024-01-24
132596,2024-01-24
132597,2024-01-24
132598,2024-01-24
132599,2024-01-24
132600,2024-01-24
132601,2024-01-24
132602,2024-01-24
132603,2024-01-24
132604,2024-01-24
132605,2024-01-24
132606,2024-01-24
132607,2024-01-24
132608,2024-01-24
132609,2024-01-24
132612,2024-01-24
132615,2024-01-25
132616,2024-01-25
132617,2024-01-25
132618,2024-01-25
132619,2024-01-25
132620,2024-01-25
132621,2024-01-25
132622,2024-01-25
132623,2024-01-25
132624,2024-01-25
132625,2024-01-25
132626,2024-01-25
132627,2024-01-25
132628,2024-01-25
132629,2024-01-25
132630,2024-01-25
132631,2024-01-25
132632,2024-01-25
132633,2024-01-25
132634,2024-01-25
132635,2024-01-25
132636,2024-01-25
132637,2024-01-25
132638,2024-01-25
132639,2024-01-25
132640,2024-01-25
132641,2024-01-25
132642,2024-01-25
132643,2024-01-25
132644,2024-01-25
132645,2024-01-25
132647,2024-01-25
132648,2024-01-25
132649,2024-01-25
132650,2024-01-25
132651,2024-01-25
132652,2024-01-25
132654,2024-01-25
132655,2024-01-25
132656,2024-01-25
132657,2024-01-25
132658,2024-01-25
132659,2024-01-25
132660,2024-01-25
132661,2024-01-25
132662,2024-01-25
132663,2024-01-25
132664,2024-01-25
132666,2024-01-25
132667,2024-01-25
132668,2024-01-25
132669,2024-01-25
132671,2024-01-25
132672,2024-01-25
132673,2024-01-25
132674,2024-01-25
132675,2024-01-25
132677,2024-01-25
132678,2024-01-25
132679,2024-01-25
132680,2024-01-25
132681,2024-01-25
132682,2024-01-25
132683,2024-01-25
132684,2024-01-25
132685,2024-01-25
132686,2024-01-25
132687,2024-01-25
132688,2024-01-25
132689,2024-01-25
132692,2024-01-25
132693,2024-01-25
132695,2024-01-25
132696,2024-01-25
132699,2024-01-25
132701,2024-01-26
132702,2024-01-26
132703,2024-01-26
132704,2024-01-26
132705,2024-01-26
132706,2024-01-26
132708,2024-01-26
132709,2024-01-26
132710,2024-01-26
132711,2024-01-26
132712,2024-01-26
132713,2024-01-26
132714,2024-01-26
132715,2024-01-26
132716,2024-01-26
132717,2024-01-26
132718,2024-01-26
132719,2024-01-26
132721,2024-01-26
132723,2024-01-26
132724,2024-01-26
132725,2024-01-26
132726,2024-01-26
132727,2024-01-26
132728,2024-01-26
132729,2024-01-26
132730,2024-01-26
132731,2024-01-26
132733,2024-01-26
132734,2024-01-26
132735,2024-01-26
132736,2024-01-26
132737,2024-01-26
132738,2024-01-26
132740,2024-01-26
132741,2024-01-26
132742,2024-01-26
132743,2024-01-26
132744,2024-01-26
132745,2024-01-26
132746,2024-01-26
132749,2024-01-26
132750,2024-01-26
132752,2024-01-26
132753,2024-01-26
132754,2024-01-26
132755,2024-01-26
132756,2024-01-26
132758,2024-01-26
132759,2024-01-26
132760,2024-01-26
132761,2024-01-26
132762,2024-01-26
132763,2024-01-26
132764,2024-01-26
132765,2024-01-26
132766,2024-01-26
132768,2024-01-26
132769,2024-01-26
132771,2024-01-26
132772,2024-01-26
132773,2024-01-26
132774,2024-01-26
132776,2024-01-26
132777,2024-01-26
132778,2024-01-26
132780,2024-01-26
132781,2024-01-26
132783,2024-01-26
132784,2024-01-26
132785,2024-01-26
132786,2024-01-26
132789,2024-01-26
132792,2024-01-26
132793,2024-01-26
132795,2024-01-26
132796,2024-01-26
132797,2024-01-26
132798,2024-01-27
132799,2024-01-27
132800,2024-01-27
132801,2024-01-27
132802,2024-01-27
132803,2024-01-27
132804,2024-01-27
132805,2024-01-27
132806,2024-01-27
132807,2024-01-27
132808,2024-01-27
132809,2024-01-27
132810,2024-01-27
132811,2024-01-27
132812,2024-01-27
132813,2024-01-27
132814,2024-01-27
132815,2024-01-27
132816,2024-01-27
132817,2024-01-27
132818,2024-01-27
132819,2024-01-27
132821,2024-01-27
132822,2024-01-27
132823,2024-01-27
132824,2024-01-27
132825,2024-01-27
132827,2024-01-27
132828,2024-01-27
132829,2024-01-27
132830,2024-01-27
132831,2024-01-27
132832,2024-01-27
132833,2024-01-27
132834,2024-01-27
132835,2024-01-27
132836,2024-01-27
132837,2024-01-27
132838,2024-01-27
132839,2024-01-27
132840,2024-01-27
132841,2024-01-27
132842,2024-01-27
132843,2024-01-27
132844,2024-01-27
132845,2024-01-27
132846,2024-01-27
132847,2024-01-27
132849,2024-01-27
132850,2024-01-27
132852,2024-01-27
132853,2024-01-27
132855,2024-01-27
132856,2024-01-27
132861,2024-01-27
132863,2024-01-27
132864,2024-01-27
132865,2024-01-27
132866,2024-01-27
132867,2024-01-27
132868,2024-01-27
132869,2024-01-27
132871,2024-01-27
132872,2024-01-27
132873,2024-01-27
132874,2024-01-27
132875,2024-01-27
132877,2024-01-27
132880,2024-01-27
132881,2024-01-29
132882,2024-01-29
132883,2024-01-29
132884,2024-01-29
132885,2024-01-29
132886,2024-01-29
132887,2024-01-29
132888,2024-01-29
132890,2024-01-29
132891,2024-01-29
132892,2024-01-29
132893,2024-01-29
132894,2024-01-29
132895,2024-01-29
132896,2024-01-29
132897,2024-01-29
132898,2024-01-29
132899,2024-01-29
132900,2024-01-29
132901,2024-01-29
132902,2024-01-29
132903,2024-01-29
132904,2024-01-29
132905,2024-01-29
132906,2024-01-29
132908,2024-01-29
132909,2024-01-29
132910,2024-01-29
132911,2024-01-29
132912,2024-01-29
132913,2024-01-29
132914,2024-01-29
132915,2024-01-29
132916,2024-01-29
132917,2024-01-29
132918,2024-01-29
132919,2024-01-29
132920,2024-01-29
132921,2024-01-29
132922,2024-01-29
132923,2024-01-29
132924,2024-01-29
132925,2024-01-29
132926,2024-01-29
132927,2024-01-29
132928,2024-01-29
132929,2024-01-29
132930,2024-01-29
132931,2024-01-29
132932,2024-01-29
132933,2024-01-29
132934,2024-01-29
132935,2024-01-29
132936,2024-01-29
132937,2024-01-29
132938,2024-01-29
132939,2024-01-29
132940,2024-01-29
132941,2024-01-29
132942,2024-01-29
132943,2024-01-29
132945,2024-01-29
132946,2024-01-29
132947,2024-01-29
132948,2024-01-29
132949,2024-01-29
132950,2024-01-29
132951,2024-01-29
132952,2024-01-29
132953,2024-01-29
132955,2024-01-29
132956,2024-01-29
132957,2024-01-29
132958,2024-01-29
132959,2024-01-29
132960,2024-01-29
132961,2024-01-29
132962,2024-01-29
132963,2024-01-29
132964,2024-01-29
132965,2024-01-30
132966,2024-01-30
132967,2024-01-30
132968,2024-01-30
132969,2024-01-30
132970,2024-01-30
132971,2024-01-30
132972,2024-01-30
132973,2024-01-30
132974,2024-01-30
132975,2024-01-30
132976,2024-01-30
132977,2024-01-30
132978,2024-01-30
132980,2024-01-30
132981,2024-01-30
132982,2024-01-30
132983,2024-01-30
132984,2024-01-30
132985,2024-01-30
132986,2024-01-30
132987,2024-01-30
132988,2024-01-30
132989,2024-01-30
132990,2024-01-30
132991,2024-01-30
132992,2024-01-30
132993,2024-01-30
132994,2024-01-30
132995,2024-01-30
132996,2024-01-30
132998,2024-01-30
132999,2024-01-30
133000,2024-01-30
133001,2024-01-30
133002,2024-01-30
133003,2024-01-30
133004,2024-01-30
133005,2024-01-30
133006,2024-01-30
133007,2024-01-30
133008,2024-01-30
133009,2024-01-30
133010,2024-01-30
133012,2024-01-30
133013,2024-01-30
133014,2024-01-30
133015,2024-01-30
133016,2024-01-30
133018,2024-01-30
133019,2024-01-30
133020,2024-01-30
133023,2024-01-30
133024,2024-01-30
133027,2024-01-30
133028,2024-01-30
133030,2024-01-30
133031,2024-01-30
133032,2024-01-30
133033,2024-01-30
133034,2024-01-30
133035,2024-01-30
133037,2024-01-30
133038,2024-01-30
133039,2024-01-30
133074,2024-01-31
133075,2024-01-31
133076,2024-01-31
133077,2024-01-31
133078,2024-01-31
133079,2024-01-31
133081,2024-01-31
133082,2024-01-31
133083,2024-01-31
133084,2024-01-31
133085,2024-01-31
133086,2024-01-31
133087,2024-01-31
133088,2024-01-31
133089,2024-01-31
133091,2024-01-31
133092,2024-01-31
133093,2024-01-31
133094,2024-01-31
133095,2024-01-31
133097,2024-01-31
133098,2024-01-31
133099,2024-01-31
133100,2024-01-31
133101,2024-01-31
133102,2024-01-31
133103,2024-01-31
133104,2024-01-31
133106,2024-01-31
133107,2024-01-31
133109,2024-01-31
133110,2024-01-31
133111,2024-01-31
133112,2024-01-31
133113,2024-01-31
133114,2024-01-31
133115,2024-01-31
133116,2024-01-31
133117,2024-01-31
133118,2024-01-31
133119,2024-01-31
133120,2024-01-31
133121,2024-01-31
133122,2024-01-31
133123,2024-01-31
133124,2024-01-31
133125,2024-01-31
133126,2024-01-31
133128,2024-01-31
133129,2024-01-31
133130,2024-01-31
133131,2024-01-31
133132,2024-01-31
133133,2024-01-31
133135,2024-01-31
133136,2024-01-31
133137,2024-01-31
133138,2024-01-31
133139,2024-01-31
133140,2024-01-31
133141,2024-01-31
133142,2024-01-31
133144,2024-01-31
133145,2024-01-31
133146,2024-01-31
133147,2024-01-31
133148,2024-01-31
133149,2024-01-31
133150,2024-01-31
133151,2024-01-31
133152,2024-01-31
133154,2024-01-31
133155,2024-01-31
133157,2024-01-31
133159,2024-01-31
133160,2024-01-31
133167,2024-01-31
133169,2024-01-31
133170,2024-01-31
133172,2024-01-31
133173,2024-01-31
133174,2024-01-31
133177,2024-01-31
133178,2024-01-31
133179,2024-01-31
133180,2024-01-31
133181,2024-01-31
133182,2024-01-31
133183,2024-01-31
133186,2024-02-01
133187,2024-02-01
133188,2024-02-01
133189,2024-02-01
133190,2024-02-01
133191,2024-02-01
133192,2024-02-01
133193,2024-02-01
133194,2024-02-01
133195,2024-02-01
133196,2024-02-01
133197,2024-02-01
133198,2024-02-01
133199,2024-02-01
133200,2024-02-01
133201,2024-02-01
133202,2024-02-01
133203,2024-02-01
133204,2024-02-01
133205,2024-02-01
133206,2024-02-01
133207,2024-02-01
133208,2024-02-01
133209,2024-02-01
133210,2024-02-01
133211,2024-02-01
133212,2024-02-01
133213,2024-02-01
133214,2024-02-01
133215,2024-02-01
133216,2024-02-01
133217,2024-02-01
133218,2024-02-01
133219,2024-02-01
133220,2024-02-01
133221,2024-02-01
133222,2024-02-01
133223,2024-02-01
133224,2024-02-01
133225,2024-02-01
133226,2024-02-01
133227,2024-02-01
133228,2024-02-01
133229,2024-02-01
133230,2024-02-01
133232,2024-02-01
133233,2024-02-01
133234,2024-02-01
133235,2024-02-01
133236,2024-02-01
133237,2024-02-01
133238,2024-02-01
133239,2024-02-01
133240,2024-02-01
133241,2024-02-01
133242,2024-02-01
133243,2024-02-01
133244,2024-02-01
133245,2024-02-01
133246,2024-02-01
133247,2024-02-01
133248,2024-02-01
133249,2024-02-01
133250,2024-02-01
133251,2024-02-01
133252,2024-02-01
133253,2024-02-01
133254,2024-02-01
133255,2024-02-01
133256,2024-02-01
133258,2024-02-01
133259,2024-02-01
133260,2024-02-01
133261,2024-02-01
133262,2024-02-01
133263,2024-02-01
133264,2024-02-01
133265,2024-02-01
133266,2024-02-01
133267,2024-02-01
133269,2024-02-01
133270,2024-02-01
133271,2024-02-01
133272,2024-02-01
133273,2024-02-01
133274,2024-02-01
133275,2024-02-01
133276,2024-02-01
133277,2024-02-01
133278,2024-02-01
133280,2024-02-01
133281,2024-02-01
133282,2024-02-01
133283,2024-02-01
133284,2024-02-01
133285,2024-02-01
133286,2024-02-01
133287,2024-02-01
133288,2024-02-01
133289,2024-02-01
133290,2024-02-01
133291,2024-02-02
133292,2024-02-02
133293,2024-02-02
133294,2024-02-02
133295,2024-02-02
133296,2024-02-02
133297,2024-02-02
133298,2024-02-02
133299,2024-02-02
133300,2024-02-02
133301,2024-02-02
133302,2024-02-02
133303,2024-02-02
133304,2024-02-02
133305,2024-02-02
133306,2024-02-02
133307,2024-02-02
133308,2024-02-02
133309,2024-02-02
133310,2024-02-02
133311,2024-02-02
133313,2024-02-02
133314,2024-02-02
133315,2024-02-02
133316,2024-02-02
133317,2024-02-02
133319,2024-02-02
133320,2024-02-02
133321,2024-02-02
133322,2024-02-02
133323,2024-02-02
133324,2024-02-02
133325,2024-02-02
133326,2024-02-02
133327,2024-02-02
133328,2024-02-02
133329,2024-02-02
133330,2024-02-02
133331,2024-02-02
133332,2024-02-02
133333,2024-02-02
133334,2024-02-02
133335,2024-02-02
133336,2024-02-02
133337,2024-02-02
133338,2024-02-02
133339,2024-02-02
133340,2024-02-02
133341,2024-02-02
133342,2024-02-02
133343,2024-02-02
133344,2024-02-02
133345,2024-02-02
133346,2024-02-02
133347,2024-02-02
133348,2024-02-02
133349,2024-02-02
133350,2024-02-02
133351,2024-02-02
133352,2024-02-02
133353,2024-02-02
133354,2024-02-02
133355,2024-02-02
133356,2024-02-02
133357,2024-02-02
133358,2024-02-02
133359,2024-02-02
133360,2024-02-02
133361,2024-02-02
133362,2024-02-02
133363,2024-02-02
133364,2024-02-02
133365,2024-02-02
133366,2024-02-02
133367,2024-02-02
133368,2024-02-02
133369,2024-02-02
133370,2024-02-02
133371,2024-02-02
133372,2024-02-02
133373,2024-02-02
133374,2024-02-02
133375,2024-02-02
133376,2024-02-02
133377,2024-02-02
133378,2024-02-02
133379,2024-02-02
133380,2024-02-02
133381,2024-02-02
133382,2024-02-02
133383,2024-02-02
133384,2024-02-02
133385,2024-02-02
133386,2024-02-02
133387,2024-02-02
133388,2024-02-02
133389,2024-02-02
133390,2024-02-02
133391,2024-02-02
133392,2024-02-02
133393,2024-02-02
133394,2024-02-02
133395,2024-02-03
133396,2024-02-03
133397,2024-02-03
133398,2024-02-03
133399,2024-02-03
133400,2024-02-03
133401,2024-02-03
133402,2024-02-03
133403,2024-02-03
133404,2024-02-03
133406,2024-02-03
133407,2024-02-03
133409,2024-02-03
133410,2024-02-03
133411,2024-02-03
133412,2024-02-03
133413,2024-02-03
133414,2024-02-03
133415,2024-02-03
133416,2024-02-03
133417,2024-02-03
133418,2024-02-03
133420,2024-02-03
133421,2024-02-03
133422,2024-02-03
133423,2024-02-03
133425,2024-02-03
133426,2024-02-03
133427,2024-02-03
133428,2024-02-03
133429,2024-02-03
133431,2024-02-03
133432,2024-02-03
133433,2024-02-03
133434,2024-02-03
133435,2024-02-03
133436,2024-02-03
133437,2024-02-03
133438,2024-02-03
133439,2024-02-03
133440,2024-02-03
133441,2024-02-03
133442,2024-02-03
133443,2024-02-03
133444,2024-02-03
133445,2024-02-03
133446,2024-02-03
133447,2024-02-03
133448,2024-02-03
133449,2024-02-03
133450,2024-02-03
133451,2024-02-03
133453,2024-02-03
133454,2024-02-03
133455,2024-02-03
133456,2024-02-03
133457,2024-02-03
133459,2024-02-03
133460,2024-02-03
133461,2024-02-03
133462,2024-02-03
133463,2024-02-03
133465,2024-02-03
133466,2024-02-03
133467,2024-02-03
133468,2024-02-03
133469,2024-02-03
133470,2024-02-03
133472,2024-02-03
133473,2024-02-03
133474,2024-02-03
133475,2024-02-03
133476,2024-02-03
133477,2024-02-03
133478,2024-02-03
133479,2024-02-03
133480,2024-02-03
133481,2024-02-03
133482,2024-02-03
133483,2024-02-03
133484,2024-02-03
133485,2024-02-03
133486,2024-02-03
133488,2024-02-03
133489,2024-02-03
133490,2024-02-03
133491,2024-02-03
133492,2024-02-03
133493,2024-02-03
133494,2024-02-03
133495,2024-02-03
133496,2024-02-03
133497,2024-02-03
133498,2024-02-03
133499,2024-02-03
133500,2024-02-03
133501,2024-02-03
133502,2024-02-04
133503,2024-02-04
133504,2024-02-04
133505,2024-02-04
133506,2024-02-04
133507,2024-02-04
133508,2024-02-04
133509,2024-02-04
133511,2024-02-04
133512,2024-02-04
133513,2024-02-04
133514,2024-02-04
133515,2024-02-04
133516,2024-02-04
133517,2024-02-04
133518,2024-02-04
133519,2024-02-04
133520,2024-02-04
133521,2024-02-04
133522,2024-02-04
133523,2024-02-04
133524,2024-02-04
133525,2024-02-04
133526,2024-02-04
133527,2024-02-04
133528,2024-02-04
133529,2024-02-04
133530,2024-02-04
133531,2024-02-04
133532,2024-02-04
133533,2024-02-04
133534,2024-02-04
133535,2024-02-04
133536,2024-02-04
133537,2024-02-04
133538,2024-02-04
133542,2024-02-04
133543,2024-02-04
133544,2024-02-04
133545,2024-02-04
133546,2024-02-04
133547,2024-02-04
133548,2024-02-04
133549,2024-02-04
133550,2024-02-04
133551,2024-02-04
133552,2024-02-04
133554,2024-02-04
133555,2024-02-04
133556,2024-02-04
133557,2024-02-04
133560,2024-02-04
133561,2024-02-04
133562,2024-02-04
133567,2024-02-04
133568,2024-02-04
133573,2024-02-04
133574,2024-02-04
133576,2024-02-04
133577,2024-02-04
133578,2024-02-04
133579,2024-02-04
133580,2024-02-04
133581,2024-02-04
133582,2024-02-04
133583,2024-02-04
133584,2024-02-04
133585,2024-02-04
133586,2024-02-04
133587,2024-02-04
133588,2024-02-04
133589,2024-02-04
133590,2024-02-04
133591,2024-02-04
133592,2024-02-04
133594,2024-02-04
133595,2024-02-04
133596,2024-02-04
133597,2024-02-04
133598,2024-02-04
133599,2024-02-04
133600,2024-02-04
133601,2024-02-04
133602,2024-02-04
133603,2024-02-04
133605,2024-02-04
133606,2024-02-04
133607,2024-02-04
133608,2024-02-04
133609,2024-02-04
133610,2024-02-04
133611,2024-02-04
133612,2024-02-04
133613,2024-02-04
133614,2024-02-05
133615,2024-02-05
133616,2024-02-05
133617,2024-02-05
133618,2024-02-05
133619,2024-02-05
133620,2024-02-05
133621,2024-02-05
133624,2024-02-05
133625,2024-02-05
133626,2024-02-05
133629,2024-02-05
133630,2024-02-05
133631,2024-02-05
133632,2024-02-05
133633,2024-02-05
133635,2024-02-05
133636,2024-02-05
133637,2024-02-05
133638,2024-02-05
133643,2024-02-05
133644,2024-02-05
133646,2024-02-05
133647,2024-02-05
133648,2024-02-05
133656,2024-02-05
133661,2024-02-05
133662,2024-02-05
133663,2024-02-05
133664,2024-02-05
133665,2024-02-05
133666,2024-02-05
133667,2024-02-05
133668,2024-02-05
133669,2024-02-05
133670,2024-02-05
133671,2024-02-05
133672,2024-02-05
133673,2024-02-05
133674,2024-02-05
133675,2024-02-05
133676,2024-02-05
133677,2024-02-05
133678,2024-02-05
133679,2024-02-05
133680,2024-02-05
133681,2024-02-05
133682,2024-02-05
133683,2024-02-05
133684,2024-02-05
133685,2024-02-05
133686,2024-02-05
133687,2024-02-05
133688,2024-02-05
133689,2024-02-05
133690,2024-02-05
133692,2024-02-05
133693,2024-02-05
133694,2024-02-05
133695,2024-02-05
133696,2024-02-05
133697,2024-02-05
133698,2024-02-05
133699,2024-02-05
133700,2024-02-05
133701,2024-02-05
133702,2024-02-05
133704,2024-02-05
133705,2024-02-05
133706,2024-02-05
133708,2024-02-05
133709,2024-02-05
133710,2024-02-05
133711,2024-02-05
133712,2024-02-05
133713,2024-02-05
133714,2024-02-05
133715,2024-02-05
133716,2024-02-05
133717,2024-02-05
133718,2024-02-05
133719,2024-02-05
133720,2024-02-05
133721,2024-02-05
133722,2024-02-05
133723,2024-02-05
133724,2024-02-05
133725,2024-02-05
133726,2024-02-05
133727,2024-02-05
133730,2024-02-05
133731,2024-02-05
133732,2024-02-05
133733,2024-02-05
133734,2024-02-05
133735,2024-02-05
133736,2024-02-05
133737,2024-02-06
133738,2024-02-06
133739,2024-02-06
133740,2024-02-06
133741,2024-02-06
133742,2024-02-06
133743,2024-02-06
133744,2024-02-06
133745,2024-02-06
133746,2024-02-06
133747,2024-02-06
133748,2024-02-06
133749,2024-02-06
133750,2024-02-06
133751,2024-02-06
133752,2024-02-06
133753,2024-02-06
133754,2024-02-06
133755,2024-02-06
133756,2024-02-06
133757,2024-02-06
133758,2024-02-06
133759,2024-02-06
133760,2024-02-06
133761,2024-02-06
133762,2024-02-06
133763,2024-02-06
133764,2024-02-06
133765,2024-02-06
133766,2024-02-06
133767,2024-02-06
133768,2024-02-06
133769,2024-02-06
133770,2024-02-06
133771,2024-02-06
133772,2024-02-06
133773,2024-02-06
133774,2024-02-06
133775,2024-02-06
133776,2024-02-06
133777,2024-02-06
133778,2024-02-06
133779,2024-02-06
133780,2024-02-06
133781,2024-02-06
133782,2024-02-06
133783,2024-02-06
133784,2024-02-06
133785,2024-02-06
133786,2024-02-06
133787,2024-02-06
133789,2024-02-06
133790,2024-02-06
133791,2024-02-06
133792,2024-02-06
133793,2024-02-06
133794,2024-02-06
133796,2024-02-06
133797,2024-02-06
133798,2024-02-06
133800,2024-02-06
133801,2024-02-06
133802,2024-02-06
133803,2024-02-06
133804,2024-02-06
133805,2024-02-06
133806,2024-02-06
133807,2024-02-06
133808,2024-02-06
133809,2024-02-06
133810,2024-02-06
133811,2024-02-06
133812,2024-02-06
133813,2024-02-06
133814,2024-02-06
133815,2024-02-06
133816,2024-02-06
133818,2024-02-06
133819,2024-02-06
133820,2024-02-06
133821,2024-02-06
133822,2024-02-06
133824,2024-02-06
133825,2024-02-06
133827,2024-02-06
133828,2024-02-06
133829,2024-02-06
133830,2024-02-06
133831,2024-02-06
133832,2024-02-06
133833,2024-02-06
133834,2024-02-06
133835,2024-02-06
133836,2024-02-06
133837,2024-02-07
133838,2024-02-07
133839,2024-02-07
133840,2024-02-07
133841,2024-02-07
133842,2024-02-07
133844,2024-02-07
133845,2024-02-07
133846,2024-02-07
133847,2024-02-07
133848,2024-02-07
133849,2024-02-07
133850,2024-02-07
133851,2024-02-07
133852,2024-02-07
133853,2024-02-07
133854,2024-02-07
133855,2024-02-07
133856,2024-02-07
133857,2024-02-07
133863,2024-02-07
133864,2024-02-07
133867,2024-02-07
133871,2024-02-07
133872,2024-02-07
133875,2024-02-07
133879,2024-02-07
133880,2024-02-07
133882,2024-02-07
133883,2024-02-07
133885,2024-02-07
133887,2024-02-07
133890,2024-02-07
133893,2024-02-07
133896,2024-02-07
133898,2024-02-07
133900,2024-02-07
133903,2024-02-07
133906,2024-02-07
133909,2024-02-07
133910,2024-02-07
133912,2024-02-07
133913,2024-02-07
133914,2024-02-07
133915,2024-02-07
133916,2024-02-07
133917,2024-02-07
133918,2024-02-07
133919,2024-02-07
133920,2024-02-07
133921,2024-02-07
133922,2024-02-07
133923,2024-02-07
133924,2024-02-07
133925,2024-02-07
133926,2024-02-07
133927,2024-02-07
133928,2024-02-07
133929,2024-02-07
133930,2024-02-07
133931,2024-02-07
133932,2024-02-07
133933,2024-02-07
133934,2024-02-07
133935,2024-02-07
133936,2024-02-07
133937,2024-02-07
133938,2024-02-07
133939,2024-02-07
133940,2024-02-07
133941,2024-02-07
133942,2024-02-07
133943,2024-02-07
133944,2024-02-07
133945,2024-02-07
133946,2024-02-07
133947,2024-02-07
133949,2024-02-07
133950,2024-02-26
133951,2024-02-26
133952,2024-02-26
133954,2024-02-26
133955,2024-02-26
133956,2024-02-26
133957,2024-02-26
133958,2024-02-26
133959,2024-02-26
133961,2024-02-27
133962,2024-02-27
133963,2024-02-27
133964,2024-02-27
133965,2024-02-27
133966,2024-02-27
133979,2024-02-27
133980,2024-02-27
133981,2024-02-27
133982,2024-02-27
133987,2024-02-27
133988,2024-02-27
133990,2024-02-27
133992,2024-02-27
133994,2024-02-27
133997,2024-02-27
133998,2024-02-27
133999,2024-02-27
134000,2024-02-27
134001,2024-02-27
134002,2024-02-27
134003,2024-02-27
134004,2024-02-27
134005,2024-02-27
134006,2024-02-27
134007,2024-02-27
134008,2024-02-27
134009,2024-02-27
134010,2024-02-27
134011,2024-02-27
134012,2024-02-27
134013,2024-02-27
134014,2024-02-27
134015,2024-02-27
134016,2024-02-27
134017,2024-02-27
134018,2024-02-27
134019,2024-02-27
134020,2024-02-27
134021,2024-02-27
134022,2024-02-27
134023,2024-02-27
134024,2024-02-27
134025,2024-02-27
134026,2024-02-27
134027,2024-02-27
134028,2024-02-27
134029,2024-02-27
134030,2024-02-27
134031,2024-02-27
134032,2024-02-27
134033,2024-02-27
134034,2024-02-27
134035,2024-02-27
134036,2024-02-27
134037,2024-02-27
134038,2024-02-27
134039,2024-02-27
134040,2024-02-27
134041,2024-02-27
134042,2024-02-27
134043,2024-02-27
134044,2024-02-27
134045,2024-02-27
134046,2024-02-27
134047,2024-02-27
134048,2024-02-27
134049,2024-02-27
134050,2024-02-27
134051,2024-02-27
134052,2024-02-27
134055,2024-02-27
134056,2024-02-27
134057,2024-02-27
134058,2024-02-27
134060,2024-02-27
134061,2024-02-28
134062,2024-02-28
134063,2024-02-28
134064,2024-02-28
134065,2024-02-28
134066,2024-02-28
134067,2024-02-28
134068,2024-02-28
134069,2024-02-28
134070,2024-02-28
134071,2024-02-28
134072,2024-02-28
134073,2024-02-28
134074,2024-02-28
134075,2024-02-28
134076,2024-02-28
134077,2024-02-28
134078,2024-02-28
134079,2024-02-28
134080,2024-02-28
134081,2024-02-28
134082,2024-02-28
134083,2024-02-28
134084,2024-02-28
134085,2024-02-28
134086,2024-02-28
134087,2024-02-28
134088,2024-02-28
134089,2024-02-28
134090,2024-02-28
134091,2024-02-28
134092,2024-02-28
134093,2024-02-28
134094,2024-02-28
134095,2024-02-28
134096,2024-02-28
134097,2024-02-28
134098,2024-02-28
134100,2024-02-28
134101,2024-02-28
134102,2024-02-28
134103,2024-02-28
134104,2024-02-28
134105,2024-02-28
134106,2024-02-28
134107,2024-02-28
134108,2024-02-28
134109,2024-02-28
134110,2024-02-28
134111,2024-02-28
134112,2024-02-28
134113,2024-02-28
134114,2024-02-28
134115,2024-02-28
134116,2024-02-28
134117,2024-02-28
134118,2024-02-28
134119,2024-02-28
134120,2024-02-28
134121,2024-02-28
134122,2024-02-28
134123,2024-02-28
134124,2024-02-28
134125,2024-02-28
134126,2024-02-28
134127,2024-02-28
134128,2024-02-28
134129,2024-02-28
134130,2024-02-28
134131,2024-02-28
134132,2024-02-28
134133,2024-02-28
134134,2024-02-28
134135,2024-02-28
134136,2024-02-28
134137,2024-02-28
134138,2024-02-28
134139,2024-02-28
134140,2024-02-28
134141,2024-02-28
134142,2024-02-28
134143,2024-02-28
134144,2024-02-28
134145,2024-02-28
134146,2024-02-28
134147,2024-02-28
134148,2024-02-28
134149,2024-02-28
134150,2024-02-28
134151,2024-02-28
134152,2024-02-28
134153,2024-02-28
134154,2024-02-28
134155,2024-02-28
134156,2024-02-28
134157,2024-02-28
134158,2024-02-28
134159,2024-02-28
134160,2024-02-28
134161,2024-02-28
134162,2024-02-28
134163,2024-02-28
134164,2024-02-28
134165,2024-02-28
134166,2024-02-28
134167,2024-02-28
134168,2024-02-28
134169,2024-02-28
134170,2024-02-28
134171,2024-02-28
134172,2024-02-28
134173,2024-02-28
134174,2024-02-28
134175,2024-02-28
134176,2024-02-28
134177,2024-02-28
134178,2024-02-28
134179,2024-02-28
134180,2024-02-28
134181,2024-02-28
134182,2024-02-28
134183,2024-02-28
134184,2024-02-28
134185,2024-02-29
134186,2024-02-29
134187,2024-02-29
134188,2024-02-29
134189,2024-02-29
134190,2024-02-29
134191,2024-02-29
134192,2024-02-29
134193,2024-02-29
134194,2024-02-29
134195,2024-02-29
134196,2024-02-29
134197,2024-02-29
134198,2024-02-29
134199,2024-02-29
134200,2024-02-29
134201,2024-02-29
134202,2024-02-29
134203,2024-02-29
134204,2024-02-29
134205,2024-02-29
134207,2024-02-29
134208,2024-02-29
134209,2024-02-29
134210,2024-02-29
134211,2024-02-29
134212,2024-02-29
134213,2024-02-29
134214,2024-02-29
134215,2024-02-29
134216,2024-02-29
134217,2024-02-29
134218,2024-02-29
134219,2024-02-29
134220,2024-02-29
134221,2024-02-29
134222,2024-02-29
134223,2024-02-29
134224,2024-02-29
134225,2024-02-29
134226,2024-02-29
134227,2024-02-29
134228,2024-02-29
134229,2024-02-29
134230,2024-02-29
134231,2024-02-29
134232,2024-02-29
134233,2024-02-29
134234,2024-02-29
134235,2024-02-29
134236,2024-02-29
134237,2024-02-29
134238,2024-02-29
134239,2024-02-29
134240,2024-02-29
134241,2024-02-29
134242,2024-02-29
134243,2024-02-29
134245,2024-02-29
134246,2024-02-29
134247,2024-02-29
134248,2024-02-29
134249,2024-02-29
134250,2024-02-29
134251,2024-02-29
134252,2024-02-29
134253,2024-02-29
134255,2024-02-29
134256,2024-02-29
134257,2024-02-29
134258,2024-02-29
134259,2024-02-29
134260,2024-02-29
134261,2024-02-29
134262,2024-02-29
134264,2024-02-29
134265,2024-02-29
134266,2024-02-29
134267,2024-02-29
134268,2024-02-29
134269,2024-02-29
134270,2024-02-29
134271,2024-03-01
134272,2024-03-01
134273,2024-03-01
134274,2024-03-01
134275,2024-03-01
134276,2024-03-01
134277,2024-03-01
134278,2024-03-01
134279,2024-03-01
134280,2024-03-01
134281,2024-03-01
134282,2024-03-01
134283,2024-03-01
134284,2024-03-01
134285,2024-03-01
134286,2024-03-01
134287,2024-03-01
134288,2024-03-01
134289,2024-03-01
134290,2024-03-01
134291,2024-03-01
134292,2024-03-01
134293,2024-03-01
134294,2024-03-01
134295,2024-03-01
134297,2024-03-01
134298,2024-03-01
134299,2024-03-01
134300,2024-03-01
134301,2024-03-01
134302,2024-03-01
134303,2024-03-01
134304,2024-03-01
134305,2024-03-01
134306,2024-03-01
134307,2024-03-01
134308,2024-03-01
134309,2024-03-01
134311,2024-03-01
134312,2024-03-01
134313,2024-03-01
134314,2024-03-01
134315,2024-03-01
134316,2024-03-01
134317,2024-03-01
134318,2024-03-01
134319,2024-03-01
134320,2024-03-01
134321,2024-03-01
134322,2024-03-01
134323,2024-03-01
134324,2024-03-01
134325,2024-03-01
134326,2024-03-01
134327,2024-03-01
134328,2024-03-01
134330,2024-03-01
134331,2024-03-01
134332,2024-03-01
134333,2024-03-01
134335,2024-03-01
134336,2024-03-01
134337,2024-03-01
134338,2024-03-01
134339,2024-03-01
134340,2024-03-01
134341,2024-03-01
134342,2024-03-01
134343,2024-03-01
134344,2024-03-01
134345,2024-03-01
134346,2024-03-01
134347,2024-03-02
134348,2024-03-02
134349,2024-03-02
134350,2024-03-02
134351,2024-03-02
134352,2024-03-02
134353,2024-03-02
134354,2024-03-02
134355,2024-03-02
134356,2024-03-02
134357,2024-03-02
134358,2024-03-02
134359,2024-03-02
134360,2024-03-02
134361,2024-03-02
134362,2024-03-02
134363,2024-03-02
134364,2024-03-02
134365,2024-03-02
134366,2024-03-02
134367,2024-03-02
134368,2024-03-02
134369,2024-03-02
134370,2024-03-02
134371,2024-03-02
134372,2024-03-02
134374,2024-03-02
134375,2024-03-02
134376,2024-03-02
134377,2024-03-02
134378,2024-03-02
134379,2024-03-02
134380,2024-03-02
134381,2024-03-02
134382,2024-03-02
134383,2024-03-02
134384,2024-03-02
134385,2024-03-02
134386,2024-03-02
134387,2024-03-02
134388,2024-03-02
134389,2024-03-02
134390,2024-03-02
134391,2024-03-02
134392,2024-03-02
134393,2024-03-02
134394,2024-03-02
134395,2024-03-02
134396,2024-03-02
134397,2024-03-02
134398,2024-03-02
134399,2024-03-02
134400,2024-03-02
134401,2024-03-02
134402,2024-03-02
134403,2024-03-02
134404,2024-03-02
134405,2024-03-02
134406,2024-03-02
134407,2024-03-02
134408,2024-03-02
134409,2024-03-02
134410,2024-03-02
134411,2024-03-02
134412,2024-03-02
134413,2024-03-02
134414,2024-03-02
134415,2024-03-02
134416,2024-03-02
134417,2024-03-02
134418,2024-03-02
134419,2024-03-02
134420,2024-03-02
134421,2024-03-02
134422,2024-03-02
134423,2024-03-02
134424,2024-03-02
134425,2024-03-02
134426,2024-03-02
134427,2024-03-02
134428,2024-03-02
134429,2024-03-02
134430,2024-03-02
134431,2024-03-02
134432,2024-03-02
134433,2024-03-04
134434,2024-03-04
134435,2024-03-04
134436,2024-03-04
134437,2024-03-04
134438,2024-03-04
134439,2024-03-04
134441,2024-03-04
134442,2024-03-04
134444,2024-03-04
134445,2024-03-04
134446,2024-03-04
134447,2024-03-04
134448,2024-03-04
134449,2024-03-04
134450,2024-03-04
134451,2024-03-04
134452,2024-03-04
134453,2024-03-04
134454,2024-03-04
134455,2024-03-04
134456,2024-03-04
134457,2024-03-04
134458,2024-03-04
134459,2024-03-04
134460,2024-03-04
134461,2024-03-04
134462,2024-03-04
134463,2024-03-04
134464,2024-03-04
134465,2024-03-04
134466,2024-03-04
134467,2024-03-04
134469,2024-03-04
134470,2024-03-04
134471,2024-03-04
134472,2024-03-04
134473,2024-03-04
134474,2024-03-04
134475,2024-03-04
134476,2024-03-04
134477,2024-03-04
134478,2024-03-04
134479,2024-03-04
134480,2024-03-04
134481,2024-03-04
134482,2024-03-04
134483,2024-03-04
134484,2024-03-04
134485,2024-03-04
134486,2024-03-04
134488,2024-03-04
134490,2024-03-04
134491,2024-03-04
134492,2024-03-04
134494,2024-03-04
134495,2024-03-04
134496,2024-03-04
134497,2024-03-04
134498,2024-03-04
134501,2024-03-04
134503,2024-03-04
134504,2024-03-05
134505,2024-03-05
134506,2024-03-05
134507,2024-03-05
134508,2024-03-05
134509,2024-03-05
134510,2024-03-05
134511,2024-03-05
134512,2024-03-05
134513,2024-03-05
134514,2024-03-05
134515,2024-03-05
134516,2024-03-05
134517,2024-03-05
134518,2024-03-05
134519,2024-03-05
134520,2024-03-05
134521,2024-03-05
134522,2024-03-05
134523,2024-03-05
134524,2024-03-05
134525,2024-03-05
134526,2024-03-05
134527,2024-03-05
134528,2024-03-05
134529,2024-03-05
134530,2024-03-05
134531,2024-03-05
134532,2024-03-05
134533,2024-03-05
134534,2024-03-05
134535,2024-03-05
134536,2024-03-05
134537,2024-03-05
134538,2024-03-05
134539,2024-03-05
134540,2024-03-05
134541,2024-03-05
134542,2024-03-05
134543,2024-03-05
134544,2024-03-05
134545,2024-03-05
134546,2024-03-05
134547,2024-03-05
134548,2024-03-05
134549,2024-03-05
134550,2024-03-05
134551,2024-03-05
134552,2024-03-05
134553,2024-03-05
134554,2024-03-05
134555,2024-03-05
134556,2024-03-05
134557,2024-03-05
134558,2024-03-05
134559,2024-03-05
134560,2024-03-05
134561,2024-03-05
134562,2024-03-05
134563,2024-03-05
134564,2024-03-05
134565,2024-03-05
134566,2024-03-05
134567,2024-03-05
134568,2024-03-05
134569,2024-03-05
134570,2024-03-05
134571,2024-03-05
134572,2024-03-05
134573,2024-03-05
134574,2024-03-05
134575,2024-03-05
134576,2024-03-05
134577,2024-03-05
134578,2024-03-05
134579,2024-03-05
134580,2024-03-05
134581,2024-03-05
134582,2024-03-05
134583,2024-03-05
134584,2024-03-05
134585,2024-03-05
134586,2024-03-05
134587,2024-03-05
134588,2024-03-05
134589,2024-03-05
134590,2024-03-05
134591,2024-03-05
134592,2024-03-05
134593,2024-03-06
134594,2024-03-06
134595,2024-03-06
134596,2024-03-06
134597,2024-03-06
134598,2024-03-06
134599,2024-03-06
134600,2024-03-06
134602,2024-03-06
134603,2024-03-06
134604,2024-03-06
134605,2024-03-06
134606,2024-03-06
134607,2024-03-06
134608,2024-03-06
134609,2024-03-06
134610,2024-03-06
134611,2024-03-06
134612,2024-03-06
134613,2024-03-06
134614,2024-03-06
134615,2024-03-06
134616,2024-03-06
134617,2024-03-06
134618,2024-03-06
134619,2024-03-06
134620,2024-03-06
134621,2024-03-06
134622,2024-03-06
134623,2024-03-06
134624,2024-03-06
134625,2024-03-06
134626,2024-03-06
134627,2024-03-06
134628,2024-03-06
134629,2024-03-06
134630,2024-03-06
134633,2024-03-06
134634,2024-03-06
134635,2024-03-06
134636,2024-03-06
134637,2024-03-06
134638,2024-03-06
134639,2024-03-06
134640,2024-03-06
134641,2024-03-06
134642,2024-03-06
134643,2024-03-06
134644,2024-03-06
134645,2024-03-06
134646,2024-03-06
134647,2024-03-06
134648,2024-03-06
134649,2024-03-06
134650,2024-03-06
134653,2024-03-06
134654,2024-03-06
134655,2024-03-06
134656,2024-03-06
134657,2024-03-06
134658,2024-03-06
134659,2024-03-06
134660,2024-03-06
134661,2024-03-06
134662,2024-03-06
134663,2024-03-06
134664,2024-03-06
134665,2024-03-06
134666,2024-03-06
134667,2024-03-06
134668,2024-03-06
134669,2024-03-06
134670,2024-03-06
134671,2024-03-07
134672,2024-03-07
134673,2024-03-07
134674,2024-03-07
134675,2024-03-07
134676,2024-03-07
134677,2024-03-07
134678,2024-03-07
134679,2024-03-07
134680,2024-03-07
134681,2024-03-07
134682,2024-03-07
134683,2024-03-07
134684,2024-03-07
134685,2024-03-07
134686,2024-03-07
134687,2024-03-07
134688,2024-03-07
134689,2024-03-07
134690,2024-03-07
134691,2024-03-07
134692,2024-03-07
134693,2024-03-07
134694,2024-03-07
134695,2024-03-07
134696,2024-03-07
134697,2024-03-07
134698,2024-03-07
134699,2024-03-07
134700,2024-03-07
134701,2024-03-07
134702,2024-03-07
134703,2024-03-07
134704,2024-03-07
134705,2024-03-07
134706,2024-03-07
134707,2024-03-07
134708,2024-03-07
134709,2024-03-07
134710,2024-03-07
134711,2024-03-07
134712,2024-03-07
134713,2024-03-07
134714,2024-03-07
134715,2024-03-07
134716,2024-03-07
134717,2024-03-07
134718,2024-03-07
134719,2024-03-07
134720,2024-03-07
134721,2024-03-07
134722,2024-03-07
134723,2024-03-07
134724,2024-03-07
134725,2024-03-07
134726,2024-03-07
134727,2024-03-07
134728,2024-03-07
134729,2024-03-07
134730,2024-03-07
134731,2024-03-07
134732,2024-03-07
134733,2024-03-07
134734,2024-03-07
134735,2024-03-07
134736,2024-03-07
134737,2024-03-07
134738,2024-03-07
134739,2024-03-07
134740,2024-03-07
134741,2024-03-07
134742,2024-03-07
134743,2024-03-07
134744,2024-03-07
134745,2024-03-07
134746,2024-03-07
134748,2024-03-07
134749,2024-03-07
134750,2024-03-07
134751,2024-03-07
134752,2024-03-07
134753,2024-03-08
134754,2024-03-08
134755,2024-03-08
134756,2024-03-08
134757,2024-03-08
134758,2024-03-08
134759,2024-03-08
134760,2024-03-08
134761,2024-03-08
134762,2024-03-08
134763,2024-03-08
134764,2024-03-08
134765,2024-03-08
134766,2024-03-08
134767,2024-03-08
134768,2024-03-08
134769,2024-03-08
134770,2024-03-08
134771,2024-03-08
134772,2024-03-08
134773,2024-03-08
134774,2024-03-08
134775,2024-03-08
134776,2024-03-08
134777,2024-03-08
134778,2024-03-08
134779,2024-03-08
134780,2024-03-08
134781,2024-03-08
134782,2024-03-08
134783,2024-03-08
134784,2024-03-08
134785,2024-03-08
134786,2024-03-08
134787,2024-03-08
134788,2024-03-08
134789,2024-03-08
134790,2024-03-08
134791,2024-03-08
134792,2024-03-08
134793,2024-03-08
134794,2024-03-08
134795,2024-03-08
134797,2024-03-08
134798,2024-03-08
134799,2024-03-08
134800,2024-03-08
134801,2024-03-08
134802,2024-03-08
134803,2024-03-08
134804,2024-03-08
134805,2024-03-08
134806,2024-03-08
134807,2024-03-08
134808,2024-03-08
134809,2024-03-08
134810,2024-03-08
134811,2024-03-08
134812,2024-03-08
134813,2024-03-08
134814,2024-03-08
134815,2024-03-08
134816,2024-03-08
134817,2024-03-08
134818,2024-03-08
134819,2024-03-08
134820,2024-03-08
134821,2024-03-08
134822,2024-03-08
134823,2024-03-08
134824,2024-03-08
134825,2024-03-08
134826,2024-03-08
134827,2024-03-08
134828,2024-03-08
134829,2024-03-08
134830,2024-03-08
134831,2024-03-08
134832,2024-03-08
134833,2024-03-08
134834,2024-03-08
134835,2024-03-08
134836,2024-03-08
134837,2024-03-08
134838,2024-03-08
134839,2024-03-08
134840,2024-03-08
134842,2024-03-08
134844,2024-03-08
134845,2024-03-08
134846,2024-03-08
134847,2024-03-08
134848,2024-03-09
134849,2024-03-09
134850,2024-03-09
134851,2024-03-09
134852,2024-03-09
134854,2024-03-09
134858,2024-03-09
134859,2024-03-09
134860,2024-03-09
134861,2024-03-09
134862,2024-03-09
134863,2024-03-09
134865,2024-03-09
134866,2024-03-09
134867,2024-03-09
134868,2024-03-09
134869,2024-03-09
134871,2024-03-09
134872,2024-03-09
134873,2024-03-09
134874,2024-03-09
134875,2024-03-09
134877,2024-03-09
134878,2024-03-09
134879,2024-03-09
134880,2024-03-09
134881,2024-03-09
134882,2024-03-09
134883,2024-03-09
134884,2024-03-09
134885,2024-03-09
134886,2024-03-09
134887,2024-03-09
134888,2024-03-09
134889,2024-03-09
134890,2024-03-09
134891,2024-03-09
134892,2024-03-09
134893,2024-03-09
134894,2024-03-09
134895,2024-03-09
134896,2024-03-09
134897,2024-03-09
134898,2024-03-09
134899,2024-03-09
134900,2024-03-09
134901,2024-03-09
134902,2024-03-09
134903,2024-03-09
134904,2024-03-09
134905,2024-03-09
134906,2024-03-09
134907,2024-03-09
134908,2024-03-09
134909,2024-03-09
134910,2024-03-09
134911,2024-03-09
134912,2024-03-09
134914,2024-03-09
134915,2024-03-09
134916,2024-03-09
134917,2024-03-09
134918,2024-03-09
134919,2024-03-09
134920,2024-03-09
134921,2024-03-09
134922,2024-03-09
134923,2024-03-09
134924,2024-03-09
134925,2024-03-09
134926,2024-03-09
134927,2024-03-09
134928,2024-03-09
134929,2024-03-09
134930,2024-03-11
134931,2024-03-11
134932,2024-03-11
134933,2024-03-11
134934,2024-03-11
134935,2024-03-11
134936,2024-03-11
134937,2024-03-11
134939,2024-03-11
134940,2024-03-11
134941,2024-03-11
134942,2024-03-11
134943,2024-03-11
134944,2024-03-11
134945,2024-03-11
134946,2024-03-11
134947,2024-03-11
134948,2024-03-11
134950,2024-03-11
134951,2024-03-11
134952,2024-03-11
134953,2024-03-11
134954,2024-03-11
134955,2024-03-11
134956,2024-03-11
134957,2024-03-11
134958,2024-03-11
134959,2024-03-11
134960,2024-03-11
134961,2024-03-11
134962,2024-03-11
134963,2024-03-11
134964,2024-03-11
134965,2024-03-11
134966,2024-03-11
134967,2024-03-11
134968,2024-03-11
134969,2024-03-11
134970,2024-03-11
134971,2024-03-11
134972,2024-03-11
134973,2024-03-11
134974,2024-03-11
134975,2024-03-11
134976,2024-03-11
134977,2024-03-11
134978,2024-03-11
134979,2024-03-11
134980,2024-03-11
134981,2024-03-11
134982,2024-03-11
134983,2024-03-11
134984,2024-03-11
134985,2024-03-11
134986,2024-03-11
134987,2024-03-11
134988,2024-03-11
134989,2024-03-11
134990,2024-03-11
134991,2024-03-11
134992,2024-03-11
134993,2024-03-11
134994,2024-03-11
134995,2024-03-11
134996,2024-03-11
134997,2024-03-11
134998,2024-03-11
134999,2024-03-11
135000,2024-03-11
135001,2024-03-11
135003,2024-03-11
135004,2024-03-11
135005,2024-03-11
135006,2024-03-11
135007,2024-03-11
135009,2024-03-11
135010,2024-03-11
135011,2024-03-11
135012,2024-03-11
135015,2024-03-11
135016,2024-03-11
135018,2024-03-11
135020,2024-03-11
135023,2024-03-11
135024,2024-03-11
135025,2024-03-11
135027,2024-03-11
135028,2024-03-11
135030,2024-03-11
135032,2024-03-11
135033,2024-03-11
135035,2024-03-11
135036,2024-03-11
135037,2024-03-12
135038,2024-03-12
135039,2024-03-12
135040,2024-03-12
135041,2024-03-12
135042,2024-03-12
135043,2024-03-12
135044,2024-03-12
135046,2024-03-12
135047,2024-03-12
135048,2024-03-12
135049,2024-03-12
135050,2024-03-12
135051,2024-03-12
135052,2024-03-12
135053,2024-03-12
135054,2024-03-12
135055,2024-03-12
135056,2024-03-12
135057,2024-03-12
135058,2024-03-12
135059,2024-03-12
135060,2024-03-12
135061,2024-03-12
135062,2024-03-12
135064,2024-03-12
135067,2024-03-12
135070,2024-03-12
135074,2024-03-12
135076,2024-03-12
135077,2024-03-12
135080,2024-03-12
135086,2024-03-12
135088,2024-03-12
135089,2024-03-12
135090,2024-03-12
135091,2024-03-12
135092,2024-03-12
135093,2024-03-12
135094,2024-03-12
135095,2024-03-12
135096,2024-03-12
135097,2024-03-12
135098,2024-03-12
135099,2024-03-12
135100,2024-03-12
135101,2024-03-12
135102,2024-03-12
135104,2024-03-12
135107,2024-03-12
135108,2024-03-12
135110,2024-03-12
135111,2024-03-12
135112,2024-03-12
135113,2024-03-12
135114,2024-03-12
135115,2024-03-12
135116,2024-03-12
135117,2024-03-12
135118,2024-03-12
135120,2024-03-12
135122,2024-03-12
135125,2024-03-12
135126,2024-03-13
135127,2024-03-13
135128,2024-03-13
135129,2024-03-13
135130,2024-03-13
135131,2024-03-13
135132,2024-03-13
135134,2024-03-13
135136,2024-03-13
135138,2024-03-13
135139,2024-03-13
135140,2024-03-13
135141,2024-03-13
135142,2024-03-13
135143,2024-03-13
135144,2024-03-13
135145,2024-03-13
135146,2024-03-13
135147,2024-03-13
135148,2024-03-13
135149,2024-03-13
135150,2024-03-13
135151,2024-03-13
135152,2024-03-13
135153,2024-03-13
135154,2024-03-13
135155,2024-03-13
135158,2024-03-13
135159,2024-03-13
135161,2024-03-13
135163,2024-03-13
135165,2024-03-13
135166,2024-03-13
135167,2024-03-13
135168,2024-03-13
135169,2024-03-13
135170,2024-03-13
135171,2024-03-13
135172,2024-03-13
135173,2024-03-13
135174,2024-03-13
135175,2024-03-13
135176,2024-03-13
135177,2024-03-13
135180,2024-03-13
135181,2024-03-13
135182,2024-03-13
135183,2024-03-13
135184,2024-03-13
135185,2024-03-13
135186,2024-03-13
135187,2024-03-13
135188,2024-03-13
135189,2024-03-13
135190,2024-03-13
135191,2024-03-13
135192,2024-03-13
135195,2024-03-13
135197,2024-03-13
135199,2024-03-13
135200,2024-03-13
135201,2024-03-13
135202,2024-03-14
135203,2024-03-14
135204,2024-03-14
135205,2024-03-14
135206,2024-03-14
135207,2024-03-14
135208,2024-03-14
135209,2024-03-14
135210,2024-03-14
135211,2024-03-14
135212,2024-03-14
135213,2024-03-14
135214,2024-03-14
135215,2024-03-14
135216,2024-03-14
135217,2024-03-14
135218,2024-03-14
135219,2024-03-14
135220,2024-03-14
135221,2024-03-14
135222,2024-03-14
135224,2024-03-14
135225,2024-03-14
135226,2024-03-14
135228,2024-03-14
135230,2024-03-14
135232,2024-03-14
135234,2024-03-14
135235,2024-03-14
135237,2024-03-14
135238,2024-03-14
135239,2024-03-14
135242,2024-03-14
135243,2024-03-14
135245,2024-03-14
135246,2024-03-14
135247,2024-03-14
135248,2024-03-14
135249,2024-03-14
135252,2024-03-14
135253,2024-03-14
135256,2024-03-14
135257,2024-03-14
135258,2024-03-14
135259,2024-03-14
135260,2024-03-14
135261,2024-03-14
135263,2024-03-14
135264,2024-03-14
135265,2024-03-14
135266,2024-03-14
135267,2024-03-14
135268,2024-03-14
135269,2024-03-14
135270,2024-03-14
135271,2024-03-14
135272,2024-03-14
135273,2024-03-14
135274,2024-03-14
135275,2024-03-14
135276,2024-03-14
135277,2024-03-14
135280,2024-03-14
135282,2024-03-14
135283,2024-03-14
135284,2024-03-14
135285,2024-03-14
135286,2024-03-14
135287,2024-03-14
135288,2024-03-14
135290,2024-03-14
135291,2024-03-14
135292,2024-03-14
135293,2024-03-14
135294,2024-03-14
135295,2024-03-14
135296,2024-03-14
135297,2024-03-14
135299,2024-03-14
135301,2024-03-14
135303,2024-03-14
135304,2024-03-14
135305,2024-03-14
135306,2024-03-14
135307,2024-03-14
135311,2024-03-14
135312,2024-03-14
135313,2024-03-14
135314,2024-03-15
135315,2024-03-15
135316,2024-03-15
135317,2024-03-15
135318,2024-03-15
135319,2024-03-15
135320,2024-03-15
135321,2024-03-15
135322,2024-03-15
135323,2024-03-15
135325,2024-03-15
135326,2024-03-15
135327,2024-03-15
135328,2024-03-15
135330,2024-03-15
135331,2024-03-15
135332,2024-03-15
135333,2024-03-15
135334,2024-03-15
135335,2024-03-15
135336,2024-03-15
135337,2024-03-15
135338,2024-03-15
135340,2024-03-15
135341,2024-03-15
135342,2024-03-15
135343,2024-03-15
135344,2024-03-15
135345,2024-03-15
135346,2024-03-15
135347,2024-03-15
135348,2024-03-15
135349,2024-03-15
135350,2024-03-15
135351,2024-03-15
135352,2024-03-15
135353,2024-03-15
135354,2024-03-15
135355,2024-03-15
135356,2024-03-15
135357,2024-03-15
135358,2024-03-15
135359,2024-03-15
135360,2024-03-15
135361,2024-03-15
135362,2024-03-15
135363,2024-03-15
135364,2024-03-15
135365,2024-03-15
135366,2024-03-15
135367,2024-03-15
135369,2024-03-15
135370,2024-03-15
135371,2024-03-15
135373,2024-03-15
135374,2024-03-15
135375,2024-03-15
135377,2024-03-15
135378,2024-03-15
135379,2024-03-15
135380,2024-03-15
135381,2024-03-15
135382,2024-03-15
135383,2024-03-15
135384,2024-03-15
135385,2024-03-15
135386,2024-03-15
135387,2024-03-15
135388,2024-03-15
135389,2024-03-15
135390,2024-03-15
135391,2024-03-15
135392,2024-03-15
135394,2024-03-15
135395,2024-03-15
135396,2024-03-15
135397,2024-03-15
135398,2024-03-15
135400,2024-03-16
135401,2024-03-16
135402,2024-03-16
135403,2024-03-16
135404,2024-03-16
135405,2024-03-16
135406,2024-03-16
135407,2024-03-16
135409,2024-03-16
135410,2024-03-16
135412,2024-03-16
135413,2024-03-16
135415,2024-03-16
135416,2024-03-16
135417,2024-03-16
135418,2024-03-16
135419,2024-03-16
135420,2024-03-16
135421,2024-03-16
135422,2024-03-16
135423,2024-03-16
135424,2024-03-16
135425,2024-03-16
135426,2024-03-16
135427,2024-03-16
135428,2024-03-16
135429,2024-03-16
135430,2024-03-16
135431,2024-03-16
135432,2024-03-16
135434,2024-03-16
135435,2024-03-16
135436,2024-03-16
135437,2024-03-16
135439,2024-03-16
135441,2024-03-16
135442,2024-03-16
135443,2024-03-16
135444,2024-03-16
135445,2024-03-16
135446,2024-03-16
135447,2024-03-16
135448,2024-03-16
135449,2024-03-16
135450,2024-03-16
135451,2024-03-16
135452,2024-03-16
135453,2024-03-16
135454,2024-03-16
135455,2024-03-16
135456,2024-03-16
135457,2024-03-16
135458,2024-03-16
135459,2024-03-16
135460,2024-03-16
135461,2024-03-16
135462,2024-03-16
135464,2024-03-16
135465,2024-03-16
135466,2024-03-16
135467,2024-03-16
135468,2024-03-16
135469,2024-03-16
135473,2024-03-16
135474,2024-03-16
135475,2024-03-16
135476,2024-03-16
135477,2024-03-16
135478,2024-03-16
135479,2024-03-16
135480,2024-03-16
135481,2024-03-18
135482,2024-03-18
135483,2024-03-18
135484,2024-03-18
135485,2024-03-18
135486,2024-03-18
135487,2024-03-18
135488,2024-03-18
135489,2024-03-18
135490,2024-03-18
135491,2024-03-18
135492,2024-03-18
135493,2024-03-18
135494,2024-03-18
135495,2024-03-18
135496,2024-03-18
135497,2024-03-18
135498,2024-03-18
135500,2024-03-18
135502,2024-03-18
135503,2024-03-18
135504,2024-03-18
135505,2024-03-18
135506,2024-03-18
135508,2024-03-18
135509,2024-03-18
135510,2024-03-18
135511,2024-03-18
135512,2024-03-18
135513,2024-03-18
135514,2024-03-18
135515,2024-03-18
135516,2024-03-18
135517,2024-03-18
135518,2024-03-18
135522,2024-03-18
135523,2024-03-18
135524,2024-03-18
135525,2024-03-18
135526,2024-03-18
135527,2024-03-18
135528,2024-03-18
135529,2024-03-18
135530,2024-03-18
135531,2024-03-18
135532,2024-03-18
135533,2024-03-18
135534,2024-03-18
135535,2024-03-18
135536,2024-03-18
135537,2024-03-18
135538,2024-03-18
135539,2024-03-18
135540,2024-03-18
135541,2024-03-18
135542,2024-03-18
135543,2024-03-18
135544,2024-03-18
135545,2024-03-18
135546,2024-03-18
135547,2024-03-18
135548,2024-03-18
135549,2024-03-18
135550,2024-03-18
135551,2024-03-18
135552,2024-03-18
135553,2024-03-18
135554,2024-03-18
135555,2024-03-18
135556,2024-03-18
135557,2024-03-18
135558,2024-03-18
135559,2024-03-18
135560,2024-03-18
135561,2024-03-18
135562,2024-03-18
135563,2024-03-18
135564,2024-03-18
135565,2024-03-18
135567,2024-03-18
135568,2024-03-18
135569,2024-03-18
135570,2024-03-18
135571,2024-03-18
135572,2024-03-18
135573,2024-03-19
135574,2024-03-19
135575,2024-03-19
135576,2024-03-19
135577,2024-03-19
135578,2024-03-19
135579,2024-03-19
135580,2024-03-19
135581,2024-03-19
135582,2024-03-19
135583,2024-03-19
135584,2024-03-19
135585,2024-03-19
135586,2024-03-19
135587,2024-03-19
135588,2024-03-19
135589,2024-03-19
135590,2024-03-19
135591,2024-03-19
135592,2024-03-19
135593,2024-03-19
135594,2024-03-19
135595,2024-03-19
135596,2024-03-19
135597,2024-03-19
135598,2024-03-19
135599,2024-03-19
135600,2024-03-19
135601,2024-03-19
135602,2024-03-19
135603,2024-03-19
135604,2024-03-19
135605,2024-03-19
135606,2024-03-19
135607,2024-03-19
135608,2024-03-19
135609,2024-03-19
135610,2024-03-19
135611,2024-03-19
135612,2024-03-19
135614,2024-03-19
135615,2024-03-19
135616,2024-03-19
135617,2024-03-19
135620,2024-03-19
135621,2024-03-19
135623,2024-03-19
135624,2024-03-19
135625,2024-03-19
135626,2024-03-19
135627,2024-03-19
135628,2024-03-19
135629,2024-03-19
135630,2024-03-19
135631,2024-03-19
135633,2024-03-19
135634,2024-03-19
135635,2024-03-19
135636,2024-03-19
135637,2024-03-19
135638,2024-03-19
135639,2024-03-19
135640,2024-03-19
135641,2024-03-19
135642,2024-03-19
135643,2024-03-19
135645,2024-03-19
135646,2024-03-19
135647,2024-03-19
135648,2024-03-19
135649,2024-03-19
135650,2024-03-19
135651,2024-03-19
135652,2024-03-19
135653,2024-03-19
135654,2024-03-19
135655,2024-03-19
135656,2024-03-19
135657,2024-03-19
135658,2024-03-20
135659,2024-03-20
135660,2024-03-20
135661,2024-03-20
135662,2024-03-20
135663,2024-03-20
135664,2024-03-20
135666,2024-03-20
135667,2024-03-20
135668,2024-03-20
135669,2024-03-20
135670,2024-03-20
135671,2024-03-20
135672,2024-03-20
135673,2024-03-20
135674,2024-03-20
135675,2024-03-20
135676,2024-03-20
135678,2024-03-20
135679,2024-03-20
135680,2024-03-20
135682,2024-03-20
135683,2024-03-20
135684,2024-03-20
135685,2024-03-20
135686,2024-03-20
135687,2024-03-20
135688,2024-03-20
135689,2024-03-20
135690,2024-03-20
135691,2024-03-20
135692,2024-03-20
135693,2024-03-20
135694,2024-03-20
135695,2024-03-20
135696,2024-03-20
135697,2024-03-20
135698,2024-03-20
135699,2024-03-20
135700,2024-03-20
135701,2024-03-20
135702,2024-03-20
135703,2024-03-20
135704,2024-03-20
135705,2024-03-20
135706,2024-03-20
135707,2024-03-20
135708,2024-03-20
135709,2024-03-20
135711,2024-03-20
135712,2024-03-20
135713,2024-03-20
135714,2024-03-20
135715,2024-03-20
135716,2024-03-20
135717,2024-03-20
135718,2024-03-20
135719,2024-03-20
135720,2024-03-20
135721,2024-03-20
135723,2024-03-20
135724,2024-03-20
135725,2024-03-20
135727,2024-03-20
135728,2024-03-20
135729,2024-03-20
135730,2024-03-20
135731,2024-03-20
135733,2024-03-20
135734,2024-03-20
135736,2024-03-20
135737,2024-03-20
135738,2024-03-20
135739,2024-03-20
135740,2024-03-20
135741,2024-03-20
135742,2024-03-20
135744,2024-03-20
135745,2024-03-20
135746,2024-03-20
135747,2024-03-20
135749,2024-03-20
135753,2024-03-20
135754,2024-03-20
135755,2024-03-20
135756,2024-03-20
135759,2024-03-20
135760,2024-03-20
135761,2024-03-20
135762,2024-03-20
135763,2024-03-20
135764,2024-03-20
135765,2024-03-20
135766,2024-03-21
135767,2024-03-21
135768,2024-03-21
135769,2024-03-21
135770,2024-03-21
135771,2024-03-21
135772,2024-03-21
135774,2024-03-21
135775,2024-03-21
135776,2024-03-21
135777,2024-03-21
135778,2024-03-21
135779,2024-03-21
135780,2024-03-21
135781,2024-03-21
135782,2024-03-21
135783,2024-03-21
135784,2024-03-21
135785,2024-03-21
135786,2024-03-21
135787,2024-03-21
135788,2024-03-21
135789,2024-03-21
135790,2024-03-21
135791,2024-03-21
135792,2024-03-21
135793,2024-03-21
135794,2024-03-21
135795,2024-03-21
135799,2024-03-21
135800,2024-03-21
135801,2024-03-21
135802,2024-03-21
135803,2024-03-21
135804,2024-03-21
135805,2024-03-21
135806,2024-03-21
135807,2024-03-21
135808,2024-03-21
135809,2024-03-21
135810,2024-03-21
135811,2024-03-21
135812,2024-03-21
135813,2024-03-21
135814,2024-03-21
135815,2024-03-21
135816,2024-03-21
135817,2024-03-21
135818,2024-03-21
135819,2024-03-21
135820,2024-03-21
135821,2024-03-21
135822,2024-03-21
135823,2024-03-21
135824,2024-03-21
135825,2024-03-21
135828,2024-03-21
135833,2024-03-21
135834,2024-03-21
135835,2024-03-21
135836,2024-03-21
135837,2024-03-21
135838,2024-03-21
135840,2024-03-21
135841,2024-03-21
135842,2024-03-21
135844,2024-03-21
135845,2024-03-21
135846,2024-03-21
135848,2024-03-22
135849,2024-03-22
135850,2024-03-22
135851,2024-03-22
135852,2024-03-22
135853,2024-03-22
135854,2024-03-22
135855,2024-03-22
135856,2024-03-22
135857,2024-03-22
135858,2024-03-22
135860,2024-03-22
135862,2024-03-22
135863,2024-03-22
135864,2024-03-22
135865,2024-03-22
135866,2024-03-22
135867,2024-03-22
135868,2024-03-22
135869,2024-03-22
135870,2024-03-22
135871,2024-03-22
135875,2024-03-22
135876,2024-03-22
135877,2024-03-22
135879,2024-03-22
135880,2024-03-22
135881,2024-03-22
135882,2024-03-22
135883,2024-03-22
135884,2024-03-22
135885,2024-03-22
135886,2024-03-22
135887,2024-03-26
135888,2024-03-26
135889,2024-03-26
135890,2024-03-26
135891,2024-03-26
135892,2024-03-26
135893,2024-03-26
135894,2024-03-26
135895,2024-03-26
135896,2024-03-26
135897,2024-03-26
135898,2024-03-26
135899,2024-03-26
135900,2024-03-26
135901,2024-03-26
135902,2024-03-26
135903,2024-03-26
135904,2024-03-26
135905,2024-03-26
135906,2024-03-26
135907,2024-03-26
135908,2024-03-26
135909,2024-03-26
135910,2024-03-26
135911,2024-03-26
135912,2024-03-26
135913,2024-03-26
135914,2024-03-26
135915,2024-03-26
135916,2024-03-26
135917,2024-03-26
135918,2024-03-26
135919,2024-03-26
135920,2024-03-26
135921,2024-03-26
135922,2024-03-26
135923,2024-03-26
135924,2024-03-26
135925,2024-03-26
135926,2024-03-26
135927,2024-03-26
135928,2024-03-26
135929,2024-03-26
135930,2024-03-26
135931,2024-03-26
135932,2024-03-26
135933,2024-03-26
135934,2024-03-26
135935,2024-03-26
135936,2024-03-26
135937,2024-03-26
135938,2024-03-26
135939,2024-03-26
135940,2024-03-26
135941,2024-03-26
135942,2024-03-26
135943,2024-03-26
135944,2024-03-26
135945,2024-03-26
135946,2024-03-26
135947,2024-03-26
135948,2024-03-26
135949,2024-03-26
135950,2024-03-26
135951,2024-03-26
135952,2024-03-26
135953,2024-03-26
135954,2024-03-26
135955,2024-03-26
135957,2024-03-26
135958,2024-03-26
135959,2024-03-26
135960,2024-03-26
135961,2024-03-27
135962,2024-03-27
135963,2024-03-27
135964,2024-03-27
135965,2024-03-27
135966,2024-03-27
135967,2024-03-27
135968,2024-03-27
135969,2024-03-27
135970,2024-03-27
135971,2024-03-27
135972,2024-03-27
135973,2024-03-27
135974,2024-03-27
135975,2024-03-27
135976,2024-03-27
135977,2024-03-27
135978,2024-03-27
135979,2024-03-27
135980,2024-03-27
135981,2024-03-27
135982,2024-03-27
135983,2024-03-27
135984,2024-03-27
135985,2024-03-27
135987,2024-03-27
135988,2024-03-27
135989,2024-03-27
135990,2024-03-27
135991,2024-03-27
135992,2024-03-27
135993,2024-03-27
135994,2024-03-27
135995,2024-03-27
135996,2024-03-27
135997,2024-03-27
135998,2024-03-27
135999,2024-03-27
136000,2024-03-27
136001,2024-03-27
136002,2024-03-27
136003,2024-03-27
136004,2024-03-27
136005,2024-03-27
136006,2024-03-27
136007,2024-03-27
136008,2024-03-27
136009,2024-03-27
136010,2024-03-27
136011,2024-03-27
136012,2024-03-27
136013,2024-03-27
136014,2024-03-27
136015,2024-03-27
136016,2024-03-27
136017,2024-03-27
136018,2024-03-27
136019,2024-03-27
136020,2024-03-27
136021,2024-03-27
136022,2024-03-27
136024,2024-03-27
136025,2024-03-27
136028,2024-03-27
136029,2024-03-27
136030,2024-03-27
136031,2024-03-27
136032,2024-03-27
136033,2024-03-27
136039,2024-03-27
136040,2024-03-27
136041,2024-03-27
136042,2024-03-27
136043,2024-03-27
136044,2024-03-27
136045,2024-03-27
136046,2024-03-27
136047,2024-03-27
136048,2024-03-27
136049,2024-03-27
136050,2024-03-27
136051,2024-03-27
136052,2024-03-27
136053,2024-03-27
136054,2024-03-27
136055,2024-03-27
136056,2024-03-27
136057,2024-03-27
136058,2024-03-27
136059,2024-03-27
136060,2024-03-27
136061,2024-03-27
136062,2024-03-27
136063,2024-03-27
136064,2024-03-27
136065,2024-03-27
136066,2024-03-27
136067,2024-03-27
136068,2024-03-27
136069,2024-03-27
136070,2024-03-27
136071,2024-03-27
136072,2024-03-27
136073,2024-03-28
136074,2024-03-28
136075,2024-03-28
136076,2024-03-28
136077,2024-03-28
136078,2024-03-28
136079,2024-03-28
136081,2024-03-28
136082,2024-03-28
136083,2024-03-28
136084,2024-03-28
136085,2024-03-28
136086,2024-03-28
136088,2024-03-28
136089,2024-03-28
136090,2024-03-28
136091,2024-03-28
136092,2024-03-28
136093,2024-03-28
136094,2024-03-28
136096,2024-03-28
136097,2024-03-28
136098,2024-03-28
136099,2024-03-28
136100,2024-03-28
136101,2024-03-28
136102,2024-03-28
136103,2024-03-28
136104,2024-03-28
136105,2024-03-28
136106,2024-03-28
136107,2024-03-28
136108,2024-03-28
136109,2024-03-28
136110,2024-03-28
136111,2024-03-28
136112,2024-03-28
136113,2024-03-28
136114,2024-03-28
136115,2024-03-28
136116,2024-03-28
136117,2024-03-28
136118,2024-03-28
136119,2024-03-28
136120,2024-03-28
136121,2024-03-28
136122,2024-03-28
136123,2024-03-28
136124,2024-03-28
136125,2024-03-28
136126,2024-03-28
136127,2024-03-28
136128,2024-03-28
136129,2024-03-28
136130,2024-03-28
136131,2024-03-28
136132,2024-03-28
136133,2024-03-28
136134,2024-03-28
136135,2024-03-28
136136,2024-03-28
136137,2024-03-28
136138,2024-03-28
136139,2024-03-28
136140,2024-03-28
136141,2024-03-28
136142,2024-03-28
136143,2024-03-28
136144,2024-03-28
136145,2024-03-28
136146,2024-03-28
136147,2024-03-28
136148,2024-03-28
136149,2024-03-28
136150,2024-03-28
136151,2024-03-28
136152,2024-03-28
136153,2024-03-28
136154,2024-03-28
136155,2024-03-28
136156,2024-03-28
136157,2024-03-28
136158,2024-03-28
136159,2024-03-28
136160,2024-03-28
136161,2024-03-28
136163,2024-03-28
136164,2024-03-28
136165,2024-03-28
136167,2024-03-28
136169,2024-03-28
136170,2024-03-28
136171,2024-03-28
136172,2024-03-28
136173,2024-03-28
136174,2024-03-29
136175,2024-03-29
136176,2024-03-29
136177,2024-03-29
136178,2024-03-29
136179,2024-03-29
136180,2024-03-29
136181,2024-03-29
136182,2024-03-29
136183,2024-03-29
136184,2024-03-29
136185,2024-03-29
136186,2024-03-29
136187,2024-03-29
136188,2024-03-29
136189,2024-03-29
136192,2024-03-29
136193,2024-03-29
136194,2024-03-29
136195,2024-03-29
136196,2024-03-29
136197,2024-03-29
136198,2024-03-29
136199,2024-03-29
136200,2024-03-29
136201,2024-03-29
136202,2024-03-29
136203,2024-03-29
136204,2024-03-29
136205,2024-03-29
136206,2024-03-29
136207,2024-03-29
136208,2024-03-29
136209,2024-03-29
136210,2024-03-29
136211,2024-03-29
136212,2024-03-29
136213,2024-03-29
136214,2024-03-29
136215,2024-03-29
136216,2024-03-29
136217,2024-03-29
136218,2024-03-29
136219,2024-03-29
136220,2024-03-29
136221,2024-03-29
136222,2024-03-29
136223,2024-03-29
136224,2024-03-29
136225,2024-03-29
136226,2024-03-29
136227,2024-03-29
136228,2024-03-29
136229,2024-03-29
136230,2024-03-29
136231,2024-03-29
136232,2024-03-29
136233,2024-03-29
136234,2024-03-29
136235,2024-03-29
136236,2024-03-29
136237,2024-03-29
136238,2024-03-29
136239,2024-03-29
136240,2024-03-29
136241,2024-03-29
136242,2024-03-29
136243,2024-03-29
136244,2024-03-29
136245,2024-03-29
136246,2024-03-29
136247,2024-03-29
136248,2024-03-29
136249,2024-03-29
136250,2024-03-29
136251,2024-03-29
136252,2024-03-29
136253,2024-03-29
136254,2024-03-29
136255,2024-03-29
136256,2024-03-29
136257,2024-03-29
136258,2024-03-29
136260,2024-03-29
136261,2024-03-29
136262,2024-03-29
136263,2024-03-29
136264,2024-03-29
136265,2024-03-29
136266,2024-03-29
136267,2024-03-29
136268,2024-03-29
136269,2024-03-29
136270,2024-03-29
136271,2024-03-29
136272,2024-03-29
136273,2024-03-29
136274,2024-03-29
136275,2024-03-29
136276,2024-03-29
136277,2024-03-29
136278,2024-03-29
136279,2024-03-29
136280,2024-03-29
136281,2024-03-30
136282,2024-03-30
136283,2024-03-30
136284,2024-03-30
136285,2024-03-30
136286,2024-03-30
136287,2024-03-30
136288,2024-03-30
136289,2024-03-30
136290,2024-03-30
136291,2024-03-30
136292,2024-03-30
136293,2024-03-30
136294,2024-03-30
136296,2024-03-30
136297,2024-03-30
136299,2024-03-30
136300,2024-03-30
136302,2024-03-30
136303,2024-03-30
136304,2024-03-30
136305,2024-03-30
136317,2024-03-30
136318,2024-03-30
136319,2024-03-30
136320,2024-03-30
136321,2024-03-30
136322,2024-03-30
136323,2024-03-30
136324,2024-03-30
136325,2024-03-30
136326,2024-03-30
136327,2024-03-30
136330,2024-03-30
136332,2024-03-30
136334,2024-03-30
136338,2024-03-30
136339,2024-03-30
136343,2024-03-30
136349,2024-03-30
136352,2024-03-30
136353,2024-03-30
136354,2024-03-30
136355,2024-03-30
136356,2024-03-30
136357,2024-03-30
136359,2024-03-30
136360,2024-03-30
136364,2024-03-30
136365,2024-03-30
136369,2024-03-30
136370,2024-03-30
136375,2024-03-30
136376,2024-03-30
136377,2024-03-30
136378,2024-03-30
136379,2024-03-30
136380,2024-03-30
136381,2024-03-30
136382,2024-03-30
136383,2024-03-30
136384,2024-03-30
136385,2024-03-30
136386,2024-03-30
136387,2024-03-30
136388,2024-03-30
136389,2024-03-30
136390,2024-04-01
136391,2024-04-01
136392,2024-04-01
136393,2024-04-01
136394,2024-04-01
136395,2024-04-01
136397,2024-04-01
136398,2024-04-01
136399,2024-04-01
136400,2024-04-01
136401,2024-04-01
136402,2024-04-01
136403,2024-04-01
136404,2024-04-01
136405,2024-04-01
136406,2024-04-01
136407,2024-04-01
136408,2024-04-01
136409,2024-04-01
136410,2024-04-01
136411,2024-04-01
136412,2024-04-01
136413,2024-04-01
136414,2024-04-01
136415,2024-04-01
136416,2024-04-01
136417,2024-04-01
136418,2024-04-01
136419,2024-04-01
136420,2024-04-01
136421,2024-04-01
136422,2024-04-01
136423,2024-04-01
136424,2024-04-01
136425,2024-04-01
136426,2024-04-01
136427,2024-04-01
136428,2024-04-01
136429,2024-04-01
136430,2024-04-01
136431,2024-04-01
136432,2024-04-01
136433,2024-04-01
136434,2024-04-01
136435,2024-04-01
136436,2024-04-01
136437,2024-04-01
136438,2024-04-01
136439,2024-04-01
136440,2024-04-01
136441,2024-04-01
136442,2024-04-01
136443,2024-04-01
136444,2024-04-01
136445,2024-04-01
136446,2024-04-01
136447,2024-04-01
136448,2024-04-01
136449,2024-04-01
136450,2024-04-01
136451,2024-04-01
136452,2024-04-01
136453,2024-04-01
136454,2024-04-01
136455,2024-04-01
136456,2024-04-01
136457,2024-04-01
136458,2024-04-01
136459,2024-04-01
136460,2024-04-01
136461,2024-04-01
136462,2024-04-01
136463,2024-04-01
136464,2024-04-01
136465,2024-04-01
136466,2024-04-01
136467,2024-04-01
136468,2024-04-01
136469,2024-04-01
136470,2024-04-01
136471,2024-04-01
136472,2024-04-01
136473,2024-04-01
136474,2024-04-01
136475,2024-04-01
136476,2024-04-01
136477,2024-04-01
136478,2024-04-01
136479,2024-04-01
136480,2024-04-01
136481,2024-04-01
136482,2024-04-01
136483,2024-04-01
136484,2024-04-01
136485,2024-04-01
136486,2024-04-01
136487,2024-04-01
136488,2024-04-01
136489,2024-04-01
136490,2024-04-01
136491,2024-04-01
136493,2024-04-01
136494,2024-04-01
136495,2024-04-01
136496,2024-04-01
136497,2024-04-01
136498,2024-04-02
136499,2024-04-02
136500,2024-04-02
136501,2024-04-02
136502,2024-04-02
136503,2024-04-02
136505,2024-04-02
136506,2024-04-02
136507,2024-04-02
136508,2024-04-02
136509,2024-04-02
136510,2024-04-02
136511,2024-04-02
136512,2024-04-02
136513,2024-04-02
136514,2024-04-02
136515,2024-04-02
136516,2024-04-02
136518,2024-04-02
136519,2024-04-02
136520,2024-04-02
136522,2024-04-02
136523,2024-04-02
136524,2024-04-02
136525,2024-04-02
136526,2024-04-02
136527,2024-04-02
136528,2024-04-02
136529,2024-04-02
136530,2024-04-02
136531,2024-04-02
136532,2024-04-02
136533,2024-04-02
136536,2024-04-02
136537,2024-04-02
136538,2024-04-02
136539,2024-04-02
136540,2024-04-02
136541,2024-04-02
136542,2024-04-02
136543,2024-04-02
136544,2024-04-02
136545,2024-04-02
136546,2024-04-02
136547,2024-04-02
136548,2024-04-02
136549,2024-04-02
136550,2024-04-02
136551,2024-04-02
136552,2024-04-02
136553,2024-04-02
136554,2024-04-02
136555,2024-04-02
136556,2024-04-02
136557,2024-04-02
136558,2024-04-02
136559,2024-04-02
136560,2024-04-02
136561,2024-04-02
136562,2024-04-02
136563,2024-04-02
136564,2024-04-02
136565,2024-04-02
136567,2024-04-02
136568,2024-04-02
136569,2024-04-02
136570,2024-04-02
136571,2024-04-02
136572,2024-04-02
136573,2024-04-02
136574,2024-04-02
136575,2024-04-02
136576,2024-04-02
136577,2024-04-02
136579,2024-04-02
136580,2024-04-02
136581,2024-04-02
136582,2024-04-02
136583,2024-04-02
136584,2024-04-02
136585,2024-04-02
136587,2024-04-02
136588,2024-04-02
136589,2024-04-02
136590,2024-04-02
136593,2024-04-02
136594,2024-04-03
136595,2024-04-03
136596,2024-04-03
136597,2024-04-03
136598,2024-04-03
136599,2024-04-03
136600,2024-04-03
136601,2024-04-03
136602,2024-04-03
136603,2024-04-03
136604,2024-04-03
136605,2024-04-03
136606,2024-04-03
136607,2024-04-03
136608,2024-04-03
136609,2024-04-03
136610,2024-04-03
136613,2024-04-03
136615,2024-04-03
136617,2024-04-03
136618,2024-04-03
136619,2024-04-03
136620,2024-04-03
136621,2024-04-03
136622,2024-04-03
136624,2024-04-03
136626,2024-04-03
136627,2024-04-03
136632,2024-04-03
136634,2024-04-03
136636,2024-04-03
136637,2024-04-03
136638,2024-04-03
136639,2024-04-03
136640,2024-04-03
136642,2024-04-03
136644,2024-04-03
136646,2024-04-03
136647,2024-04-03
136648,2024-04-03
136650,2024-04-03
136651,2024-04-03
136652,2024-04-03
136654,2024-04-03
136656,2024-04-03
136657,2024-04-03
136659,2024-04-03
136660,2024-04-03
136661,2024-04-03
136662,2024-04-03
136663,2024-04-03
136664,2024-04-03
136665,2024-04-03
136666,2024-04-03
136667,2024-04-03
136668,2024-04-03
136669,2024-04-03
136670,2024-04-03
136671,2024-04-03
136672,2024-04-03
136673,2024-04-03
136674,2024-04-03
136676,2024-04-03
136677,2024-04-03
136678,2024-04-03
136679,2024-04-03
136680,2024-04-03
136681,2024-04-03
136682,2024-04-03
136683,2024-04-03
136684,2024-04-03
136685,2024-04-03
136686,2024-04-03
136687,2024-04-03
136688,2024-04-03
136689,2024-04-03
136690,2024-04-04
136691,2024-04-04
136692,2024-04-04
136693,2024-04-04
136694,2024-04-04
136695,2024-04-04
136696,2024-04-04
136697,2024-04-04
136698,2024-04-04
136699,2024-04-04
136700,2024-04-04
136701,2024-04-04
136702,2024-04-04
136704,2024-04-04
136705,2024-04-04
136706,2024-04-04
136707,2024-04-04
136708,2024-04-04
136709,2024-04-04
136710,2024-04-04
136711,2024-04-04
136712,2024-04-04
136713,2024-04-04
136714,2024-04-04
136715,2024-04-04
136716,2024-04-04
136717,2024-04-04
136718,2024-04-04
136719,2024-04-04
136720,2024-04-04
136721,2024-04-04
136722,2024-04-04
136723,2024-04-04
136724,2024-04-04
136725,2024-04-04
136726,2024-04-04
136727,2024-04-04
136728,2024-04-04
136729,2024-04-04
136730,2024-04-04
136731,2024-04-04
136732,2024-04-04
136734,2024-04-04
136735,2024-04-04
136736,2024-04-04
136737,2024-04-04
136739,2024-04-04
136740,2024-04-04
136741,2024-04-04
136742,2024-04-04
136743,2024-04-04
136744,2024-04-04
136745,2024-04-04
136746,2024-04-04
136747,2024-04-04
136748,2024-04-04
136749,2024-04-04
136750,2024-04-04
136751,2024-04-04
136753,2024-04-04
136754,2024-04-04
136755,2024-04-04
136756,2024-04-04
136757,2024-04-04
136758,2024-04-04
136759,2024-04-04
136760,2024-04-04
136761,2024-04-04
136762,2024-04-04
136763,2024-04-04
136764,2024-04-04
136765,2024-04-04
136768,2024-04-04
136769,2024-04-04
136770,2024-04-04
136771,2024-04-04
136772,2024-04-04
136773,2024-04-04
136776,2024-04-04
136779,2024-04-04
136780,2024-04-04
136781,2024-04-04
136782,2024-04-04
136783,2024-04-04
136785,2024-04-04
136786,2024-04-04
136788,2024-04-04
136789,2024-04-04
136791,2024-04-04
136792,2024-04-04
136794,2024-04-04
136795,2024-04-04
136796,2024-04-04
136797,2024-04-05
136798,2024-04-05
136799,2024-04-05
136800,2024-04-05
136801,2024-04-05
136802,2024-04-05
136805,2024-04-05
136807,2024-04-05
136808,2024-04-05
136809,2024-04-05
136812,2024-04-05
136813,2024-04-05
136814,2024-04-05
136815,2024-04-05
136816,2024-04-05
136817,2024-04-05
136818,2024-04-05
136819,2024-04-05
136820,2024-04-05
136821,2024-04-05
136822,2024-04-05
136823,2024-04-05
136825,2024-04-05
136826,2024-04-05
136827,2024-04-05
136828,2024-04-05
136829,2024-04-05
136830,2024-04-05
136831,2024-04-05
136833,2024-04-05
136834,2024-04-05
136835,2024-04-05
136836,2024-04-05
136838,2024-04-05
136839,2024-04-05
136840,2024-04-05
136841,2024-04-05
136842,2024-04-05
136843,2024-04-05
136844,2024-04-05
136845,2024-04-05
136846,2024-04-05
136849,2024-04-05
136850,2024-04-05
136851,2024-04-05
136852,2024-04-05
136853,2024-04-05
136854,2024-04-05
136855,2024-04-05
136856,2024-04-05
136861,2024-04-05
136862,2024-04-05
136863,2024-04-05
136864,2024-04-05
136865,2024-04-05
136866,2024-04-05
136867,2024-04-05
136869,2024-04-05
136870,2024-04-05
136871,2024-04-05
136872,2024-04-05
136873,2024-04-05
136874,2024-04-05
136875,2024-04-05
136877,2024-04-05
136878,2024-04-05
136879,2024-04-05
136880,2024-04-05
136881,2024-04-05
136884,2024-04-05
136885,2024-04-05
136886,2024-04-05
136887,2024-04-05
136889,2024-04-05
136892,2024-04-05
136896,2024-04-05
136898,2024-04-07
136899,2024-04-07
136900,2024-04-07
136901,2024-04-07
136902,2024-04-07
136903,2024-04-07
136905,2024-04-07
136906,2024-04-07
136907,2024-04-07
136908,2024-04-07
136909,2024-04-07
136910,2024-04-07
136911,2024-04-07
136912,2024-04-07
136913,2024-04-07
136914,2024-04-07
136916,2024-04-07
136918,2024-04-07
136919,2024-04-07
136920,2024-04-07
136922,2024-04-07
136924,2024-04-07
136925,2024-04-07
136926,2024-04-07
136927,2024-04-07
136928,2024-04-07
136929,2024-04-07
136930,2024-04-07
136932,2024-04-07
136933,2024-04-07
136934,2024-04-07
136935,2024-04-07
136936,2024-04-07
136937,2024-04-07
136938,2024-04-07
136939,2024-04-07
136940,2024-04-07
136941,2024-04-07
136942,2024-04-07
136943,2024-04-07
136944,2024-04-07
136945,2024-04-07
136946,2024-04-07
136947,2024-04-07
136948,2024-04-07
136949,2024-04-07
136950,2024-04-07
136951,2024-04-07
136952,2024-04-07
136953,2024-04-07
136954,2024-04-07
136955,2024-04-07
136956,2024-04-07
136957,2024-04-07
136958,2024-04-07
136959,2024-04-07
136960,2024-04-07
136961,2024-04-07
136962,2024-04-07
136963,2024-04-07
136964,2024-04-07
136967,2024-04-07
136968,2024-04-07
136969,2024-04-07
136970,2024-04-07
136971,2024-04-07
136972,2024-04-07
136974,2024-04-07
136975,2024-04-07
136976,2024-04-07
136977,2024-04-07
136978,2024-04-07
136979,2024-04-07
136980,2024-04-07
136981,2024-04-07
136982,2024-04-07
136983,2024-04-07
136985,2024-04-07
136986,2024-04-07
136987,2024-04-07
136988,2024-04-07
136989,2024-04-07
136990,2024-04-07
136991,2024-04-07
136992,2024-04-07
136993,2024-04-07
136995,2024-04-07
136996,2024-04-07
136997,2024-04-07
136998,2024-04-08
136999,2024-04-08
137000,2024-04-08
137001,2024-04-08
137002,2024-04-08
137003,2024-04-08
137004,2024-04-08
137005,2024-04-08
137006,2024-04-08
137007,2024-04-08
137008,2024-04-08
137009,2024-04-08
137010,2024-04-08
137011,2024-04-08
137012,2024-04-08
137013,2024-04-08
137014,2024-04-08
137015,2024-04-08
137016,2024-04-08
137017,2024-04-08
137018,2024-04-08
137019,2024-04-08
137020,2024-04-08
137021,2024-04-08
137022,2024-04-08
137023,2024-04-08
137024,2024-04-08
137025,2024-04-08
137026,2024-04-08
137027,2024-04-08
137028,2024-04-08
137029,2024-04-08
137030,2024-04-08
137031,2024-04-08
137032,2024-04-08
137033,2024-04-08
137034,2024-04-08
137035,2024-04-08
137036,2024-04-08
137037,2024-04-08
137038,2024-04-08
137039,2024-04-08
137040,2024-04-08
137041,2024-04-08
137042,2024-04-08
137043,2024-04-08
137044,2024-04-08
137045,2024-04-08
137047,2024-04-08
137048,2024-04-08
137049,2024-04-08
137050,2024-04-08
137051,2024-04-08
137052,2024-04-08
137053,2024-04-08
137054,2024-04-08
137055,2024-04-08
137056,2024-04-08
137057,2024-04-08
137059,2024-04-08
137060,2024-04-08
137061,2024-04-08
137064,2024-04-08
137065,2024-04-08
137066,2024-04-08
137068,2024-04-08
137069,2024-04-08
137071,2024-04-08
137072,2024-04-08
137073,2024-04-08
137074,2024-04-08
137078,2024-04-08
137079,2024-04-08
137080,2024-04-08
137081,2024-04-08
137082,2024-04-08
137083,2024-04-08
137086,2024-04-08
137087,2024-04-08
137090,2024-04-08
137091,2024-04-08
137092,2024-04-08
137093,2024-04-08
137094,2024-04-08
137095,2024-04-08
137096,2024-04-08
137097,2024-04-08
137098,2024-04-08
137099,2024-04-08
137100,2024-04-08
137101,2024-04-08
137102,2024-04-08
137103,2024-04-08
137104,2024-04-08
137105,2024-04-08
137106,2024-04-08
137107,2024-04-08
137108,2024-04-08
137109,2024-04-08
137110,2024-04-08
137111,2024-04-08
137112,2024-04-08
137113,2024-04-08
137116,2024-04-09
137117,2024-04-09
137118,2024-04-09
137119,2024-04-09
137120,2024-04-09
137121,2024-04-09
137123,2024-04-09
137124,2024-04-09
137125,2024-04-09
137126,2024-04-09
137127,2024-04-09
137130,2024-04-09
137131,2024-04-09
137132,2024-04-09
137133,2024-04-09
137134,2024-04-09
137135,2024-04-09
137136,2024-04-09
137137,2024-04-09
137138,2024-04-09
137139,2024-04-09
137140,2024-04-09
137141,2024-04-09
137142,2024-04-09
137143,2024-04-09
137144,2024-04-09
137145,2024-04-09
137146,2024-04-09
137147,2024-04-09
137148,2024-04-09
137149,2024-04-09
137150,2024-04-09
137151,2024-04-09
137152,2024-04-09
137153,2024-04-09
137154,2024-04-09
137155,2024-04-09
137156,2024-04-09
137157,2024-04-09
137158,2024-04-09
137159,2024-04-09
137160,2024-04-09
137161,2024-04-09
137163,2024-04-09
137164,2024-04-09
137165,2024-04-09
137166,2024-04-09
137167,2024-04-09
137168,2024-04-09
137169,2024-04-09
137170,2024-04-09
137171,2024-04-09
137172,2024-04-09
137173,2024-04-09
137175,2024-04-09
137176,2024-04-09
137177,2024-04-09
137178,2024-04-09
137179,2024-04-09
137180,2024-04-09
137181,2024-04-09
137182,2024-04-09
137183,2024-04-09
137184,2024-04-09
137185,2024-04-09
137186,2024-04-09
137187,2024-04-09
137188,2024-04-09
137189,2024-04-09
137190,2024-04-09
137191,2024-04-09
137192,2024-04-09
137193,2024-04-09
137194,2024-04-09
137195,2024-04-09
137196,2024-04-09
137197,2024-04-09
137199,2024-04-09
137200,2024-04-09
137201,2024-04-09
137202,2024-04-09
137203,2024-04-09
137204,2024-04-09
137205,2024-04-09
137206,2024-04-09
137207,2024-04-09
137209,2024-04-09
137210,2024-04-09
137211,2024-04-09
137212,2024-04-09
137213,2024-04-09
137214,2024-04-09
137215,2024-04-09
137218,2024-04-09
137219,2024-04-09
137220,2024-04-09
137221,2024-04-09
137222,2024-04-09
137223,2024-04-09
137224,2024-04-09
137225,2024-04-09
137226,2024-04-09
137227,2024-04-09
137228,2024-04-09
137229,2024-04-09
137230,2024-04-09
137231,2024-04-09
137232,2024-04-09
137233,2024-04-09
137234,2024-04-09
137235,2024-04-09
137236,2024-04-09
137237,2024-04-10
137238,2024-04-10
137239,2024-04-10
137240,2024-04-10
137241,2024-04-10
137242,2024-04-10
137244,2024-04-10
137245,2024-04-10
137246,2024-04-10
137247,2024-04-10
137248,2024-04-10
137249,2024-04-10
137250,2024-04-10
137251,2024-04-10
137252,2024-04-10
137253,2024-04-10
137254,2024-04-10
137255,2024-04-10
137256,2024-04-10
137257,2024-04-10
137258,2024-04-10
137259,2024-04-10
137260,2024-04-10
137261,2024-04-10
137262,2024-04-10
137263,2024-04-10
137264,2024-04-10
137266,2024-04-10
137267,2024-04-10
137269,2024-04-10
137270,2024-04-10
137271,2024-04-10
137272,2024-04-10
137273,2024-04-10
137274,2024-04-10
137275,2024-04-10
137276,2024-04-10
137277,2024-04-10
137278,2024-04-10
137280,2024-04-10
137281,2024-04-10
137282,2024-04-10
137283,2024-04-10
137285,2024-04-10
137286,2024-04-10
137287,2024-04-10
137288,2024-04-10
137289,2024-04-10
137290,2024-04-10
137291,2024-04-10
137292,2024-04-10
137293,2024-04-10
137294,2024-04-10
137295,2024-04-10
137296,2024-04-10
137297,2024-04-10
137298,2024-04-10
137299,2024-04-10
137300,2024-04-10
137301,2024-04-10
137302,2024-04-10
137303,2024-04-10
137304,2024-04-10
137305,2024-04-10
137306,2024-04-10
137307,2024-04-10
137308,2024-04-10
137309,2024-04-10
137310,2024-04-10
137311,2024-04-10
137312,2024-04-10
137313,2024-04-10
137314,2024-04-10
137315,2024-04-10
137316,2024-04-10
137317,2024-04-10
137318,2024-04-10
137319,2024-04-10
137320,2024-04-10
137321,2024-04-10
137322,2024-04-10
137323,2024-04-10
137324,2024-04-10
137325,2024-04-10
137326,2024-04-10
137327,2024-04-10
137328,2024-04-10
137329,2024-04-10
137330,2024-04-10
137331,2024-04-11
137332,2024-04-11
137333,2024-04-11
137334,2024-04-11
137335,2024-04-11
137336,2024-04-11
137337,2024-04-11
137338,2024-04-11
137339,2024-04-11
137340,2024-04-11
137341,2024-04-11
137342,2024-04-11
137343,2024-04-11
137345,2024-04-11
137346,2024-04-11
137347,2024-04-11
137348,2024-04-11
137349,2024-04-11
137350,2024-04-11
137351,2024-04-11
137352,2024-04-11
137353,2024-04-11
137355,2024-04-11
137357,2024-04-11
137358,2024-04-11
137359,2024-04-11
137361,2024-04-11
137362,2024-04-11
137364,2024-04-11
137365,2024-04-11
137366,2024-04-11
137367,2024-04-11
137368,2024-04-11
137369,2024-04-11
137370,2024-04-11
137372,2024-04-11
137373,2024-04-11
137374,2024-04-11
137375,2024-04-11
137376,2024-04-11
137378,2024-04-11
137379,2024-04-11
137380,2024-04-11
137381,2024-04-11
137382,2024-04-11
137383,2024-04-11
137384,2024-04-11
137385,2024-04-11
137386,2024-04-11
137387,2024-04-11
137388,2024-04-11
137389,2024-04-11
137390,2024-04-11
137391,2024-04-11
137392,2024-04-11
137393,2024-04-11
137394,2024-04-11
137395,2024-04-11
137396,2024-04-11
137397,2024-04-11
137398,2024-04-11
137399,2024-04-11
137400,2024-04-11
137401,2024-04-11
137402,2024-04-11
137403,2024-04-11
137404,2024-04-11
137405,2024-04-11
137406,2024-04-11
137408,2024-04-11
137410,2024-04-11
137411,2024-04-11
137413,2024-04-11
137415,2024-04-11
137416,2024-04-11
137418,2024-04-11
137419,2024-04-11
137420,2024-04-11
137422,2024-04-12
137423,2024-04-12
137424,2024-04-12
137425,2024-04-12
137426,2024-04-12
137427,2024-04-12
137428,2024-04-12
137429,2024-04-12
137430,2024-04-12
137431,2024-04-12
137432,2024-04-12
137433,2024-04-12
137434,2024-04-12
137435,2024-04-12
137436,2024-04-12
137437,2024-04-12
137438,2024-04-12
137439,2024-04-12
137440,2024-04-12
137441,2024-04-12
137442,2024-04-12
137443,2024-04-12
137444,2024-04-12
137445,2024-04-12
137446,2024-04-12
137447,2024-04-12
137448,2024-04-12
137449,2024-04-12
137450,2024-04-12
137451,2024-04-12
137452,2024-04-12
137453,2024-04-12
137454,2024-04-12
137455,2024-04-12
137456,2024-04-12
137457,2024-04-12
137459,2024-04-12
137460,2024-04-12
137461,2024-04-12
137462,2024-04-12
137463,2024-04-12
137464,2024-04-12
137465,2024-04-12
137466,2024-04-12
137467,2024-04-12
137468,2024-04-12
137469,2024-04-12
137470,2024-04-12
137471,2024-04-12
137472,2024-04-12
137473,2024-04-12
137474,2024-04-12
137475,2024-04-12
137476,2024-04-12
137477,2024-04-12
137478,2024-04-12
137479,2024-04-12
137480,2024-04-12
137481,2024-04-12
137482,2024-04-12
137483,2024-04-12
137484,2024-04-12
137485,2024-04-12
137486,2024-04-12
137487,2024-04-12
137488,2024-04-12
137489,2024-04-12
137490,2024-04-12
137491,2024-04-12
137492,2024-04-12
137493,2024-04-12
137494,2024-04-12
137495,2024-04-12
137497,2024-04-12
137498,2024-04-12
137499,2024-04-12
137500,2024-04-12
137501,2024-04-12
137502,2024-04-12
137503,2024-04-13
137504,2024-04-13
137505,2024-04-13
137506,2024-04-13
137507,2024-04-13
137508,2024-04-13
137510,2024-04-13
137511,2024-04-13
137512,2024-04-13
137513,2024-04-13
137514,2024-04-13
137515,2024-04-13
137516,2024-04-13
137517,2024-04-13
137518,2024-04-13
137520,2024-04-13
137521,2024-04-13
137522,2024-04-13
137523,2024-04-13
137524,2024-04-13
137525,2024-04-13
137526,2024-04-13
137527,2024-04-13
137528,2024-04-13
137529,2024-04-13
137530,2024-04-13
137531,2024-04-13
137532,2024-04-13
137533,2024-04-13
137534,2024-04-13
137535,2024-04-13
137536,2024-04-13
137537,2024-04-13
137538,2024-04-13
137539,2024-04-13
137540,2024-04-13
137541,2024-04-13
137542,2024-04-13
137543,2024-04-13
137544,2024-04-13
137545,2024-04-13
137546,2024-04-13
137547,2024-04-13
137548,2024-04-13
137549,2024-04-13
137550,2024-04-13
137551,2024-04-13
137552,2024-04-13
137553,2024-04-13
137554,2024-04-13
137555,2024-04-13
137556,2024-04-13
137557,2024-04-13
137558,2024-04-13
137559,2024-04-13
137560,2024-04-13
137561,2024-04-13
137562,2024-04-13
137563,2024-04-13
137564,2024-04-13
137565,2024-04-13
137566,2024-04-13
137567,2024-04-13
137568,2024-04-13
137569,2024-04-13
137570,2024-04-13
137571,2024-04-13
137572,2024-04-13
137573,2024-04-13
137574,2024-04-13
137575,2024-04-13
137576,2024-04-13
137577,2024-04-13
137578,2024-04-13
137580,2024-04-13
137581,2024-04-13
137582,2024-04-13
137583,2024-04-13
137585,2024-04-13
137586,2024-04-13
137587,2024-04-13
137588,2024-04-13
137589,2024-04-13
137590,2024-04-13
137591,2024-04-13
137592,2024-04-13
137593,2024-04-13
137594,2024-04-13
137595,2024-04-13
137596,2024-04-13
137597,2024-04-13
137598,2024-04-13
137599,2024-04-13
137600,2024-04-13
137601,2024-04-13
137602,2024-04-13
137603,2024-04-13
137604,2024-04-13
137605,2024-04-13
137606,2024-04-13
137607,2024-04-13
137608,2024-04-13
137609,2024-04-13
137610,2024-04-15
137611,2024-04-15
137612,2024-04-15
137613,2024-04-15
137614,2024-04-15
137615,2024-04-15
137616,2024-04-15
137617,2024-04-15
137618,2024-04-15
137619,2024-04-15
137620,2024-04-15
137621,2024-04-15
137622,2024-04-15
137623,2024-04-15
137624,2024-04-15
137625,2024-04-15
137626,2024-04-15
137627,2024-04-15
137628,2024-04-15
137629,2024-04-15
137630,2024-04-15
137631,2024-04-15
137632,2024-04-15
137633,2024-04-15
137634,2024-04-15
137635,2024-04-15
137636,2024-04-15
137637,2024-04-15
137638,2024-04-15
137639,2024-04-15
137640,2024-04-15
137641,2024-04-15
137642,2024-04-15
137643,2024-04-15
137644,2024-04-15
137645,2024-04-15
137646,2024-04-15
137647,2024-04-15
137648,2024-04-15
137649,2024-04-15
137650,2024-04-15
137651,2024-04-15
137652,2024-04-15
137653,2024-04-15
137654,2024-04-15
137655,2024-04-15
137656,2024-04-15
137657,2024-04-15
137658,2024-04-15
137659,2024-04-15
137660,2024-04-15
137661,2024-04-15
137662,2024-04-15
137663,2024-04-15
137664,2024-04-15
137665,2024-04-15
137666,2024-04-15
137667,2024-04-15
137668,2024-04-15
137669,2024-04-15
137670,2024-04-15
137671,2024-04-15
137672,2024-04-15
137673,2024-04-15
137674,2024-04-15
137675,2024-04-15
137676,2024-04-15
137677,2024-04-15
137680,2024-04-15
137681,2024-04-15
137683,2024-04-15
137684,2024-04-15
137685,2024-04-15
137686,2024-04-15
137687,2024-04-15
137688,2024-04-15
137689,2024-04-15
137690,2024-04-15
137691,2024-04-15
137692,2024-04-15
137693,2024-04-15
137694,2024-04-15
137695,2024-04-15
137696,2024-04-15
137697,2024-04-15
137698,2024-04-15
137699,2024-04-15
137700,2024-04-15
137701,2024-04-15
137702,2024-04-15
137703,2024-04-15
137705,2024-04-15
137707,2024-04-15
137708,2024-04-15
137709,2024-04-15
137710,2024-04-15
137711,2024-04-15
137712,2024-04-15
137714,2024-04-15
137715,2024-04-15
137716,2024-04-15
137717,2024-04-15
137718,2024-04-16
137719,2024-04-16
137720,2024-04-16
137721,2024-04-16
137722,2024-04-16
137723,2024-04-16
137725,2024-04-16
137726,2024-04-16
137727,2024-04-16
137728,2024-04-16
137729,2024-04-16
137730,2024-04-16
137731,2024-04-16
137732,2024-04-16
137733,2024-04-16
137734,2024-04-16
137735,2024-04-16
137736,2024-04-16
137737,2024-04-16
137738,2024-04-16
137739,2024-04-16
137740,2024-04-16
137741,2024-04-16
137742,2024-04-16
137743,2024-04-16
137744,2024-04-16
137745,2024-04-16
137746,2024-04-16
137747,2024-04-16
137748,2024-04-16
137749,2024-04-16
137750,2024-04-16
137751,2024-04-16
137752,2024-04-16
137753,2024-04-16
137754,2024-04-16
137755,2024-04-16
137756,2024-04-16
137757,2024-04-16
137758,2024-04-16
137759,2024-04-16
137760,2024-04-16
137761,2024-04-16
137762,2024-04-16
137763,2024-04-16
137764,2024-04-16
137765,2024-04-16
137766,2024-04-16
137767,2024-04-16
137768,2024-04-16
137769,2024-04-16
137770,2024-04-16
137771,2024-04-16
137775,2024-04-16
137776,2024-04-16
137777,2024-04-16
137778,2024-04-16
137779,2024-04-16
137780,2024-04-16
137781,2024-04-16
137782,2024-04-16
137783,2024-04-16
137784,2024-04-16
137785,2024-04-16
137786,2024-04-16
137787,2024-04-16
137788,2024-04-16
137789,2024-04-16
137790,2024-04-16
137791,2024-04-16
137792,2024-04-16
137793,2024-04-16
137794,2024-04-16
137795,2024-04-16
137796,2024-04-16
137797,2024-04-16
137798,2024-04-16
137800,2024-04-16
137802,2024-04-16
137804,2024-04-16
137806,2024-04-16
137807,2024-04-16
137809,2024-04-16
137811,2024-04-16
137813,2024-04-16
137815,2024-04-16
137817,2024-04-16
137819,2024-04-16
137823,2024-04-16
137824,2024-04-16
137826,2024-04-17
137827,2024-04-17
137828,2024-04-17
137829,2024-04-17
137830,2024-04-17
137831,2024-04-17
137834,2024-04-17
137835,2024-04-17
137836,2024-04-17
137837,2024-04-18
137838,2024-04-18
137839,2024-04-18
137840,2024-04-18
137841,2024-04-18
137842,2024-04-18
137843,2024-04-18
137844,2024-04-18
137845,2024-04-18
137846,2024-04-18
137847,2024-04-18
137848,2024-04-18
137849,2024-04-18
137850,2024-04-18
137851,2024-04-18
137853,2024-04-18
137854,2024-04-18
137855,2024-04-18
137856,2024-04-18
137857,2024-04-18
137858,2024-04-18
137860,2024-04-18
137861,2024-04-18
137862,2024-04-18
137863,2024-04-18
137864,2024-04-18
137865,2024-04-18
137866,2024-04-18
137867,2024-04-18
137868,2024-04-18
137869,2024-04-18
137870,2024-04-18
137871,2024-04-18
137872,2024-04-18
137873,2024-04-18
137874,2024-04-18
137875,2024-04-18
137876,2024-04-18
137877,2024-04-18
137878,2024-04-18
137879,2024-04-18
137880,2024-04-18
137881,2024-04-18
137882,2024-04-18
137883,2024-04-18
137884,2024-04-18
137886,2024-04-18
137887,2024-04-18
137888,2024-04-18
137889,2024-04-18
137890,2024-04-18
137891,2024-04-18
137892,2024-04-18
137893,2024-04-18
137894,2024-04-18
137895,2024-04-18
137896,2024-04-18
137897,2024-04-18
137898,2024-04-19
137899,2024-04-19
137900,2024-04-19
137901,2024-04-19
137902,2024-04-19
137903,2024-04-19
137904,2024-04-19
137905,2024-04-19
137906,2024-04-19
137908,2024-04-19
137909,2024-04-19
137910,2024-04-19
137911,2024-04-19
137912,2024-04-19
137913,2024-04-19
137914,2024-04-19
137915,2024-04-19
137916,2024-04-19
137917,2024-04-19
137918,2024-04-19
137920,2024-04-19
137921,2024-04-19
137922,2024-04-19
137923,2024-04-19
137924,2024-04-19
137925,2024-04-19
137926,2024-04-19
137927,2024-04-19
137928,2024-04-19
137929,2024-04-19
137930,2024-04-19
137931,2024-04-19
137933,2024-04-19
137934,2024-04-19
137935,2024-04-19
137936,2024-04-19
137937,2024-04-19
137938,2024-04-19
137939,2024-04-19
137940,2024-04-19
137941,2024-04-19
137944,2024-04-19
137945,2024-04-19
137946,2024-04-19
137947,2024-04-19
137948,2024-04-19
137950,2024-04-19
137951,2024-04-19
137952,2024-04-19
137954,2024-04-19
137955,2024-04-19
137956,2024-04-19
137957,2024-04-19
137958,2024-04-19
137959,2024-04-19
137960,2024-04-19
137961,2024-04-19
137962,2024-04-19
137963,2024-04-19
137964,2024-04-19
137965,2024-04-19
137967,2024-04-19
137970,2024-04-19
137971,2024-04-19
137972,2024-04-19
137973,2024-04-19
137974,2024-04-19
137975,2024-04-19
137976,2024-04-19
137977,2024-04-19
137979,2024-04-19
137980,2024-04-19
137981,2024-04-19
137983,2024-04-19
137985,2024-04-19
137986,2024-04-19
137987,2024-04-19
137989,2024-04-19
137990,2024-04-19
137991,2024-04-19
137992,2024-04-19
137993,2024-04-19
137994,2024-04-19
137995,2024-04-19
137998,2024-04-20
137999,2024-04-20
138000,2024-04-20
138001,2024-04-20
138002,2024-04-20
138003,2024-04-20
138004,2024-04-20
138005,2024-04-20
138006,2024-04-20
138007,2024-04-20
138008,2024-04-20
138009,2024-04-20
138010,2024-04-20
138011,2024-04-20
138012,2024-04-20
138013,2024-04-20
138014,2024-04-20
138015,2024-04-20
138016,2024-04-20
138018,2024-04-20
138019,2024-04-20
138020,2024-04-20
138021,2024-04-20
138022,2024-04-20
138023,2024-04-20
138024,2024-04-20
138025,2024-04-20
138026,2024-04-20
138027,2024-04-20
138028,2024-04-20
138029,2024-04-20
138030,2024-04-20
138031,2024-04-20
138032,2024-04-20
138033,2024-04-20
138034,2024-04-20
138035,2024-04-20
138036,2024-04-20
138037,2024-04-20
138038,2024-04-20
138039,2024-04-20
138041,2024-04-20
138042,2024-04-20
138043,2024-04-20
138044,2024-04-20
138045,2024-04-20
138046,2024-04-20
138047,2024-04-20
138048,2024-04-20
138049,2024-04-20
138050,2024-04-20
138051,2024-04-20
138052,2024-04-20
138053,2024-04-20
138054,2024-04-20
138055,2024-04-20
138056,2024-04-20
138057,2024-04-20
138058,2024-04-20
138059,2024-04-20
138060,2024-04-20
138061,2024-04-20
138062,2024-04-20
138063,2024-04-20
138064,2024-04-20
138065,2024-04-20
138066,2024-04-20
138067,2024-04-20
138068,2024-04-20
138069,2024-04-20
138070,2024-04-20
138071,2024-04-20
138072,2024-04-20
138073,2024-04-20
138074,2024-04-20
138075,2024-04-20
138076,2024-04-20
138077,2024-04-20
138078,2024-04-20
138079,2024-04-20
138080,2024-04-20
138081,2024-04-20
138082,2024-04-20
138083,2024-04-20
138084,2024-04-20
138085,2024-04-20
138086,2024-04-20
138087,2024-04-20
138088,2024-04-20
138089,2024-04-20
138091,2024-04-20
138092,2024-04-20
138093,2024-04-20
138095,2024-04-20
138096,2024-04-20
138097,2024-04-20
138098,2024-04-20
138099,2024-04-20
138100,2024-04-20
138101,2024-04-20
138102,2024-04-20
138103,2024-04-20
138104,2024-04-20
138105,2024-04-20
138106,2024-04-20
138107,2024-04-20
138108,2024-04-20
138109,2024-04-22
138110,2024-04-22
138111,2024-04-22
138112,2024-04-22
138113,2024-04-22
138114,2024-04-22
138116,2024-04-22
138117,2024-04-22
138118,2024-04-22
138120,2024-04-22
138121,2024-04-22
138122,2024-04-22
138123,2024-04-22
138124,2024-04-22
138125,2024-04-22
138126,2024-04-22
138127,2024-04-22
138128,2024-04-22
138129,2024-04-22
138130,2024-04-22
138131,2024-04-22
138132,2024-04-22
138133,2024-04-22
138134,2024-04-22
138135,2024-04-22
138136,2024-04-22
138137,2024-04-22
138138,2024-04-22
138139,2024-04-22
138140,2024-04-22
138141,2024-04-22
138142,2024-04-22
138143,2024-04-22
138144,2024-04-22
138145,2024-04-22
138146,2024-04-22
138147,2024-04-22
138148,2024-04-22
138149,2024-04-22
138150,2024-04-22
138151,2024-04-22
138152,2024-04-22
138153,2024-04-22
138154,2024-04-22
138155,2024-04-22
138156,2024-04-22
138157,2024-04-22
138158,2024-04-22
138159,2024-04-22
138160,2024-04-22
138161,2024-04-22
138162,2024-04-22
138163,2024-04-22
138164,2024-04-22
138165,2024-04-22
138166,2024-04-22
138167,2024-04-22
138168,2024-04-22
138169,2024-04-22
138170,2024-04-22
138171,2024-04-22
138172,2024-04-22
138173,2024-04-22
138175,2024-04-22
138176,2024-04-22
138177,2024-04-22
138178,2024-04-22
138179,2024-04-22
138180,2024-04-22
138181,2024-04-22
138183,2024-04-22
138184,2024-04-22
138185,2024-04-22
138186,2024-04-22
138187,2024-04-22
138188,2024-04-22
138189,2024-04-22
138190,2024-04-22
138191,2024-04-22
138192,2024-04-22
138193,2024-04-22
138194,2024-04-22
138195,2024-04-22
138196,2024-04-22
138197,2024-04-22
138198,2024-04-22
138199,2024-04-22
138200,2024-04-22
138201,2024-04-22
138202,2024-04-22
138203,2024-04-22
138204,2024-04-22
138205,2024-04-22
138206,2024-04-22
138207,2024-04-22
138208,2024-04-22
138209,2024-04-22
138210,2024-04-22
138211,2024-04-22
138212,2024-04-22
138213,2024-04-22
138214,2024-04-22
138215,2024-04-22
138216,2024-04-23
138217,2024-04-23
138218,2024-04-23
138219,2024-04-23
138220,2024-04-23
138221,2024-04-23
138222,2024-04-23
138223,2024-04-23
138224,2024-04-23
138225,2024-04-23
138227,2024-04-23
138228,2024-04-23
138229,2024-04-23
138230,2024-04-23
138231,2024-04-23
138232,2024-04-23
138233,2024-04-23
138234,2024-04-23
138235,2024-04-23
138236,2024-04-23
138237,2024-04-23
138238,2024-04-23
138239,2024-04-23
138240,2024-04-23
138241,2024-04-23
138242,2024-04-23
138243,2024-04-23
138244,2024-04-23
138245,2024-04-23
138246,2024-04-23
138247,2024-04-23
138248,2024-04-23
138249,2024-04-23
138250,2024-04-23
138251,2024-04-23
138252,2024-04-23
138253,2024-04-23
138254,2024-04-23
138255,2024-04-23
138256,2024-04-23
138257,2024-04-23
138258,2024-04-23
138259,2024-04-23
138260,2024-04-23
138262,2024-04-23
138263,2024-04-23
138264,2024-04-23
138265,2024-04-23
138266,2024-04-23
138267,2024-04-23
138268,2024-04-23
138269,2024-04-23
138270,2024-04-23
138271,2024-04-23
138272,2024-04-23
138273,2024-04-23
138274,2024-04-23
138275,2024-04-23
138276,2024-04-23
138278,2024-04-23
138280,2024-04-23
138281,2024-04-23
138282,2024-04-23
138283,2024-04-23
138287,2024-04-23
138289,2024-04-23
138291,2024-04-23
138294,2024-04-23
138295,2024-04-23
138296,2024-04-23
138298,2024-04-23
138300,2024-04-23
138302,2024-04-23
138304,2024-04-23
138305,2024-04-23
138309,2024-04-23
138310,2024-04-23
138311,2024-04-23
138312,2024-04-23
138314,2024-04-23
138316,2024-04-23
138317,2024-04-23
138318,2024-04-24
138319,2024-04-24
138320,2024-04-24
138321,2024-04-24
138322,2024-04-24
138324,2024-04-24
138325,2024-04-24
138327,2024-04-24
138328,2024-04-24
138329,2024-04-24
138330,2024-04-24
138331,2024-04-24
138332,2024-04-24
138333,2024-04-24
138334,2024-04-24
138335,2024-04-24
138336,2024-04-24
138337,2024-04-24
138338,2024-04-24
138339,2024-04-24
138340,2024-04-24
138341,2024-04-24
138342,2024-04-24
138343,2024-04-24
138344,2024-04-24
138345,2024-04-24
138346,2024-04-24
138347,2024-04-24
138348,2024-04-24
138349,2024-04-24
138350,2024-04-24
138351,2024-04-24
138352,2024-04-24
138353,2024-04-24
138354,2024-04-24
138355,2024-04-24
138356,2024-04-24
138357,2024-04-24
138358,2024-04-24
138359,2024-04-24
138360,2024-04-24
138361,2024-04-24
138362,2024-04-24
138363,2024-04-24
138364,2024-04-24
138365,2024-04-24
138366,2024-04-24
138367,2024-04-24
138368,2024-04-24
138369,2024-04-24
138370,2024-04-24
138371,2024-04-24
138372,2024-04-24
138373,2024-04-24
138374,2024-04-24
138377,2024-04-24
138378,2024-04-24
138379,2024-04-24
138380,2024-04-24
138382,2024-04-24
138383,2024-04-24
138384,2024-04-24
138385,2024-04-24
138386,2024-04-24
138387,2024-04-24
138388,2024-04-24
138389,2024-04-24
138391,2024-04-24
138392,2024-04-24
138393,2024-04-24
138394,2024-04-24
138395,2024-04-24
138396,2024-04-24
138397,2024-04-24
138398,2024-04-24
138399,2024-04-24
138400,2024-04-24
138401,2024-04-24
138402,2024-04-24
138403,2024-04-24
138404,2024-04-24
138405,2024-04-24
138406,2024-04-24
138407,2024-04-24
138408,2024-04-24
138409,2024-04-24
138410,2024-04-24
138411,2024-04-24
138412,2024-04-24
138413,2024-04-24
138414,2024-04-24
138415,2024-04-24
138416,2024-04-24
138417,2024-04-24
138418,2024-04-24
138419,2024-04-24
138420,2024-04-24
138421,2024-04-24
138422,2024-04-24
138423,2024-04-24
138424,2024-04-24
138425,2024-04-24
138427,2024-04-24
138428,2024-04-24
138429,2024-04-24
138430,2024-04-24
138431,2024-04-24
138432,2024-04-24
138433,2024-04-24
138434,2024-04-24
138435,2024-04-24
138436,2024-04-24
138437,2024-04-24
138438,2024-04-24
138439,2024-04-24
138440,2024-04-24
138441,2024-04-24
138442,2024-04-25
138443,2024-04-25
138444,2024-04-25
138445,2024-04-25
138446,2024-04-25
138447,2024-04-25
138448,2024-04-25
138449,2024-04-25
138450,2024-04-25
138451,2024-04-25
138452,2024-04-25
138453,2024-04-25
138454,2024-04-25
138455,2024-04-25
138457,2024-04-25
138458,2024-04-25
138459,2024-04-25
138460,2024-04-25
138461,2024-04-25
138462,2024-04-25
138464,2024-04-25
138465,2024-04-25
138466,2024-04-25
138467,2024-04-25
138468,2024-04-25
138469,2024-04-25
138470,2024-04-25
138471,2024-04-25
138472,2024-04-25
138473,2024-04-25
138474,2024-04-25
138475,2024-04-25
138476,2024-04-25
138477,2024-04-25
138478,2024-04-25
138479,2024-04-25
138480,2024-04-25
138481,2024-04-25
138482,2024-04-25
138483,2024-04-25
138484,2024-04-25
138485,2024-04-25
138486,2024-04-25
138487,2024-04-25
138488,2024-04-25
138489,2024-04-25
138490,2024-04-25
138491,2024-04-25
138492,2024-04-25
138493,2024-04-25
138494,2024-04-25
138495,2024-04-25
138496,2024-04-25
138497,2024-04-25
138498,2024-04-25
138499,2024-04-25
138500,2024-04-25
138501,2024-04-25
138502,2024-04-25
138503,2024-04-25
138504,2024-04-25
138505,2024-04-25
138506,2024-04-25
138507,2024-04-25
138508,2024-04-25
138509,2024-04-25
138510,2024-04-25
138511,2024-04-25
138512,2024-04-25
138513,2024-04-25
138514,2024-04-25
138515,2024-04-25
138516,2024-04-25
138517,2024-04-25
138518,2024-04-25
138519,2024-04-25
138520,2024-04-25
138521,2024-04-25
138522,2024-04-25
138523,2024-04-25
138524,2024-04-25
138526,2024-04-25
138527,2024-04-25
138528,2024-04-25
138529,2024-04-25
138530,2024-04-25
138531,2024-04-25
138532,2024-04-25
138533,2024-04-25
138534,2024-04-25
138535,2024-04-25
138536,2024-04-25
138537,2024-04-25
138538,2024-04-25
138539,2024-04-25
138540,2024-04-25
138541,2024-04-25
138542,2024-04-25
138543,2024-04-25
138544,2024-04-25
138545,2024-04-25
138546,2024-04-25
138547,2024-04-25
138548,2024-04-25
138549,2024-04-25
138551,2024-04-26
138552,2024-04-26
138553,2024-04-26
138554,2024-04-26
138555,2024-04-26
138556,2024-04-26
138557,2024-04-26
138558,2024-04-26
138559,2024-04-26
138560,2024-04-26
138561,2024-04-26
138562,2024-04-26
138563,2024-04-26
138564,2024-04-26
138565,2024-04-26
138566,2024-04-26
138567,2024-04-26
138568,2024-04-26
138569,2024-04-26
138571,2024-04-26
138572,2024-04-26
138573,2024-04-26
138575,2024-04-26
138576,2024-04-26
138577,2024-04-26
138579,2024-04-26
138580,2024-04-26
138581,2024-04-26
138582,2024-04-26
138583,2024-04-26
138584,2024-04-26
138585,2024-04-26
138586,2024-04-26
138587,2024-04-26
138588,2024-04-26
138590,2024-04-26
138591,2024-04-26
138592,2024-04-26
138593,2024-04-26
138594,2024-04-26
138596,2024-04-26
138597,2024-04-26
138598,2024-04-26
138599,2024-04-26
138600,2024-04-26
138601,2024-04-26
138602,2024-04-26
138603,2024-04-26
138604,2024-04-26
138605,2024-04-26
138606,2024-04-26
138607,2024-04-26
138608,2024-04-26
138609,2024-04-26
138610,2024-04-26
138611,2024-04-26
138612,2024-04-26
138613,2024-04-26
138614,2024-04-26
138615,2024-04-26
138616,2024-04-26
138617,2024-04-26
138618,2024-04-26
138619,2024-04-26
138620,2024-04-26
138621,2024-04-26
138622,2024-04-26
138623,2024-04-26
138624,2024-04-26
138625,2024-04-26
138626,2024-04-26
138627,2024-04-26
138628,2024-04-26
138629,2024-04-26
138630,2024-04-26
138631,2024-04-26
138632,2024-04-26
138633,2024-04-26
138634,2024-04-26
138635,2024-04-26
138636,2024-04-26
138637,2024-04-26
138638,2024-04-26
138639,2024-04-26
138641,2024-04-26
138642,2024-04-26
138643,2024-04-26
138645,2024-04-26
138646,2024-04-26
138647,2024-04-26
138648,2024-04-26
138649,2024-04-26
138650,2024-04-26
138651,2024-04-26
138654,2024-04-26
138656,2024-04-26
138658,2024-04-26
138659,2024-04-26
138661,2024-04-26
138664,2024-04-26
138665,2024-04-26
138666,2024-04-26
138667,2024-04-26
138668,2024-04-26
138669,2024-04-26
138670,2024-04-26
138671,2024-04-26
138672,2024-04-26
138673,2024-04-27
138676,2024-04-27
138677,2024-04-27
138678,2024-04-27
138679,2024-04-27
138680,2024-04-27
138681,2024-04-27
138682,2024-04-27
138683,2024-04-27
138684,2024-04-27
138685,2024-04-27
138686,2024-04-27
138687,2024-04-27
138688,2024-04-27
138689,2024-04-27
138690,2024-04-27
138691,2024-04-27
138692,2024-04-27
138693,2024-04-27
138694,2024-04-27
138695,2024-04-27
138696,2024-04-27
138697,2024-04-27
138698,2024-04-27
138699,2024-04-27
138702,2024-04-27
138703,2024-04-27
138704,2024-04-27
138705,2024-04-27
138706,2024-04-27
138707,2024-04-27
138708,2024-04-27
138709,2024-04-27
138710,2024-04-27
138711,2024-04-27
138712,2024-04-27
138713,2024-04-27
138714,2024-04-27
138715,2024-04-27
138716,2024-04-27
138717,2024-04-27
138718,2024-04-27
138719,2024-04-27
138720,2024-04-27
138721,2024-04-27
138722,2024-04-27
138723,2024-04-27
138724,2024-04-27
138725,2024-04-27
138726,2024-04-27
138727,2024-04-27
138728,2024-04-27
138729,2024-04-27
138730,2024-04-27
138731,2024-04-27
138732,2024-04-27
138733,2024-04-27
138734,2024-04-27
138735,2024-04-27
138736,2024-04-27
138737,2024-04-27
138741,2024-04-27
138742,2024-04-27
138743,2024-04-27
138744,2024-04-27
138745,2024-04-27
138747,2024-04-27
138748,2024-04-27
138749,2024-04-27
138758,2024-04-27
138759,2024-04-27
138760,2024-04-27
138761,2024-04-27
138762,2024-04-27
138763,2024-04-27
138764,2024-04-27
138765,2024-04-27
138766,2024-04-27
138767,2024-04-27
138768,2024-04-27
138769,2024-04-27
138770,2024-04-27
138771,2024-04-27
138772,2024-04-27
138773,2024-04-27
138774,2024-04-27
138775,2024-04-27
138776,2024-04-27
138777,2024-04-27
138778,2024-04-27
138779,2024-04-27
138780,2024-04-27
138781,2024-04-27
138782,2024-04-27
138783,2024-04-27
138784,2024-04-27
138785,2024-04-27
138786,2024-04-27
138787,2024-04-27
138788,2024-04-27
138789,2024-04-27
138790,2024-04-27
138791,2024-04-27
138792,2024-04-27
138793,2024-04-27
138794,2024-04-27
138795,2024-04-27
138796,2024-04-27
138797,2024-04-27
138798,2024-04-27
138799,2024-04-27
138801,2024-04-27
138802,2024-04-27
138803,2024-04-27
138804,2024-04-27
138805,2024-04-27
138806,2024-04-27
138808,2024-04-27
138809,2024-04-27
138810,2024-04-27
138811,2024-04-27
138812,2024-04-27
138813,2024-04-27
138814,2024-04-27
138815,2024-04-27
138816,2024-04-28
138817,2024-04-28
138818,2024-04-28
138819,2024-04-28
138820,2024-04-28
138821,2024-04-28
138822,2024-04-28
138823,2024-04-28
138824,2024-04-28
138825,2024-04-28
138826,2024-04-28
138827,2024-04-28
138828,2024-04-28
138829,2024-04-28
138830,2024-04-28
138831,2024-04-28
138832,2024-04-28
138833,2024-04-28
138834,2024-04-28
138835,2024-04-28
138836,2024-04-28
138837,2024-04-28
138838,2024-04-28
138839,2024-04-28
138840,2024-04-28
138841,2024-04-28
138842,2024-04-28
138843,2024-04-28
138844,2024-04-28
138845,2024-04-28
138846,2024-04-28
138847,2024-04-28
138848,2024-04-28
138849,2024-04-28
138850,2024-04-28
138851,2024-04-28
138852,2024-04-28
138853,2024-04-28
138854,2024-04-28
138855,2024-04-28
138856,2024-04-28
138857,2024-04-28
138858,2024-04-28
138859,2024-04-28
138863,2024-04-28
138864,2024-04-28
138865,2024-04-28
138867,2024-04-28
138868,2024-04-28
138869,2024-04-28
138870,2024-04-28
138871,2024-04-28
138872,2024-04-28
138873,2024-04-28
138874,2024-04-28
138878,2024-04-28
138879,2024-04-28
138880,2024-04-28
138881,2024-04-28
138882,2024-04-28
138883,2024-04-28
138884,2024-04-28
138885,2024-04-28
138886,2024-04-28
138887,2024-04-28
138888,2024-04-28
138889,2024-04-28
138890,2024-04-28
138891,2024-04-28
138892,2024-04-28
138893,2024-04-28
138894,2024-04-28
138895,2024-04-28
138897,2024-04-28
138898,2024-04-28
138899,2024-04-28
138900,2024-04-28
138901,2024-04-28
138902,2024-04-28
138903,2024-04-28
138904,2024-04-28
138905,2024-04-28
138906,2024-04-28
138907,2024-04-28
138908,2024-04-28
138910,2024-04-28
138911,2024-04-28
138912,2024-04-28
138913,2024-04-28
138914,2024-04-28
138915,2024-04-28
138916,2024-04-28
138917,2024-04-28
138918,2024-04-28
138919,2024-04-28
138920,2024-04-28
138921,2024-04-28
138922,2024-04-28
138923,2024-04-28
138924,2024-04-29
138925,2024-04-29
138926,2024-04-29
138927,2024-04-29
138928,2024-04-29
138929,2024-04-29
138930,2024-04-29
138931,2024-04-29
138932,2024-04-29
138933,2024-04-29
138934,2024-04-29
138935,2024-04-29
138936,2024-04-29
138937,2024-04-29
138938,2024-04-29
138939,2024-04-29
138940,2024-04-29
138941,2024-04-29
138942,2024-04-29
138943,2024-04-29
138944,2024-04-29
138945,2024-04-29
138946,2024-04-29
138947,2024-04-29
138948,2024-04-29
138949,2024-04-29
138950,2024-04-29
138951,2024-04-29
138952,2024-04-29
138953,2024-04-29
138954,2024-04-29
138955,2024-04-29
138956,2024-04-29
138957,2024-04-29
138958,2024-04-29
138959,2024-04-29
138960,2024-04-29
138961,2024-04-29
138962,2024-04-29
138963,2024-04-29
138964,2024-04-29
138965,2024-04-29
138966,2024-04-29
138967,2024-04-29
138968,2024-04-29
138969,2024-04-29
138970,2024-04-29
138971,2024-04-29
138972,2024-04-29
138973,2024-04-29
138974,2024-04-29
138975,2024-04-29
138976,2024-04-29
138977,2024-04-29
138978,2024-04-29
138979,2024-04-29
138980,2024-04-29
138981,2024-04-29
138982,2024-04-29
138984,2024-04-29
138985,2024-04-29
138986,2024-04-29
138987,2024-04-29
138988,2024-04-29
138989,2024-04-29
138990,2024-04-29
138991,2024-04-29
138992,2024-04-29
138993,2024-04-29
138994,2024-04-29
138995,2024-04-29
138996,2024-04-29
138997,2024-04-29
138998,2024-04-29
138999,2024-04-29
139000,2024-04-29
139001,2024-04-29
139002,2024-04-29
139004,2024-04-29
139005,2024-04-29
139006,2024-04-29
139007,2024-04-29
139008,2024-04-29
139009,2024-04-29
139010,2024-04-29
139011,2024-04-30
139012,2024-04-30
139013,2024-04-30
139014,2024-04-30
139015,2024-04-30
139016,2024-04-30
139020,2024-04-30
139021,2024-04-30
139022,2024-04-30
139023,2024-04-30
139024,2024-04-30
139025,2024-04-30
139026,2024-04-30
139027,2024-04-30
139028,2024-04-30
139029,2024-04-30
139030,2024-04-30
139031,2024-04-30
139032,2024-04-30
139033,2024-04-30
139034,2024-04-30
139035,2024-04-30
139036,2024-04-30
139037,2024-04-30
139038,2024-04-30
139039,2024-04-30
139040,2024-04-30
139041,2024-04-30
139042,2024-04-30
139043,2024-04-30
139044,2024-04-30
139045,2024-04-30
139046,2024-04-30
139047,2024-04-30
139048,2024-04-30
139049,2024-04-30
139050,2024-04-30
139051,2024-04-30
139052,2024-04-30
139053,2024-04-30
139054,2024-04-30
139055,2024-04-30
139056,2024-04-30
139057,2024-04-30
139058,2024-04-30
139059,2024-04-30
139060,2024-04-30
139061,2024-04-30
139062,2024-04-30
139063,2024-04-30
139064,2024-04-30
139065,2024-04-30
139066,2024-04-30
139067,2024-04-30
139068,2024-04-30
139069,2024-04-30
139070,2024-04-30
139071,2024-04-30
139073,2024-04-30
139074,2024-04-30
139075,2024-04-30
139076,2024-04-30
139077,2024-04-30
139078,2024-04-30
139079,2024-04-30
139080,2024-04-30
139081,2024-04-30
139082,2024-04-30
139083,2024-04-30
139084,2024-04-30
139085,2024-04-30
139086,2024-04-30
139087,2024-04-30
139088,2024-04-30
139090,2024-04-30
139091,2024-04-30
139092,2024-04-30
139094,2024-04-30
139095,2024-04-30
139096,2024-04-30
139097,2024-04-30
139098,2024-04-30
139099,2024-04-30
139100,2024-04-30
139101,2024-04-30
139102,2024-04-30
139103,2024-04-30
139104,2024-04-30
139105,2024-04-30
139106,2024-04-30
139107,2024-04-30
139108,2024-04-30
139110,2024-04-30
139112,2024-05-14
139113,2024-05-14
139114,2024-05-14
139115,2024-05-14
139116,2024-05-14
139117,2024-05-14
139118,2024-05-14
139119,2024-05-14
139120,2024-05-14
139121,2024-05-14
139122,2024-05-14
139123,2024-05-14
139124,2024-05-15
139125,2024-05-15
139126,2024-05-15
139127,2024-05-15
139128,2024-05-15
139129,2024-05-15
139143,2024-05-15
139144,2024-05-15
139145,2024-05-16
139146,2024-05-16
139147,2024-05-16
139148,2024-05-16
139149,2024-05-16
139150,2024-05-16
139151,2024-05-17
139152,2024-05-17
139153,2024-05-17
139154,2024-05-17
139155,2024-05-17
139156,2024-05-17
139157,2024-05-17
139158,2024-05-19
139159,2024-05-19
139160,2024-05-19
139161,2024-05-19
139162,2024-05-19
139163,2024-05-19
139164,2024-05-19
139165,2024-05-19
139166,2024-05-19
139167,2024-05-19
139168,2024-05-19
139169,2024-05-19
139170,2024-05-19
139171,2024-05-19
139172,2024-05-19
139173,2024-05-19
139174,2024-05-19
139175,2024-05-19
139176,2024-05-19
139177,2024-05-19
139178,2024-05-19
139179,2024-05-19
139180,2024-05-19
139181,2024-05-19
139182,2024-05-19
139183,2024-05-19
139184,2024-05-19
139185,2024-05-19
139186,2024-05-19
139187,2024-05-19
139188,2024-05-19
139189,2024-05-19
139190,2024-05-19
139191,2024-05-19
139192,2024-05-19
139193,2024-05-19
139194,2024-05-19
139195,2024-05-19
139196,2024-05-19
139197,2024-05-19
139198,2024-05-19
139199,2024-05-19
139200,2024-05-19
139201,2024-05-19
139202,2024-05-19
139203,2024-05-19
139204,2024-05-19
139205,2024-05-19
139206,2024-05-19
139207,2024-05-19
139208,2024-05-19
139209,2024-05-19
139210,2024-05-19
139211,2024-05-19
139212,2024-05-19
139213,2024-05-19
139214,2024-05-19
139215,2024-05-19
139216,2024-05-19
139217,2024-05-19
139218,2024-05-19
139219,2024-05-19
139221,2024-05-19
139222,2024-05-19
139223,2024-05-19
139224,2024-05-19
139225,2024-05-19
139226,2024-05-19
139227,2024-05-19
139228,2024-05-19
139229,2024-05-19
139230,2024-05-19
139231,2024-05-19
139232,2024-05-19
139233,2024-05-19
139234,2024-05-19
139235,2024-05-19
139236,2024-05-19
139237,2024-05-19
139238,2024-05-19
139239,2024-05-19
139240,2024-05-19
139241,2024-05-19
139242,2024-05-19
139243,2024-05-19
139244,2024-05-19
139245,2024-05-19
139246,2024-05-19
139247,2024-05-19
139248,2024-05-19
139249,2024-05-19
139250,2024-05-19
139251,2024-05-19
139252,2024-05-19
139253,2024-05-19
139255,2024-05-19
139256,2024-05-19
139257,2024-05-19
139258,2024-05-19
139259,2024-05-19
139260,2024-05-19
139261,2024-05-19
139262,2024-05-19
139263,2024-05-19
139264,2024-05-19
139265,2024-05-19
139266,2024-05-19
139267,2024-05-19
139268,2024-05-19
139269,2024-05-19
139270,2024-05-19
139271,2024-05-19
139272,2024-05-19
139273,2024-05-19
139274,2024-05-19
139275,2024-05-19
139276,2024-05-19
139277,2024-05-19
139278,2024-05-19
139279,2024-05-19
139280,2024-05-19
139281,2024-05-19
139282,2024-05-19
139283,2024-05-19
139284,2024-05-19
139285,2024-05-19
139286,2024-05-19
139287,2024-05-19
139288,2024-05-19
139289,2024-05-19
139290,2024-05-19
139291,2024-05-19
139292,2024-05-19
139293,2024-05-19
139294,2024-05-19
139295,2024-05-19
139296,2024-05-19
139297,2024-05-19
139298,2024-05-19
139299,2024-05-19
139300,2024-05-19
139301,2024-05-19
139302,2024-05-20
139303,2024-05-20
139304,2024-05-20
139305,2024-05-20
139306,2024-05-20
139307,2024-05-20
139308,2024-05-20
139309,2024-05-20
139310,2024-05-20
139311,2024-05-20
139312,2024-05-20
139313,2024-05-20
139314,2024-05-20
139315,2024-05-20
139316,2024-05-20
139317,2024-05-20
139318,2024-05-20
139319,2024-05-20
139320,2024-05-20
139321,2024-05-20
139322,2024-05-20
139323,2024-05-20
139324,2024-05-20
139325,2024-05-20
139326,2024-05-20
139328,2024-05-20
139329,2024-05-20
139330,2024-05-20
139331,2024-05-20
139332,2024-05-20
139333,2024-05-20
139334,2024-05-20
139335,2024-05-20
139336,2024-05-20
139337,2024-05-20
139338,2024-05-20
139339,2024-05-20
139340,2024-05-20
139341,2024-05-20
139342,2024-05-20
139343,2024-05-20
139344,2024-05-20
139345,2024-05-20
139346,2024-05-20
139347,2024-05-20
139348,2024-05-20
139349,2024-05-20
139350,2024-05-20
139351,2024-05-20
139352,2024-05-20
139353,2024-05-20
139354,2024-05-20
139355,2024-05-20
139356,2024-05-20
139357,2024-05-20
139358,2024-05-20
139359,2024-05-20
139360,2024-05-20
139361,2024-05-20
139362,2024-05-20
139363,2024-05-20
139364,2024-05-20
139365,2024-05-20
139366,2024-05-20
139367,2024-05-20
139368,2024-05-20
139369,2024-05-20
139370,2024-05-20
139371,2024-05-20
139372,2024-05-20
139374,2024-05-20
139375,2024-05-20
139376,2024-05-20
139377,2024-05-20
139378,2024-05-20
139379,2024-05-20
139380,2024-05-20
139381,2024-05-20
139382,2024-05-20
139383,2024-05-20
139384,2024-05-20
139385,2024-05-20
139386,2024-05-20
139387,2024-05-20
139388,2024-05-20
139389,2024-05-20
139390,2024-05-20
139391,2024-05-20
139392,2024-05-20
139393,2024-05-20
139394,2024-05-20
139395,2024-05-20
139396,2024-05-20
139397,2024-05-20
139398,2024-05-20
139399,2024-05-20
139400,2024-05-20
139401,2024-05-20
139402,2024-05-20
139403,2024-05-20
139404,2024-05-20
139405,2024-05-20
139406,2024-05-20
139407,2024-05-20
139408,2024-05-20
139409,2024-05-20
139411,2024-05-20
139412,2024-05-20
139413,2024-05-20
139414,2024-05-20
139415,2024-05-20
139416,2024-05-20
139417,2024-05-20
139418,2024-05-20
139419,2024-05-20
139420,2024-05-20
139421,2024-05-20
139422,2024-05-20
139423,2024-05-20
139424,2024-05-20
139425,2024-05-20
139426,2024-05-20
139427,2024-05-20
139428,2024-05-20
139429,2024-05-20
139430,2024-05-21
139431,2024-05-21
139432,2024-05-21
139433,2024-05-21
139434,2024-05-21
139435,2024-05-21
139436,2024-05-21
139437,2024-05-21
139438,2024-05-21
139439,2024-05-21
139440,2024-05-21
139441,2024-05-21
139442,2024-05-21
139443,2024-05-21
139444,2024-05-21
139445,2024-05-21
139446,2024-05-21
139448,2024-05-21
139449,2024-05-21
139450,2024-05-21
139451,2024-05-21
139452,2024-05-21
139453,2024-05-21
139454,2024-05-21
139455,2024-05-21
139456,2024-05-21
139457,2024-05-21
139458,2024-05-21
139459,2024-05-21
139460,2024-05-21
139461,2024-05-21
139462,2024-05-21
139463,2024-05-21
139464,2024-05-21
139465,2024-05-21
139466,2024-05-21
139467,2024-05-21
139468,2024-05-21
139469,2024-05-21
139470,2024-05-21
139471,2024-05-21
139472,2024-05-21
139473,2024-05-21
139474,2024-05-21
139475,2024-05-21
139476,2024-05-21
139477,2024-05-21
139478,2024-05-21
139479,2024-05-21
139480,2024-05-21
139481,2024-05-21
139482,2024-05-21
139483,2024-05-21
139484,2024-05-21
139485,2024-05-21
139486,2024-05-21
139487,2024-05-21
139488,2024-05-21
139489,2024-05-21
139490,2024-05-21
139491,2024-05-21
139492,2024-05-21
139493,2024-05-21
139494,2024-05-21
139495,2024-05-21
139496,2024-05-21
139497,2024-05-21
139498,2024-05-21
139499,2024-05-21
139500,2024-05-21
139501,2024-05-21
139502,2024-05-21
139503,2024-05-21
139504,2024-05-21
139505,2024-05-21
139506,2024-05-21
139507,2024-05-21
139508,2024-05-21
139509,2024-05-21
139510,2024-05-21
139511,2024-05-21
139512,2024-05-21
139513,2024-05-21
139514,2024-05-21
139515,2024-05-21
139516,2024-05-21
139517,2024-05-21
139518,2024-05-21
139519,2024-05-21
139520,2024-05-21
139521,2024-05-21
139522,2024-05-21
139523,2024-05-21
139524,2024-05-21
139525,2024-05-21
139526,2024-05-21
139527,2024-05-21
139528,2024-05-21
139529,2024-05-21
139530,2024-05-21
139531,2024-05-21
139532,2024-05-21
139533,2024-05-21
139534,2024-05-21
139535,2024-05-22
139536,2024-05-22
139537,2024-05-22
139538,2024-05-22
139539,2024-05-22
139540,2024-05-22
139541,2024-05-22
139542,2024-05-22
139543,2024-05-22
139544,2024-05-22
139545,2024-05-22
139546,2024-05-22
139547,2024-05-22
139548,2024-05-22
139549,2024-05-22
139550,2024-05-22
139551,2024-05-22
139552,2024-05-22
139553,2024-05-22
139554,2024-05-22
139555,2024-05-22
139556,2024-05-22
139557,2024-05-22
139558,2024-05-22
139559,2024-05-22
139560,2024-05-22
139561,2024-05-22
139563,2024-05-22
139564,2024-05-22
139565,2024-05-22
139566,2024-05-22
139567,2024-05-22
139568,2024-05-22
139569,2024-05-22
139570,2024-05-22
139571,2024-05-22
139572,2024-05-22
139573,2024-05-22
139574,2024-05-22
139575,2024-05-22
139576,2024-05-22
139577,2024-05-22
139578,2024-05-22
139579,2024-05-22
139580,2024-05-22
139581,2024-05-22
139582,2024-05-22
139583,2024-05-22
139584,2024-05-22
139585,2024-05-22
139586,2024-05-22
139587,2024-05-22
139588,2024-05-22
139589,2024-05-22
139590,2024-05-22
139591,2024-05-22
139592,2024-05-22
139593,2024-05-22
139594,2024-05-22
139595,2024-05-22
139596,2024-05-22
139597,2024-05-22
139598,2024-05-22
139599,2024-05-22
139600,2024-05-22
139601,2024-05-22
139602,2024-05-22
139603,2024-05-22
139604,2024-05-22
139605,2024-05-22
139606,2024-05-22
139607,2024-05-22
139608,2024-05-22
139609,2024-05-22
139610,2024-05-22
139611,2024-05-22
139612,2024-05-22
139613,2024-05-22
139614,2024-05-22
139615,2024-05-22
139616,2024-05-22
139617,2024-05-22
139619,2024-05-22
139620,2024-05-22
139621,2024-05-22
139622,2024-05-22
139623,2024-05-22
139624,2024-05-22
139626,2024-05-22
139627,2024-05-22
139628,2024-05-22
139629,2024-05-22
139630,2024-05-22
139631,2024-05-22
139632,2024-05-22
139633,2024-05-22
139634,2024-05-22
139635,2024-05-22
139636,2024-05-22
139637,2024-05-22
139638,2024-05-22
139639,2024-05-22
139640,2024-05-22
139641,2024-05-22
139642,2024-05-22
139643,2024-05-22
139645,2024-05-22
139646,2024-05-22
139647,2024-05-22
139648,2024-05-22
139649,2024-05-22
139650,2024-05-23
139651,2024-05-23
139652,2024-05-23
139653,2024-05-23
139655,2024-05-23
139656,2024-05-23
139657,2024-05-23
139658,2024-05-23
139659,2024-05-23
139660,2024-05-23
139661,2024-05-23
139662,2024-05-23
139663,2024-05-23
139664,2024-05-23
139665,2024-05-23
139666,2024-05-23
139667,2024-05-23
139668,2024-05-23
139672,2024-05-23
139673,2024-05-23
139674,2024-05-23
139675,2024-05-23
139676,2024-05-23
139677,2024-05-23
139678,2024-05-23
139679,2024-05-23
139680,2024-05-23
139681,2024-05-23
139684,2024-05-23
139685,2024-05-23
139686,2024-05-23
139687,2024-05-23
139688,2024-05-23
139689,2024-05-23
139690,2024-05-23
139691,2024-05-23
139693,2024-05-23
139697,2024-05-23
139698,2024-05-23
139699,2024-05-23
139700,2024-05-23
139701,2024-05-23
139702,2024-05-23
139703,2024-05-23
139704,2024-05-23
139705,2024-05-23
139706,2024-05-23
139708,2024-05-23
139709,2024-05-23
139710,2024-05-23
139711,2024-05-23
139712,2024-05-23
139713,2024-05-23
139714,2024-05-23
139715,2024-05-23
139716,2024-05-23
139717,2024-05-23
139718,2024-05-23
139719,2024-05-23
139720,2024-05-23
139721,2024-05-23
139722,2024-05-23
139723,2024-05-23
139724,2024-05-23
139725,2024-05-23
139726,2024-05-23
139727,2024-05-23
139728,2024-05-23
139729,2024-05-23
139730,2024-05-23
139731,2024-05-23
139732,2024-05-23
139733,2024-05-23
139734,2024-05-23
139735,2024-05-23
139736,2024-05-23
139737,2024-05-24
139738,2024-05-24
139739,2024-05-24
139740,2024-05-24
139741,2024-05-24
139742,2024-05-24
139744,2024-05-24
139745,2024-05-24
139746,2024-05-24
139747,2024-05-24
139748,2024-05-24
139749,2024-05-24
139750,2024-05-24
139751,2024-05-24
139752,2024-05-24
139753,2024-05-24
139754,2024-05-24
139755,2024-05-24
139756,2024-05-24
139757,2024-05-24
139758,2024-05-24
139759,2024-05-24
139760,2024-05-24
139761,2024-05-24
139762,2024-05-24
139763,2024-05-24
139764,2024-05-24
139765,2024-05-24
139766,2024-05-24
139767,2024-05-24
139768,2024-05-24
139769,2024-05-24
139770,2024-05-24
139771,2024-05-24
139772,2024-05-24
139773,2024-05-24
139774,2024-05-24
139775,2024-05-24
139776,2024-05-24
139777,2024-05-24
139778,2024-05-24
139779,2024-05-24
139780,2024-05-24
139781,2024-05-24
139782,2024-05-24
139783,2024-05-24
139784,2024-05-24
139785,2024-05-24
139786,2024-05-24
139787,2024-05-24
139788,2024-05-24
139789,2024-05-24
139790,2024-05-24
139792,2024-05-24
139793,2024-05-24
139794,2024-05-24
139795,2024-05-24
139796,2024-05-24
139797,2024-05-24
139798,2024-05-24
139799,2024-05-24
139800,2024-05-24
139801,2024-05-24
139802,2024-05-24
139803,2024-05-24
139804,2024-05-24
139805,2024-05-25
139806,2024-05-25
139807,2024-05-25
139808,2024-05-25
139809,2024-05-25
139810,2024-05-25
139811,2024-05-25
139812,2024-05-25
139813,2024-05-25
139814,2024-05-25
139815,2024-05-25
139816,2024-05-25
139817,2024-05-25
139818,2024-05-25
139819,2024-05-25
139820,2024-05-25
139821,2024-05-25
139822,2024-05-25
139823,2024-05-25
139824,2024-05-25
139825,2024-05-25
139826,2024-05-25
139827,2024-05-25
139828,2024-05-25
139829,2024-05-25
139830,2024-05-25
139831,2024-05-25
139832,2024-05-25
139833,2024-05-25
139834,2024-05-25
139835,2024-05-25
139836,2024-05-25
139837,2024-05-25
139838,2024-05-25
139839,2024-05-25
139840,2024-05-25
139841,2024-05-25
139842,2024-05-25
139843,2024-05-25
139844,2024-05-25
139845,2024-05-25
139846,2024-05-25
139847,2024-05-25
139848,2024-05-25
139850,2024-05-25
139851,2024-05-25
139854,2024-05-25
139855,2024-05-25
139856,2024-05-25
139857,2024-05-25
139858,2024-05-25
139859,2024-05-25
139860,2024-05-25
139862,2024-05-25
139863,2024-05-25
139864,2024-05-25
139865,2024-05-25
139866,2024-05-25
139867,2024-05-25
139868,2024-05-25
139869,2024-05-25
139870,2024-05-25
139871,2024-05-25
139875,2024-05-25
139876,2024-05-25
139877,2024-05-25
139879,2024-05-25
139881,2024-05-25
139883,2024-05-25
139885,2024-05-25
139888,2024-05-25
139889,2024-05-25
139890,2024-05-25
139891,2024-05-25
139892,2024-05-25
139894,2024-05-25
139895,2024-05-25
139896,2024-05-25
139897,2024-05-25
139898,2024-05-25
139899,2024-05-27
139900,2024-05-27
139901,2024-05-27
139902,2024-05-27
139903,2024-05-27
139904,2024-05-27
139905,2024-05-27
139906,2024-05-27
139907,2024-05-27
139908,2024-05-27
139909,2024-05-27
139910,2024-05-27
139911,2024-05-27
139912,2024-05-27
139913,2024-05-27
139914,2024-05-27
139915,2024-05-27
139916,2024-05-27
139917,2024-05-27
139918,2024-05-27
139919,2024-05-27
139920,2024-05-27
139921,2024-05-27
139922,2024-05-27
139923,2024-05-27
139924,2024-05-27
139925,2024-05-27
139926,2024-05-27
139927,2024-05-27
139928,2024-05-27
139929,2024-05-27
139930,2024-05-27
139931,2024-05-27
139932,2024-05-27
139933,2024-05-27
139934,2024-05-27
139935,2024-05-27
139936,2024-05-27
139937,2024-05-27
139938,2024-05-27
139939,2024-05-27
139940,2024-05-27
139941,2024-05-27
139942,2024-05-27
139943,2024-05-27
139944,2024-05-27
139946,2024-05-27
139947,2024-05-27
139949,2024-05-27
139950,2024-05-27
139951,2024-05-27
139952,2024-05-27
139953,2024-05-27
139954,2024-05-27
139955,2024-05-27
139956,2024-05-27
139957,2024-05-27
139958,2024-05-27
139959,2024-05-27
139960,2024-05-27
139961,2024-05-27
139962,2024-05-27
139963,2024-05-27
139964,2024-05-27
139965,2024-05-27
139966,2024-05-27
139967,2024-05-27
139968,2024-05-27
139969,2024-05-27
139970,2024-05-27
139971,2024-05-27
139972,2024-05-27
139973,2024-05-27
139974,2024-05-27
139975,2024-05-27
139976,2024-05-27
139977,2024-05-27
139978,2024-05-27
139979,2024-05-27
139980,2024-05-27
139981,2024-05-27
139982,2024-05-27
139983,2024-05-27
139984,2024-05-27
139985,2024-05-27
139986,2024-05-27
139987,2024-05-27
139988,2024-05-27
139989,2024-05-27
139990,2024-05-27
139992,2024-05-28
139993,2024-05-28
139994,2024-05-28
139995,2024-05-28
139996,2024-05-28
139997,2024-05-28
139998,2024-05-28
139999,2024-05-28
140001,2024-05-28
140002,2024-05-28
140003,2024-05-28
140004,2024-05-28
140005,2024-05-28
140006,2024-05-28
140007,2024-05-28
140008,2024-05-28
140009,2024-05-28
140010,2024-05-28
140011,2024-05-28
140012,2024-05-28
140013,2024-05-28
140014,2024-05-28
140015,2024-05-28
140016,2024-05-28
140017,2024-05-28
140018,2024-05-28
140019,2024-05-28
140020,2024-05-28
140021,2024-05-28
140024,2024-05-28
140025,2024-05-28
140027,2024-05-28
140028,2024-05-28
140029,2024-05-28
140030,2024-05-28
140031,2024-05-28
140032,2024-05-28
140033,2024-05-28
140034,2024-05-28
140035,2024-05-28
140036,2024-05-28
140037,2024-05-28
140038,2024-05-28
140039,2024-05-28
140040,2024-05-28
140041,2024-05-28
140042,2024-05-28
140043,2024-05-28
140044,2024-05-28
140045,2024-05-28
140046,2024-05-28
140048,2024-05-28
140049,2024-05-28
140050,2024-05-28
140051,2024-05-28
140052,2024-05-28
140053,2024-05-28
140054,2024-05-28
140055,2024-05-28
140056,2024-05-28
140057,2024-05-28
140058,2024-05-28
140059,2024-05-28
140060,2024-05-28
140061,2024-05-28
140062,2024-05-28
140063,2024-05-28
140064,2024-05-28
140065,2024-05-28
140066,2024-05-28
140067,2024-05-28
140068,2024-05-28
140069,2024-05-28
140070,2024-05-28
140071,2024-05-28
140072,2024-05-28
140073,2024-05-28
140074,2024-05-28
140076,2024-05-28
140077,2024-05-28
140078,2024-05-28
140079,2024-05-28
140080,2024-05-28
140081,2024-05-28
140082,2024-05-28
140083,2024-05-28
140084,2024-05-28
140085,2024-05-28
140086,2024-05-28
140087,2024-05-28
140088,2024-05-28
140089,2024-05-28
140090,2024-05-28
140091,2024-05-28
140092,2024-05-28
140093,2024-05-28
140094,2024-05-28
140095,2024-05-28
140096,2024-05-28
140097,2024-05-28
140098,2024-05-28
140099,2024-05-28
140100,2024-05-28
140101,2024-05-29
140102,2024-05-29
140104,2024-05-29
140105,2024-05-29
140106,2024-05-29
140107,2024-05-29
140108,2024-05-29
140109,2024-05-29
140110,2024-05-29
140111,2024-05-29
140112,2024-05-29
140113,2024-05-29
140114,2024-05-29
140115,2024-05-29
140116,2024-05-29
140117,2024-05-29
140118,2024-05-29
140119,2024-05-29
140120,2024-05-29
140121,2024-05-29
140122,2024-05-29
140123,2024-05-29
140124,2024-05-29
140125,2024-05-29
140126,2024-05-29
140127,2024-05-29
140128,2024-05-29
140129,2024-05-29
140130,2024-05-29
140131,2024-05-29
140132,2024-05-29
140133,2024-05-29
140134,2024-05-29
140135,2024-05-29
140136,2024-05-29
140137,2024-05-29
140138,2024-05-29
140139,2024-05-29
140140,2024-05-29
140141,2024-05-29
140142,2024-05-29
140143,2024-05-29
140144,2024-05-29
140145,2024-05-29
140146,2024-05-29
140147,2024-05-29
140148,2024-05-29
140149,2024-05-29
140150,2024-05-29
140151,2024-05-29
140153,2024-05-29
140154,2024-05-29
140155,2024-05-29
140156,2024-05-29
140157,2024-05-29
140159,2024-05-29
140160,2024-05-29
140161,2024-05-29
140162,2024-05-29
140163,2024-05-29
140164,2024-05-29
140165,2024-05-29
140166,2024-05-29
140167,2024-05-29
140168,2024-05-29
140169,2024-05-29
140170,2024-05-29
140171,2024-05-29
140172,2024-05-29
140173,2024-05-29
140175,2024-05-29
140176,2024-05-29
140177,2024-05-29
140178,2024-05-29
140179,2024-05-29
140180,2024-05-29
140181,2024-05-29
140182,2024-05-29
140183,2024-05-29
140184,2024-05-29
140185,2024-05-29
140186,2024-05-29
140187,2024-05-29
140188,2024-05-29
140189,2024-05-29
140190,2024-05-29
140191,2024-05-29
140192,2024-05-29
140193,2024-05-29
140194,2024-05-29
140195,2024-05-29
140197,2024-05-29
140198,2024-05-29
140199,2024-05-29
140200,2024-05-29
140203,2024-05-29
140204,2024-05-29
140205,2024-05-29
140206,2024-05-29
140207,2024-05-29
140208,2024-05-29
140209,2024-05-29
140210,2024-05-29
140211,2024-05-30
140212,2024-05-30
140213,2024-05-30
140214,2024-05-30
140215,2024-05-30
140216,2024-05-30
140217,2024-05-30
140218,2024-05-30
140219,2024-05-30
140220,2024-05-30
140221,2024-05-30
140222,2024-05-30
140223,2024-05-30
140224,2024-05-30
140225,2024-05-30
140226,2024-05-30
140227,2024-05-30
140228,2024-05-30
140229,2024-05-30
140230,2024-05-30
140231,2024-05-30
140232,2024-05-30
140233,2024-05-30
140234,2024-05-30
140235,2024-05-30
140236,2024-05-30
140237,2024-05-30
140238,2024-05-30
140239,2024-05-30
140240,2024-05-30
140241,2024-05-30
140242,2024-05-30
140243,2024-05-30
140244,2024-05-30
140245,2024-05-30
140246,2024-05-30
140247,2024-05-30
140248,2024-05-30
140249,2024-05-30
140250,2024-05-30
140251,2024-05-30
140252,2024-05-30
140253,2024-05-30
140254,2024-05-30
140255,2024-05-30
140256,2024-05-30
140257,2024-05-30
140258,2024-05-30
140259,2024-05-30
140260,2024-05-30
140261,2024-05-30
140262,2024-05-30
140263,2024-05-30
140264,2024-05-30
140265,2024-05-30
140266,2024-05-30
140267,2024-05-30
140268,2024-05-30
140269,2024-05-30
140270,2024-05-30
140271,2024-05-30
140272,2024-05-30
140274,2024-05-30
140275,2024-05-30
140276,2024-05-30
140277,2024-05-30
140278,2024-05-30
140279,2024-05-30
140280,2024-05-30
140281,2024-05-30
140282,2024-05-30
140284,2024-05-30
140285,2024-05-30
140286,2024-05-30
140287,2024-05-30
140288,2024-05-30
140289,2024-05-30
140290,2024-05-30
140291,2024-05-30
140294,2024-05-30
140295,2024-05-30
140296,2024-05-30
140297,2024-05-30
140298,2024-05-30
140299,2024-05-30
140300,2024-05-30
140301,2024-05-30
140302,2024-05-30
140303,2024-05-30
140304,2024-05-30
140305,2024-05-30
140306,2024-05-31
140307,2024-05-31
140308,2024-05-31
140309,2024-05-31
140310,2024-05-31
140311,2024-05-31
140312,2024-05-31
140313,2024-05-31
140314,2024-05-31
140315,2024-05-31
140316,2024-05-31
140317,2024-05-31
140318,2024-05-31
140319,2024-05-31
140320,2024-05-31
140321,2024-05-31
140322,2024-05-31
140323,2024-05-31
140324,2024-05-31
140325,2024-05-31
140326,2024-05-31
140327,2024-05-31
140328,2024-05-31
140329,2024-05-31
140330,2024-05-31
140331,2024-05-31
140332,2024-05-31
140333,2024-05-31
140334,2024-05-31
140335,2024-05-31
140336,2024-05-31
140337,2024-05-31
140338,2024-05-31
140339,2024-05-31
140340,2024-05-31
140341,2024-05-31
140342,2024-05-31
140343,2024-05-31
140344,2024-05-31
140345,2024-05-31
140346,2024-05-31
140347,2024-05-31
140348,2024-05-31
140349,2024-05-31
140350,2024-05-31
140351,2024-05-31
140352,2024-05-31
140353,2024-05-31
140354,2024-05-31
140355,2024-05-31
140356,2024-05-31
140357,2024-05-31
140358,2024-05-31
140359,2024-05-31
140360,2024-05-31
140361,2024-05-31
140362,2024-05-31
140363,2024-05-31
140365,2024-05-31
140366,2024-05-31
140367,2024-05-31
140369,2024-05-31
140370,2024-05-31
140371,2024-05-31
140373,2024-05-31
140374,2024-05-31
140376,2024-05-31
140377,2024-05-31
140379,2024-05-31
140380,2024-05-31
140381,2024-05-31
140382,2024-05-31
140383,2024-05-31
140384,2024-05-31
140385,2024-05-31
140386,2024-05-31
140387,2024-05-31
140388,2024-05-31
140389,2024-05-31
140391,2024-05-31
140392,2024-05-31
140393,2024-05-31
140394,2024-05-31
140395,2024-05-31
140396,2024-05-31
140397,2024-05-31
140398,2024-05-31
140399,2024-05-31
140400,2024-05-31
140402,2024-06-01
140403,2024-06-01
140404,2024-06-01
140405,2024-06-01
140406,2024-06-01
140407,2024-06-01
140408,2024-06-01
140409,2024-06-01
140410,2024-06-01
140411,2024-06-01
140412,2024-06-01
140413,2024-06-01
140414,2024-06-01
140415,2024-06-01
140416,2024-06-01
140417,2024-06-01
140418,2024-06-01
140419,2024-06-01
140420,2024-06-01
140422,2024-06-01
140423,2024-06-01
140424,2024-06-01
140425,2024-06-01
140426,2024-06-01
140427,2024-06-01
140428,2024-06-01
140429,2024-06-01
140430,2024-06-01
140431,2024-06-01
140432,2024-06-01
140433,2024-06-01
140434,2024-06-01
140435,2024-06-01
140436,2024-06-01
140437,2024-06-01
140438,2024-06-01
140439,2024-06-01
140440,2024-06-01
140441,2024-06-01
140442,2024-06-01
140443,2024-06-01
140444,2024-06-01
140445,2024-06-01
140446,2024-06-01
140447,2024-06-01
140448,2024-06-01
140449,2024-06-01
140450,2024-06-01
140451,2024-06-01
140452,2024-06-01
140453,2024-06-01
140454,2024-06-01
140455,2024-06-01
140458,2024-06-01
140459,2024-06-01
140460,2024-06-01
140461,2024-06-01
140462,2024-06-01
140463,2024-06-01
140464,2024-06-01
140465,2024-06-01
140466,2024-06-01
140467,2024-06-01
140468,2024-06-01
140469,2024-06-01
140470,2024-06-01
140471,2024-06-01
140472,2024-06-01
140473,2024-06-01
140474,2024-06-01
140475,2024-06-01
140476,2024-06-01
140477,2024-06-01
140478,2024-06-01
140479,2024-06-01
140480,2024-06-01
140481,2024-06-01
140482,2024-06-01
140484,2024-06-01
140485,2024-06-01
140486,2024-06-01
140487,2024-06-01
140488,2024-06-01
140489,2024-06-01
140490,2024-06-01
140491,2024-06-01
140492,2024-06-01
140493,2024-06-01
140494,2024-06-01
140495,2024-06-01
140496,2024-06-01
140497,2024-06-01
140498,2024-06-01
140499,2024-06-01
140501,2024-06-01
140502,2024-06-01
140503,2024-06-01
140504,2024-06-01
140505,2024-06-01
140506,2024-06-01
140507,2024-06-01
140508,2024-06-01
140509,2024-06-01
140510,2024-06-01
140511,2024-06-01
140512,2024-06-01
140513,2024-06-01
140514,2024-06-01
140515,2024-06-01
140516,2024-06-01
140517,2024-06-01
140518,2024-06-01
140519,2024-06-01
140520,2024-06-01
140521,2024-06-01
140522,2024-06-01
140523,2024-06-01
140524,2024-06-01
140525,2024-06-03
140526,2024-06-03
140527,2024-06-03
140528,2024-06-03
140529,2024-06-03
140530,2024-06-03
140531,2024-06-03
140532,2024-06-03
140533,2024-06-03
140534,2024-06-03
140535,2024-06-03
140536,2024-06-03
140537,2024-06-03
140538,2024-06-03
140539,2024-06-03
140540,2024-06-03
140541,2024-06-03
140542,2024-06-03
140543,2024-06-03
140544,2024-06-03
140545,2024-06-03
140547,2024-06-03
140548,2024-06-03
140549,2024-06-03
140550,2024-06-03
140551,2024-06-03
140552,2024-06-03
140553,2024-06-03
140554,2024-06-03
140555,2024-06-03
140556,2024-06-03
140560,2024-06-03
140561,2024-06-03
140562,2024-06-03
140563,2024-06-03
140564,2024-06-03
140565,2024-06-03
140566,2024-06-03
140567,2024-06-03
140568,2024-06-03
140569,2024-06-03
140570,2024-06-03
140571,2024-06-03
140572,2024-06-03
140573,2024-06-03
140574,2024-06-03
140575,2024-06-03
140576,2024-06-03
140577,2024-06-03
140579,2024-06-03
140580,2024-06-03
140581,2024-06-03
140582,2024-06-03
140583,2024-06-03
140584,2024-06-03
140586,2024-06-03
140587,2024-06-03
140588,2024-06-03
140590,2024-06-03
140591,2024-06-03
140592,2024-06-03
140593,2024-06-03
140594,2024-06-03
140595,2024-06-03
140597,2024-06-03
140598,2024-06-03
140599,2024-06-03
140600,2024-06-03
140601,2024-06-03
140602,2024-06-03
140603,2024-06-03
140604,2024-06-03
140605,2024-06-03
140606,2024-06-03
140607,2024-06-03
140608,2024-06-03
140609,2024-06-03
140610,2024-06-03
140611,2024-06-03
140612,2024-06-03
140613,2024-06-03
140614,2024-06-03
140615,2024-06-03
140616,2024-06-03
140617,2024-06-03
140618,2024-06-03
140619,2024-06-03
140620,2024-06-03
140621,2024-06-03
140622,2024-06-03
140623,2024-06-03
140624,2024-06-03
140625,2024-06-03
140626,2024-06-03
140627,2024-06-03
140628,2024-06-03
140629,2024-06-03
140630,2024-06-03
140631,2024-06-03
140632,2024-06-03
140633,2024-06-03
140634,2024-06-03
140635,2024-06-03
140636,2024-06-03
140637,2024-06-03
140638,2024-06-03
140639,2024-06-03
140640,2024-06-03
140641,2024-06-03
140642,2024-06-03
140643,2024-06-03
140644,2024-06-03
140645,2024-06-04
140646,2024-06-04
140647,2024-06-04
140648,2024-06-04
140649,2024-06-04
140650,2024-06-04
140653,2024-06-04
140654,2024-06-04
140655,2024-06-04
140656,2024-06-04
140657,2024-06-04
140658,2024-06-04
140659,2024-06-04
140660,2024-06-04
140661,2024-06-04
140662,2024-06-04
140663,2024-06-04
140664,2024-06-04
140665,2024-06-04
140666,2024-06-04
140667,2024-06-04
140668,2024-06-04
140670,2024-06-04
140671,2024-06-04
140672,2024-06-04
140673,2024-06-04
140674,2024-06-04
140675,2024-06-04
140676,2024-06-04
140677,2024-06-04
140678,2024-06-04
140679,2024-06-04
140680,2024-06-04
140681,2024-06-04
140682,2024-06-04
140683,2024-06-04
140684,2024-06-04
140685,2024-06-04
140686,2024-06-04
140687,2024-06-04
140688,2024-06-04
140689,2024-06-04
140690,2024-06-04
140691,2024-06-04
140692,2024-06-04
140693,2024-06-04
140694,2024-06-04
140695,2024-06-04
140696,2024-06-04
140699,2024-06-04
140700,2024-06-04
140701,2024-06-04
140702,2024-06-04
140706,2024-06-04
140707,2024-06-04
140708,2024-06-04
140709,2024-06-04
140710,2024-06-04
140711,2024-06-04
140712,2024-06-04
140713,2024-06-04
140714,2024-06-04
140715,2024-06-04
140716,2024-06-04
140718,2024-06-04
140719,2024-06-04
140720,2024-06-04
140721,2024-06-04
140722,2024-06-04
140723,2024-06-04
140725,2024-06-04
140727,2024-06-04
140728,2024-06-04
140729,2024-06-04
140730,2024-06-04
140732,2024-06-04
140733,2024-06-04
140734,2024-06-04
140735,2024-06-04
140737,2024-06-04
140738,2024-06-04
140739,2024-06-04
140740,2024-06-05
140741,2024-06-05
140742,2024-06-05
140743,2024-06-05
140744,2024-06-05
140745,2024-06-05
140746,2024-06-05
140747,2024-06-05
140748,2024-06-05
140749,2024-06-05
140750,2024-06-05
140751,2024-06-05
140752,2024-06-05
140753,2024-06-05
140754,2024-06-05
140755,2024-06-05
140756,2024-06-05
140757,2024-06-05
140758,2024-06-05
140759,2024-06-05
140760,2024-06-05
140761,2024-06-05
140762,2024-06-05
140763,2024-06-05
140764,2024-06-05
140765,2024-06-05
140766,2024-06-05
140767,2024-06-05
140768,2024-06-05
140769,2024-06-05
140770,2024-06-05
140771,2024-06-05
140772,2024-06-05
140773,2024-06-05
140775,2024-06-05
140776,2024-06-05
140778,2024-06-05
140779,2024-06-05
140780,2024-06-05
140782,2024-06-05
140783,2024-06-05
140784,2024-06-05
140785,2024-06-05
140788,2024-06-05
140789,2024-06-05
140790,2024-06-05
140791,2024-06-05
140792,2024-06-05
140793,2024-06-05
140795,2024-06-05
140796,2024-06-05
140797,2024-06-05
140798,2024-06-05
140800,2024-06-05
140801,2024-06-05
140802,2024-06-05
140803,2024-06-05
140804,2024-06-05
140805,2024-06-05
140806,2024-06-05
140807,2024-06-05
140808,2024-06-05
140809,2024-06-05
140810,2024-06-05
140811,2024-06-05
140812,2024-06-05
140813,2024-06-05
140814,2024-06-05
140815,2024-06-05
140816,2024-06-05
140817,2024-06-05
140820,2024-06-05
140821,2024-06-05
140822,2024-06-05
140823,2024-06-05
140824,2024-06-05
140825,2024-06-05
140826,2024-06-05
140827,2024-06-05
140828,2024-06-05
140829,2024-06-05
140830,2024-06-05
140831,2024-06-05
140832,2024-06-05
140834,2024-06-05
140835,2024-06-05
140836,2024-06-05
140837,2024-06-05
140838,2024-06-05
140839,2024-06-05
140840,2024-06-05
140841,2024-06-05
140842,2024-06-05
140843,2024-06-05
140844,2024-06-05
140845,2024-06-05
140846,2024-06-05
140847,2024-06-06
140848,2024-06-06
140849,2024-06-06
140850,2024-06-06
140851,2024-06-06
140852,2024-06-06
140853,2024-06-06
140854,2024-06-06
140855,2024-06-06
140857,2024-06-06
140860,2024-06-06
140861,2024-06-06
140862,2024-06-06
140863,2024-06-06
140864,2024-06-06
140865,2024-06-06
140866,2024-06-06
140867,2024-06-06
140868,2024-06-06
140869,2024-06-06
140870,2024-06-06
140871,2024-06-06
140872,2024-06-06
140873,2024-06-06
140875,2024-06-06
140876,2024-06-06
140877,2024-06-06
140878,2024-06-06
140879,2024-06-06
140880,2024-06-06
140881,2024-06-06
140882,2024-06-06
140883,2024-06-06
140884,2024-06-06
140886,2024-06-06
140887,2024-06-06
140888,2024-06-06
140889,2024-06-06
140890,2024-06-06
140891,2024-06-06
140892,2024-06-06
140893,2024-06-06
140894,2024-06-06
140895,2024-06-06
140896,2024-06-06
140897,2024-06-06
140898,2024-06-06
140899,2024-06-06
140900,2024-06-06
140901,2024-06-06
140902,2024-06-06
140903,2024-06-06
140904,2024-06-06
140905,2024-06-06
140906,2024-06-06
140907,2024-06-06
140908,2024-06-06
140909,2024-06-06
140910,2024-06-06
140911,2024-06-06
140912,2024-06-06
140913,2024-06-06
140914,2024-06-06
140915,2024-06-06
140916,2024-06-06
140917,2024-06-06
140918,2024-06-06
140919,2024-06-06
140920,2024-06-06
140921,2024-06-06
140922,2024-06-06
140923,2024-06-06
140924,2024-06-06
140925,2024-06-06
140926,2024-06-06
140927,2024-06-06
140928,2024-06-06
140929,2024-06-06
140930,2024-06-06
140931,2024-06-06
140932,2024-06-06
140933,2024-06-06
140934,2024-06-06
140935,2024-06-06
140937,2024-06-06
140938,2024-06-06
140939,2024-06-06
140940,2024-06-06
140941,2024-06-06
140942,2024-06-06
140943,2024-06-06
140944,2024-06-06
140945,2024-06-06
140946,2024-06-06
140947,2024-06-06
140948,2024-06-06
140949,2024-06-06
140950,2024-06-06
140951,2024-06-06
140952,2024-06-06
140953,2024-06-06
140954,2024-06-06
140955,2024-06-06
140956,2024-06-06
140957,2024-06-07
140958,2024-06-07
140959,2024-06-07
140960,2024-06-07
140961,2024-06-07
140962,2024-06-07
140963,2024-06-07
140964,2024-06-07
140965,2024-06-07
140966,2024-06-07
140967,2024-06-07
140968,2024-06-07
140969,2024-06-07
140970,2024-06-07
140971,2024-06-07
140972,2024-06-07
140973,2024-06-07
140974,2024-06-07
140975,2024-06-07
140976,2024-06-07
140977,2024-06-07
140978,2024-06-07
140980,2024-06-07
140981,2024-06-07
140982,2024-06-07
140983,2024-06-07
140984,2024-06-07
140985,2024-06-07
140986,2024-06-07
140987,2024-06-07
140988,2024-06-07
140989,2024-06-07
140990,2024-06-07
140991,2024-06-07
140992,2024-06-07
140993,2024-06-07
140994,2024-06-07
140997,2024-06-07
141000,2024-06-07
141001,2024-06-07
141002,2024-06-07
141004,2024-06-07
141008,2024-06-07
141009,2024-06-07
141010,2024-06-07
141011,2024-06-07
141012,2024-06-07
141013,2024-06-07
141014,2024-06-07
141015,2024-06-07
141016,2024-06-07
141017,2024-06-07
141018,2024-06-07
141019,2024-06-07
141020,2024-06-07
141021,2024-06-07
141022,2024-06-07
141023,2024-06-07
141024,2024-06-07
141025,2024-06-07
141026,2024-06-07
141027,2024-06-07
141028,2024-06-07
141029,2024-06-07
141030,2024-06-07
141031,2024-06-07
141032,2024-06-07
141034,2024-06-07
141035,2024-06-07
141036,2024-06-07
141037,2024-06-07
141038,2024-06-07
141039,2024-06-07
141040,2024-06-07
141041,2024-06-08
141042,2024-06-08
141043,2024-06-08
141044,2024-06-08
141045,2024-06-08
141046,2024-06-08
141047,2024-06-08
141048,2024-06-08
141049,2024-06-08
141050,2024-06-08
141051,2024-06-08
141052,2024-06-08
141053,2024-06-08
141054,2024-06-08
141056,2024-06-08
141057,2024-06-08
141058,2024-06-08
141059,2024-06-08
141060,2024-06-08
141061,2024-06-08
141062,2024-06-08
141063,2024-06-08
141064,2024-06-08
141065,2024-06-08
141066,2024-06-08
141067,2024-06-08
141068,2024-06-08
141069,2024-06-08
141070,2024-06-08
141071,2024-06-08
141072,2024-06-08
141073,2024-06-08
141074,2024-06-08
141076,2024-06-08
141077,2024-06-08
141078,2024-06-08
141079,2024-06-08
141080,2024-06-08
141081,2024-06-08
141082,2024-06-08
141083,2024-06-08
141084,2024-06-08
141085,2024-06-08
141086,2024-06-08
141087,2024-06-08
141088,2024-06-08
141089,2024-06-08
141091,2024-06-08
141095,2024-06-08
141096,2024-06-08
141097,2024-06-08
141098,2024-06-08
141099,2024-06-08
141100,2024-06-08
141101,2024-06-08
141102,2024-06-08
141103,2024-06-08
141104,2024-06-08
141105,2024-06-08
141106,2024-06-08
141107,2024-06-08
141108,2024-06-08
141109,2024-06-08
141110,2024-06-08
141111,2024-06-08
141112,2024-06-08
141113,2024-06-08
141115,2024-06-08
141116,2024-06-08
141117,2024-06-08
141119,2024-06-08
141120,2024-06-08
141121,2024-06-08
141122,2024-06-08
141123,2024-06-08
141124,2024-06-08
141125,2024-06-08
141126,2024-06-08
141127,2024-06-08
141128,2024-06-08
141129,2024-06-08
141130,2024-06-08
141134,2024-06-08
141135,2024-06-08
141136,2024-06-08
141137,2024-06-08
141138,2024-06-08
141140,2024-06-16
141142,2024-06-16
141143,2024-06-16
141144,2024-06-16
141145,2024-06-16
141146,2024-06-16
141166,2024-06-16
141167,2024-06-16
141168,2024-06-16
141169,2024-06-16
141170,2024-06-16
141171,2024-06-16
141172,2024-06-16
141173,2024-06-16
141174,2024-06-16
141175,2024-06-16
141176,2024-06-16
141177,2024-06-16
141178,2024-06-16
141179,2024-06-16
141180,2024-06-16
141181,2024-06-16
141182,2024-06-16
141184,2024-06-16
141185,2024-06-16
141186,2024-06-16
141188,2024-06-16
141190,2024-06-16
141191,2024-06-16
141192,2024-06-16
141193,2024-06-16
141194,2024-06-16
141195,2024-06-16
141196,2024-06-16
141197,2024-06-16
141198,2024-06-16
141199,2024-06-16
141200,2024-06-16
141202,2024-06-16
141204,2024-06-16
141205,2024-06-16
141206,2024-06-16
141207,2024-06-16
141208,2024-06-16
141209,2024-06-16
141210,2024-06-16
141211,2024-06-16
141212,2024-06-16
141213,2024-06-16
141214,2024-06-16
141215,2024-06-16
141216,2024-06-16
141217,2024-06-16
141218,2024-06-16
141219,2024-06-16
141220,2024-06-16
141221,2024-06-16
141222,2024-06-16
141223,2024-06-16
141224,2024-06-16
141225,2024-06-16
141227,2024-06-16
141228,2024-06-16
141229,2024-06-16
141230,2024-06-16
141231,2024-06-16
141232,2024-06-16
141233,2024-06-16
141234,2024-06-16
141235,2024-06-16
141236,2024-06-16
141237,2024-06-16
141238,2024-06-16
141239,2024-06-16
141240,2024-06-16
141241,2024-06-16
141242,2024-06-16
141243,2024-06-16
141244,2024-06-16
141245,2024-06-16
141246,2024-06-16
141247,2024-06-16
141248,2024-06-16
141249,2024-06-16
141250,2024-06-16
141251,2024-06-16
141252,2024-06-16
141255,2024-06-16
141256,2024-06-16
141257,2024-06-16
141258,2024-06-16
141259,2024-06-16
141261,2024-06-16
141262,2024-06-16
141263,2024-06-16
141264,2024-06-16
141266,2024-06-16
141268,2024-06-16
141270,2024-06-16
141271,2024-06-16
141272,2024-06-16
141273,2024-06-16
141274,2024-06-16
141275,2024-06-16
141276,2024-06-16
141277,2024-06-16
141278,2024-06-16
141279,2024-06-16
141280,2024-06-16
141281,2024-06-16
141282,2024-06-16
141283,2024-06-16
141284,2024-06-16
141285,2024-06-16
141286,2024-06-16
141287,2024-06-16
141288,2024-06-16
141289,2024-06-16
141290,2024-06-16
141291,2024-06-16
141292,2024-06-16
141293,2024-06-16
141294,2024-06-16
141296,2024-06-16
141297,2024-06-16
141298,2024-06-16
141299,2024-06-16
141300,2024-06-16
141301,2024-06-16
141302,2024-06-16
141303,2024-06-16
141304,2024-06-16
141305,2024-06-16
141306,2024-06-16
141307,2024-06-16
141308,2024-06-16
141309,2024-06-16
141310,2024-06-16
141311,2024-06-16
141312,2024-06-16
141313,2024-06-16
141314,2024-06-16
141315,2024-06-16
141316,2024-06-16
141317,2024-06-16
141318,2024-06-16
141319,2024-06-16
141320,2024-06-16
141321,2024-06-16
141323,2024-06-17
141324,2024-06-17
141325,2024-06-17
141326,2024-06-17
141327,2024-06-17
141328,2024-06-17
141329,2024-06-17
141330,2024-06-17
141332,2024-06-17
141333,2024-06-17
141334,2024-06-17
141335,2024-06-17
141336,2024-06-17
141337,2024-06-17
141338,2024-06-17
141339,2024-06-17
141341,2024-06-17
141342,2024-06-17
141343,2024-06-17
141344,2024-06-17
141345,2024-06-17
141346,2024-06-17
141347,2024-06-17
141348,2024-06-17
141349,2024-06-17
141350,2024-06-17
141351,2024-06-17
141352,2024-06-17
141353,2024-06-17
141354,2024-06-17
141355,2024-06-17
141356,2024-06-17
141357,2024-06-17
141358,2024-06-17
141359,2024-06-17
141360,2024-06-17
141361,2024-06-17
141362,2024-06-17
141363,2024-06-17
141364,2024-06-17
141365,2024-06-17
141366,2024-06-17
141367,2024-06-17
141368,2024-06-17
141369,2024-06-17
141370,2024-06-17
141371,2024-06-17
141372,2024-06-17
141374,2024-06-17
141375,2024-06-17
141376,2024-06-17
141377,2024-06-17
141378,2024-06-17
141379,2024-06-17
141380,2024-06-17
141381,2024-06-17
141382,2024-06-17
141383,2024-06-17
141384,2024-06-17
141385,2024-06-17
141386,2024-06-17
141387,2024-06-17
141388,2024-06-17
141389,2024-06-17
141390,2024-06-17
141391,2024-06-17
141392,2024-06-17
141393,2024-06-17
141394,2024-06-17
141395,2024-06-17
141396,2024-06-17
141397,2024-06-17
141398,2024-06-17
141399,2024-06-17
141400,2024-06-17
141401,2024-06-17
141402,2024-06-17
141403,2024-06-17
141404,2024-06-17
141405,2024-06-17
141406,2024-06-17
141407,2024-06-17
141408,2024-06-17
141409,2024-06-17
141410,2024-06-17
141411,2024-06-17
141412,2024-06-17
141413,2024-06-17
141414,2024-06-17
141415,2024-06-17
141416,2024-06-17
141417,2024-06-17
141418,2024-06-17
141419,2024-06-17
141420,2024-06-17
141421,2024-06-17
141422,2024-06-17
141423,2024-06-17
141424,2024-06-17
141425,2024-06-17
141426,2024-06-17
141427,2024-06-17
141428,2024-06-17
141429,2024-06-17
141430,2024-06-17
141431,2024-06-17
141432,2024-06-17
141433,2024-06-17
141434,2024-06-17
141435,2024-06-17
141436,2024-06-17
141437,2024-06-17
141438,2024-06-17
141439,2024-06-17
141440,2024-06-17
141441,2024-06-17
141442,2024-06-17
141443,2024-06-17
141444,2024-06-17
141445,2024-06-17
141446,2024-06-17
141447,2024-06-17
141448,2024-06-18
141449,2024-06-18
141450,2024-06-18
141451,2024-06-18
141452,2024-06-18
141453,2024-06-18
141454,2024-06-18
141455,2024-06-18
141456,2024-06-18
141457,2024-06-18
141458,2024-06-18
141460,2024-06-18
141461,2024-06-18
141462,2024-06-18
141463,2024-06-18
141464,2024-06-18
141465,2024-06-18
141466,2024-06-18
141467,2024-06-18
141468,2024-06-18
141469,2024-06-18
141470,2024-06-18
141471,2024-06-18
141472,2024-06-18
141473,2024-06-18
141474,2024-06-18
141475,2024-06-18
141476,2024-06-18
141477,2024-06-18
141478,2024-06-18
141479,2024-06-18
141480,2024-06-18
141481,2024-06-18
141482,2024-06-18
141483,2024-06-18
141484,2024-06-18
141485,2024-06-18
141486,2024-06-18
141487,2024-06-18
141488,2024-06-18
141489,2024-06-18
141490,2024-06-18
141491,2024-06-18
141492,2024-06-18
141493,2024-06-18
141495,2024-06-18
141496,2024-06-18
141497,2024-06-18
141498,2024-06-18
141499,2024-06-18
141500,2024-06-18
141501,2024-06-18
141502,2024-06-18
141503,2024-06-18
141506,2024-06-18
141507,2024-06-18
141508,2024-06-18
141509,2024-06-18
141511,2024-06-18
141512,2024-06-18
141513,2024-06-18
141514,2024-06-18
141515,2024-06-18
141516,2024-06-18
141517,2024-06-18
141518,2024-06-18
141519,2024-06-18
141520,2024-06-18
141521,2024-06-18
141522,2024-06-18
141523,2024-06-18
141524,2024-06-18
141525,2024-06-18
141526,2024-06-18
141527,2024-06-18
141528,2024-06-18
141529,2024-06-18
141531,2024-06-18
141532,2024-06-18
141533,2024-06-18
141534,2024-06-18
141535,2024-06-18
141536,2024-06-18
141537,2024-06-18
141538,2024-06-18
141539,2024-06-18
141540,2024-06-18
141541,2024-06-18
141542,2024-06-18
141543,2024-06-18
141544,2024-06-18
141545,2024-06-18
141546,2024-06-18
141547,2024-06-18
141548,2024-06-18
141549,2024-06-18
141550,2024-06-18
141551,2024-06-18
141552,2024-06-18
141553,2024-06-18
141554,2024-06-18
141555,2024-06-18
141556,2024-06-18
141557,2024-06-18
141558,2024-06-18
141559,2024-06-18
141560,2024-06-18
141561,2024-06-18
141562,2024-06-18
141563,2024-06-18
141564,2024-06-18
141565,2024-06-18
141566,2024-06-18
141567,2024-06-19
141568,2024-06-19
141569,2024-06-19
141570,2024-06-19
141571,2024-06-19
141572,2024-06-19
141573,2024-06-19
141574,2024-06-19
141575,2024-06-19
141576,2024-06-19
141577,2024-06-19
141578,2024-06-19
141579,2024-06-19
141580,2024-06-19
141581,2024-06-19
141582,2024-06-19
141583,2024-06-19
141584,2024-06-19
141585,2024-06-19
141586,2024-06-19
141588,2024-06-19
141589,2024-06-19
141590,2024-06-19
141591,2024-06-19
141592,2024-06-19
141593,2024-06-19
141594,2024-06-19
141596,2024-06-19
141597,2024-06-19
141598,2024-06-19
141599,2024-06-19
141600,2024-06-19
141601,2024-06-19
141602,2024-06-19
141603,2024-06-19
141605,2024-06-19
141606,2024-06-19
141607,2024-06-19
141608,2024-06-19
141612,2024-06-19
141613,2024-06-19
141614,2024-06-19
141615,2024-06-19
141616,2024-06-19
141617,2024-06-19
141618,2024-06-19
141621,2024-06-19
141622,2024-06-19
141623,2024-06-19
141624,2024-06-19
141625,2024-06-19
141630,2024-06-19
141637,2024-06-19
141638,2024-06-19
141639,2024-06-19
141640,2024-06-19
141641,2024-06-19
141642,2024-06-19
141643,2024-06-19
141644,2024-06-19
141645,2024-06-19
141646,2024-06-19
141647,2024-06-19
141648,2024-06-19
141649,2024-06-19
141650,2024-06-19
141651,2024-06-19
141652,2024-06-19
141653,2024-06-19
141655,2024-06-19
141656,2024-06-19
141657,2024-06-19
141658,2024-06-19
141659,2024-06-19
141660,2024-06-19
141661,2024-06-19
141663,2024-06-20
141664,2024-06-20
141665,2024-06-20
141666,2024-06-20
141667,2024-06-20
141668,2024-06-20
141669,2024-06-20
141670,2024-06-20
141671,2024-06-20
141672,2024-06-20
141673,2024-06-20
141674,2024-06-20
141675,2024-06-20
141676,2024-06-20
141677,2024-06-20
141678,2024-06-20
141679,2024-06-20
141680,2024-06-20
141681,2024-06-20
141682,2024-06-20
141683,2024-06-20
141684,2024-06-20
141685,2024-06-20
141686,2024-06-20
141687,2024-06-20
141688,2024-06-20
141689,2024-06-20
141690,2024-06-20
141691,2024-06-20
141692,2024-06-20
141693,2024-06-20
141694,2024-06-20
141695,2024-06-20
141696,2024-06-20
141697,2024-06-20
141698,2024-06-20
141699,2024-06-20
141700,2024-06-20
141701,2024-06-20
141702,2024-06-20
141703,2024-06-20
141704,2024-06-20
141705,2024-06-20
141706,2024-06-20
141707,2024-06-20
141708,2024-06-20
141709,2024-06-20
141710,2024-06-20
141711,2024-06-20
141712,2024-06-20
141713,2024-06-20
141714,2024-06-20
141715,2024-06-20
141716,2024-06-20
141717,2024-06-20
141718,2024-06-20
141719,2024-06-20
141720,2024-06-20
141721,2024-06-20
141725,2024-06-20
141726,2024-06-20
141727,2024-06-20
141728,2024-06-20
141729,2024-06-20
141730,2024-06-20
141731,2024-06-20
141732,2024-06-20
141733,2024-06-20
141734,2024-06-20
141735,2024-06-20
141736,2024-06-20
141737,2024-06-20
141738,2024-06-20
141739,2024-06-20
141740,2024-06-20
141743,2024-06-20
141744,2024-06-20
141745,2024-06-20
141746,2024-06-20
141747,2024-06-20
141748,2024-06-20
141749,2024-06-20
141750,2024-06-20
141751,2024-06-20
141752,2024-06-20
141753,2024-06-20
141754,2024-06-20
141755,2024-06-20
141756,2024-06-20
141757,2024-06-20
141758,2024-06-20
141759,2024-06-20
141760,2024-06-20
141761,2024-06-20
141762,2024-06-20
141763,2024-06-20
141764,2024-06-20
141765,2024-06-20
141766,2024-06-20
141767,2024-06-21
141768,2024-06-21
141769,2024-06-21
141770,2024-06-21
141771,2024-06-21
141772,2024-06-21
141774,2024-06-21
141775,2024-06-21
141776,2024-06-21
141777,2024-06-21
141778,2024-06-21
141779,2024-06-21
141780,2024-06-21
141781,2024-06-21
141782,2024-06-21
141783,2024-06-21
141784,2024-06-21
141785,2024-06-21
141786,2024-06-21
141787,2024-06-21
141789,2024-06-21
141790,2024-06-21
141791,2024-06-21
141792,2024-06-21
141793,2024-06-21
141794,2024-06-21
141795,2024-06-21
141796,2024-06-21
141797,2024-06-21
141798,2024-06-21
141799,2024-06-21
141800,2024-06-21
141801,2024-06-21
141802,2024-06-21
141803,2024-06-21
141804,2024-06-21
141805,2024-06-21
141806,2024-06-21
141807,2024-06-21
141808,2024-06-21
141809,2024-06-21
141810,2024-06-21
141811,2024-06-21
141812,2024-06-21
141813,2024-06-21
141814,2024-06-21
141815,2024-06-21
141816,2024-06-21
141817,2024-06-21
141818,2024-06-21
141819,2024-06-21
141820,2024-06-21
141821,2024-06-21
141822,2024-06-21
141824,2024-06-21
141825,2024-06-21
141828,2024-06-21
141830,2024-06-21
141831,2024-06-21
141832,2024-06-21
141835,2024-06-21
141836,2024-06-21
141837,2024-06-21
141838,2024-06-21
141839,2024-06-21
141840,2024-06-21
141841,2024-06-21
141842,2024-06-21
141843,2024-06-21
141844,2024-06-21
141845,2024-06-21
141846,2024-06-21
141847,2024-06-21
141848,2024-06-21
141849,2024-06-21
141850,2024-06-22
141851,2024-06-22
141853,2024-06-22
141854,2024-06-22
141855,2024-06-22
141856,2024-06-22
141857,2024-06-22
141858,2024-06-22
141859,2024-06-22
141861,2024-06-22
141862,2024-06-22
141863,2024-06-22
141864,2024-06-22
141865,2024-06-22
141866,2024-06-22
141867,2024-06-22
141868,2024-06-22
141869,2024-06-22
141870,2024-06-22
141871,2024-06-22
141872,2024-06-22
141873,2024-06-22
141875,2024-06-22
141876,2024-06-22
141877,2024-06-22
141878,2024-06-22
141879,2024-06-22
141880,2024-06-22
141881,2024-06-22
141883,2024-06-22
141885,2024-06-22
141886,2024-06-22
141887,2024-06-22
141888,2024-06-22
141889,2024-06-22
141892,2024-06-22
141893,2024-06-22
141894,2024-06-22
141895,2024-06-22
141896,2024-06-22
141897,2024-06-22
141898,2024-06-22
141899,2024-06-22
141900,2024-06-22
141901,2024-06-22
141902,2024-06-22
141903,2024-06-22
141904,2024-06-22
141910,2024-06-22
141911,2024-06-22
141912,2024-06-22
141913,2024-06-22
141914,2024-06-22
141915,2024-06-22
141916,2024-06-22
141917,2024-06-22
141918,2024-06-22
141919,2024-06-22
141920,2024-06-22
141921,2024-06-22
141922,2024-06-22
141923,2024-06-22
141924,2024-06-22
141925,2024-06-23
141926,2024-06-23
141927,2024-06-23
141928,2024-06-23
141929,2024-06-23
141930,2024-06-23
141932,2024-06-23
141934,2024-06-23
141935,2024-06-23
141936,2024-06-23
141937,2024-06-23
141938,2024-06-23
141939,2024-06-23
141940,2024-06-23
141941,2024-06-23
141942,2024-06-23
141943,2024-06-23
141944,2024-06-23
141945,2024-06-23
141946,2024-06-23
141947,2024-06-23
141948,2024-06-23
141949,2024-06-23
141950,2024-06-23
141951,2024-06-23
141952,2024-06-23
141953,2024-06-23
141954,2024-06-23
141955,2024-06-23
141956,2024-06-23
141957,2024-06-23
141958,2024-06-23
141959,2024-06-23
141960,2024-06-23
141961,2024-06-23
141962,2024-06-23
141963,2024-06-23
141964,2024-06-23
141965,2024-06-23
141966,2024-06-23
141967,2024-06-23
141968,2024-06-23
141969,2024-06-23
141970,2024-06-23
141971,2024-06-23
141972,2024-06-23
141973,2024-06-23
141974,2024-06-23
141975,2024-06-23
141976,2024-06-23
141977,2024-06-23
141978,2024-06-23
141979,2024-06-23
141980,2024-06-23
141981,2024-06-23
141982,2024-06-23
141983,2024-06-23
141984,2024-06-23
141985,2024-06-23
141986,2024-06-23
141987,2024-06-23
141988,2024-06-23
141989,2024-06-23
141990,2024-06-23
141991,2024-06-23
141992,2024-06-23
141993,2024-06-23
141994,2024-06-23
141995,2024-06-23
141996,2024-06-23
141997,2024-06-23
141998,2024-06-23
141999,2024-06-23
142000,2024-06-23
142001,2024-06-23
142002,2024-06-23
142003,2024-06-23
142004,2024-06-23
142005,2024-06-23
142006,2024-06-23
142007,2024-06-23
142008,2024-06-23
142009,2024-06-23
142010,2024-06-23
142011,2024-06-23
142012,2024-06-23
142013,2024-06-23
142014,2024-06-23
142015,2024-06-24
142016,2024-06-24
142017,2024-06-24
142018,2024-06-24
142019,2024-06-24
142020,2024-06-24
142021,2024-06-24
142022,2024-06-24
142024,2024-06-24
142025,2024-06-24
142026,2024-06-24
142027,2024-06-24
142028,2024-06-24
142029,2024-06-24
142030,2024-06-24
142031,2024-06-24
142032,2024-06-24
142033,2024-06-24
142034,2024-06-24
142035,2024-06-24
142036,2024-06-24
142037,2024-06-24
142038,2024-06-24
142039,2024-06-24
142040,2024-06-24
142041,2024-06-24
142042,2024-06-24
142043,2024-06-24
142044,2024-06-24
142045,2024-06-24
142046,2024-06-24
142047,2024-06-24
142048,2024-06-24
142049,2024-06-24
142050,2024-06-24
142051,2024-06-24
142052,2024-06-24
142053,2024-06-24
142054,2024-06-24
142055,2024-06-24
142056,2024-06-24
142057,2024-06-24
142058,2024-06-24
142059,2024-06-24
142060,2024-06-24
142061,2024-06-24
142062,2024-06-24
142063,2024-06-24
142064,2024-06-24
142065,2024-06-24
142066,2024-06-24
142067,2024-06-24
142068,2024-06-24
142069,2024-06-24
142070,2024-06-24
142071,2024-06-24
142072,2024-06-24
142073,2024-06-24
142074,2024-06-24
142075,2024-06-24
142076,2024-06-24
142077,2024-06-24
142078,2024-06-24
142079,2024-06-24
142080,2024-06-24
142081,2024-06-24
142082,2024-06-24
142083,2024-06-24
142084,2024-06-24
142086,2024-06-24
142087,2024-06-24
142088,2024-06-24
142089,2024-06-24
142091,2024-06-24
142092,2024-06-24
142093,2024-06-24
142094,2024-06-24
142095,2024-06-24
142096,2024-06-24
142097,2024-06-24
142098,2024-06-25
142099,2024-06-25
142100,2024-06-25
142101,2024-06-25
142102,2024-06-25
142103,2024-06-25
142104,2024-06-25
142105,2024-06-25
142106,2024-06-25
142107,2024-06-25
142108,2024-06-25
142109,2024-06-25
142110,2024-06-25
142111,2024-06-25
142112,2024-06-25
142113,2024-06-25
142114,2024-06-25
142116,2024-06-25
142117,2024-06-25
142118,2024-06-25
142119,2024-06-25
142120,2024-06-25
142121,2024-06-25
142122,2024-06-25
142123,2024-06-25
142124,2024-06-25
142125,2024-06-25
142126,2024-06-25
142127,2024-06-25
142128,2024-06-25
142129,2024-06-25
142130,2024-06-25
142131,2024-06-25
142132,2024-06-25
142133,2024-06-25
142134,2024-06-25
142135,2024-06-25
142137,2024-06-25
142138,2024-06-25
142139,2024-06-25
142140,2024-06-25
142141,2024-06-25
142142,2024-06-25
142143,2024-06-25
142144,2024-06-25
142145,2024-06-25
142146,2024-06-25
142147,2024-06-25
142148,2024-06-25
142149,2024-06-25
142150,2024-06-25
142151,2024-06-25
142152,2024-06-25
142153,2024-06-25
142154,2024-06-25
142155,2024-06-25
142156,2024-06-25
142157,2024-06-25
142158,2024-06-25
142159,2024-06-25
142160,2024-06-25
142161,2024-06-25
142162,2024-06-25
142163,2024-06-25
142164,2024-06-25
142165,2024-06-25
142166,2024-06-25
142167,2024-06-25
142168,2024-06-25
142169,2024-06-25
142170,2024-06-25
142171,2024-06-25
142172,2024-06-25
142173,2024-06-25
142174,2024-06-25
142175,2024-06-25
142176,2024-06-25
142177,2024-06-25
142178,2024-06-25
142180,2024-06-25
142181,2024-06-25
142182,2024-06-25
142183,2024-06-25
142184,2024-06-25
142185,2024-06-25
142186,2024-06-25
142187,2024-06-25
142188,2024-06-25
142189,2024-06-25
142190,2024-06-25
142191,2024-06-25
142192,2024-06-25
142193,2024-06-26
142194,2024-06-26
142195,2024-06-26
142196,2024-06-26
142197,2024-06-26
142198,2024-06-26
142199,2024-06-26
142200,2024-06-26
142201,2024-06-26
142202,2024-06-26
142203,2024-06-26
142204,2024-06-26
142205,2024-06-26
142206,2024-06-26
142207,2024-06-26
142208,2024-06-26
142209,2024-06-26
142210,2024-06-26
142211,2024-06-26
142212,2024-06-26
142213,2024-06-26
142214,2024-06-26
142215,2024-06-26
142216,2024-06-26
142217,2024-06-26
142218,2024-06-26
142219,2024-06-26
142220,2024-06-26
142221,2024-06-26
142222,2024-06-26
142223,2024-06-26
142224,2024-06-26
142225,2024-06-26
142226,2024-06-26
142227,2024-06-26
142228,2024-06-26
142229,2024-06-26
142230,2024-06-26
142231,2024-06-26
142232,2024-06-26
142233,2024-06-26
142234,2024-06-26
142235,2024-06-26
142236,2024-06-26
142237,2024-06-26
142238,2024-06-26
142239,2024-06-26
142240,2024-06-26
142241,2024-06-26
142242,2024-06-26
142243,2024-06-26
142244,2024-06-26
142245,2024-06-26
142246,2024-06-26
142247,2024-06-26
142248,2024-06-26
142249,2024-06-26
142250,2024-06-26
142251,2024-06-26
142252,2024-06-26
142253,2024-06-26
142254,2024-06-26
142255,2024-06-26
142256,2024-06-26
142257,2024-06-26
142258,2024-06-26
142259,2024-06-26
142260,2024-06-26
142261,2024-06-26
142262,2024-06-26
142263,2024-06-26
142264,2024-06-26
142265,2024-06-26
142266,2024-06-26
142267,2024-06-26
142268,2024-06-26
142269,2024-06-26
142270,2024-06-26
142271,2024-06-26
142272,2024-06-26
142273,2024-06-26
142274,2024-06-26
142275,2024-06-26
142276,2024-06-26
142277,2024-06-26
142278,2024-06-26
142279,2024-06-26
142280,2024-06-26
142281,2024-06-26
142282,2024-06-26
142283,2024-06-26
142284,2024-06-27
142285,2024-06-27
142286,2024-06-27
142287,2024-06-27
142288,2024-06-27
142289,2024-06-27
142290,2024-06-27
142291,2024-06-27
142293,2024-06-27
142294,2024-06-27
142295,2024-06-27
142296,2024-06-27
142297,2024-06-27
142298,2024-06-27
142299,2024-06-27
142300,2024-06-27
142301,2024-06-27
142302,2024-06-27
142303,2024-06-27
142304,2024-06-27
142305,2024-06-27
142306,2024-06-27
142307,2024-06-27
142308,2024-06-27
142309,2024-06-27
142310,2024-06-27
142311,2024-06-27
142312,2024-06-27
142313,2024-06-27
142315,2024-06-27
142316,2024-06-27
142317,2024-06-27
142318,2024-06-27
142319,2024-06-27
142320,2024-06-27
142321,2024-06-27
142322,2024-06-27
142323,2024-06-27
142324,2024-06-27
142325,2024-06-27
142327,2024-06-27
142328,2024-06-27
142329,2024-06-27
142330,2024-06-27
142331,2024-06-27
142332,2024-06-27
142333,2024-06-27
142334,2024-06-27
142335,2024-06-27
142336,2024-06-27
142337,2024-06-27
142338,2024-06-27
142339,2024-06-27
142340,2024-06-27
142341,2024-06-27
142342,2024-06-27
142343,2024-06-27
142344,2024-06-27
142345,2024-06-27
142347,2024-06-27
142348,2024-06-27
142349,2024-06-27
142350,2024-06-27
142351,2024-06-27
142352,2024-06-27
142353,2024-06-27
142354,2024-06-27
142355,2024-06-27
142356,2024-06-27
142357,2024-06-27
142358,2024-06-27
142359,2024-06-27
142360,2024-06-27
142361,2024-06-27
142362,2024-06-27
142363,2024-06-27
142364,2024-06-27
142365,2024-06-27
142366,2024-06-27
142367,2024-06-27
142368,2024-06-27
142369,2024-06-27
142370,2024-06-27
142371,2024-06-27
142372,2024-06-27
142373,2024-06-27
142374,2024-06-27
142376,2024-06-27
142377,2024-06-27
142378,2024-06-28
142379,2024-06-28
142380,2024-06-28
142381,2024-06-28
142382,2024-06-28
142383,2024-06-28
142384,2024-06-28
142385,2024-06-28
142387,2024-06-28
142388,2024-06-28
142389,2024-06-28
142390,2024-06-28
142391,2024-06-28
142392,2024-06-28
142393,2024-06-28
142394,2024-06-28
142395,2024-06-28
142396,2024-06-28
142397,2024-06-28
142398,2024-06-28
142399,2024-06-28
142400,2024-06-28
142401,2024-06-28
142402,2024-06-28
142403,2024-06-28
142404,2024-06-28
142405,2024-06-28
142406,2024-06-28
142407,2024-06-28
142408,2024-06-28
142409,2024-06-28
142410,2024-06-28
142411,2024-06-28
142413,2024-06-28
142414,2024-06-28
142416,2024-06-28
142417,2024-06-28
142418,2024-06-28
142419,2024-06-28
142420,2024-06-28
142421,2024-06-28
142422,2024-06-28
142423,2024-06-28
142424,2024-06-28
142425,2024-06-28
142426,2024-06-28
142427,2024-06-28
142428,2024-06-28
142429,2024-06-28
142431,2024-06-28
142434,2024-06-28
142435,2024-06-28
142436,2024-06-28
142437,2024-06-28
142438,2024-06-28
142440,2024-06-28
142441,2024-06-28
142442,2024-06-28
142443,2024-06-28
142444,2024-06-28
142445,2024-06-28
142446,2024-06-28
142447,2024-06-28
142453,2024-06-28
142454,2024-06-28
142455,2024-06-28
142456,2024-06-28
142457,2024-06-28
142459,2024-06-28
142460,2024-06-28
142461,2024-06-28
142463,2024-06-28
142464,2024-06-28
142465,2024-06-28
142466,2024-06-29
142467,2024-06-29
142468,2024-06-29
142469,2024-06-29
142470,2024-06-29
142471,2024-06-29
142472,2024-06-29
142473,2024-06-29
142474,2024-06-29
142475,2024-06-29
142476,2024-06-29
142477,2024-06-29
142478,2024-06-29
142479,2024-06-29
142480,2024-06-29
142481,2024-06-29
142482,2024-06-29
142483,2024-06-29
142484,2024-06-29
142485,2024-06-29
142486,2024-06-29
142487,2024-06-29
142488,2024-06-29
142489,2024-06-29
142491,2024-06-29
142492,2024-06-29
142493,2024-06-29
142494,2024-06-29
142495,2024-06-29
142496,2024-06-29
142497,2024-06-29
142498,2024-06-29
142499,2024-06-29
142500,2024-06-29
142501,2024-06-29
142502,2024-06-29
142503,2024-06-29
142504,2024-06-29
142505,2024-06-29
142506,2024-06-29
142507,2024-06-29
142508,2024-06-29
142510,2024-06-29
142511,2024-06-29
142512,2024-06-29
142513,2024-06-29
142514,2024-06-29
142515,2024-06-29
142516,2024-06-29
142517,2024-06-29
142518,2024-06-29
142520,2024-06-29
142521,2024-06-29
142522,2024-06-29
142523,2024-06-29
142524,2024-06-29
142525,2024-06-29
142526,2024-06-29
142527,2024-06-29
142528,2024-06-29
142529,2024-06-29
142530,2024-06-29
142531,2024-06-29
142532,2024-06-29
142533,2024-06-29
142534,2024-06-29
142535,2024-06-29
142536,2024-06-29
142537,2024-06-29
142538,2024-06-29
142539,2024-06-29
142540,2024-06-29
142541,2024-06-29
142542,2024-06-29
142543,2024-06-29
142544,2024-06-29
142545,2024-06-29
142546,2024-06-29
142547,2024-06-29
142548,2024-06-29
142549,2024-06-29
142550,2024-06-29
142551,2024-06-29
142553,2024-06-29
142554,2024-06-29
142555,2024-06-29
142556,2024-06-29
142557,2024-06-30
142558,2024-06-30
142559,2024-06-30
142560,2024-06-30
142561,2024-06-30
142562,2024-06-30
142564,2024-06-30
142565,2024-06-30
142567,2024-06-30
142569,2024-06-30
142570,2024-06-30
142571,2024-06-30
142572,2024-06-30
142573,2024-06-30
142574,2024-06-30
142575,2024-06-30
142576,2024-06-30
142577,2024-06-30
142578,2024-06-30
142579,2024-06-30
142580,2024-06-30
142581,2024-06-30
142582,2024-06-30
142583,2024-06-30
142587,2024-06-30
142588,2024-06-30
142589,2024-06-30
142590,2024-06-30
142593,2024-06-30
142594,2024-06-30
142595,2024-06-30
142597,2024-06-30
142598,2024-06-30
142599,2024-06-30
142600,2024-06-30
142601,2024-06-30
142602,2024-06-30
142603,2024-06-30
142604,2024-06-30
142605,2024-06-30
142606,2024-06-30
142607,2024-06-30
142608,2024-06-30
142609,2024-06-30
142610,2024-06-30
142611,2024-06-30
142612,2024-06-30
142616,2024-06-30
142617,2024-06-30
142618,2024-06-30
142619,2024-06-30
142620,2024-06-30
142621,2024-06-30
142622,2024-06-30
142623,2024-06-30
142624,2024-06-30
142625,2024-06-30
142626,2024-06-30
142627,2024-06-30
142628,2024-06-30
142629,2024-06-30
142630,2024-06-30
142631,2024-06-30
142632,2024-06-30
142633,2024-06-30
142636,2024-06-30
142637,2024-06-30
142638,2024-06-30
142639,2024-06-30
142640,2024-06-30
142641,2024-06-30
142642,2024-06-30
142643,2024-06-30
142644,2024-06-30
142645,2024-06-30
142646,2024-06-30
142647,2024-06-30
142648,2024-06-30
142649,2024-06-30
142650,2024-06-30
142651,2024-06-30
142652,2024-07-02
142653,2024-07-02
142654,2024-07-02
142655,2024-07-02
142656,2024-07-02
142657,2024-07-02
142658,2024-07-02
142659,2024-07-02
142661,2024-07-02
142662,2024-07-02
142663,2024-07-02
142664,2024-07-02
142665,2024-07-02
142666,2024-07-02
142667,2024-07-02
142668,2024-07-02
142669,2024-07-02
142670,2024-07-02
142671,2024-07-02
142672,2024-07-02
142673,2024-07-02
142674,2024-07-02
142675,2024-07-02
142676,2024-07-02
142677,2024-07-02
142678,2024-07-02
142679,2024-07-02
142680,2024-07-02
142681,2024-07-02
142682,2024-07-02
142683,2024-07-02
142684,2024-07-02
142685,2024-07-02
142686,2024-07-02
142687,2024-07-02
142688,2024-07-02
142689,2024-07-02
142690,2024-07-02
142691,2024-07-02
142692,2024-07-02
142693,2024-07-02
142694,2024-07-02
142695,2024-07-02
142696,2024-07-02
142697,2024-07-02
142698,2024-07-02
142699,2024-07-02
142700,2024-07-02
142701,2024-07-02
142702,2024-07-02
142703,2024-07-02
142704,2024-07-02
142705,2024-07-02
142706,2024-07-02
142707,2024-07-02
142708,2024-07-02
142709,2024-07-02
142710,2024-07-02
142711,2024-07-02
142712,2024-07-02
142713,2024-07-02
142714,2024-07-02
142715,2024-07-02
142716,2024-07-02
142717,2024-07-02
142718,2024-07-02
142719,2024-07-02
142720,2024-07-02
142721,2024-07-02
142722,2024-07-02
142723,2024-07-02
142724,2024-07-02
142725,2024-07-02
142726,2024-07-02
142727,2024-07-02
142728,2024-07-02
142729,2024-07-02
142730,2024-07-02
142731,2024-07-02
142732,2024-07-02
142733,2024-07-02
142734,2024-07-02
142735,2024-07-02
142736,2024-07-02
142737,2024-07-02
142739,2024-07-03
142740,2024-07-03
142741,2024-07-03
142742,2024-07-03
142743,2024-07-03
142744,2024-07-03
142747,2024-07-03
142748,2024-07-03
142749,2024-07-03
142750,2024-07-03
142751,2024-07-03
142752,2024-07-03
142753,2024-07-03
142754,2024-07-03
142755,2024-07-03
142756,2024-07-03
142757,2024-07-03
142758,2024-07-03
142759,2024-07-03
142760,2024-07-03
142761,2024-07-03
142762,2024-07-03
142763,2024-07-03
142764,2024-07-03
142765,2024-07-03
142766,2024-07-03
142767,2024-07-03
142768,2024-07-03
142769,2024-07-03
142770,2024-07-03
142771,2024-07-03
142772,2024-07-03
142774,2024-07-03
142775,2024-07-03
142776,2024-07-03
142777,2024-07-03
142778,2024-07-03
142779,2024-07-03
142780,2024-07-03
142781,2024-07-03
142782,2024-07-03
142783,2024-07-03
142784,2024-07-03
142785,2024-07-03
142786,2024-07-03
142787,2024-07-03
142788,2024-07-03
142789,2024-07-03
142790,2024-07-03
142791,2024-07-03
142792,2024-07-03
142793,2024-07-03
142794,2024-07-03
142795,2024-07-03
142797,2024-07-03
142801,2024-07-03
142802,2024-07-03
142803,2024-07-03
142804,2024-07-03
142805,2024-07-03
142806,2024-07-03
142814,2024-07-03
142815,2024-07-03
142816,2024-07-03
142817,2024-07-03
142818,2024-07-03
142819,2024-07-03
142820,2024-07-03
142822,2024-07-03
142824,2024-07-03
142825,2024-07-03
142826,2024-07-03
142827,2024-07-03
142828,2024-07-03
142829,2024-07-03
142830,2024-07-03
142831,2024-07-03
142832,2024-07-03
142833,2024-07-04
142834,2024-07-04
142835,2024-07-04
142836,2024-07-04
142837,2024-07-04
142838,2024-07-04
142841,2024-07-04
142842,2024-07-04
142846,2024-07-04
142847,2024-07-04
142848,2024-07-04
142849,2024-07-04
142850,2024-07-04
142851,2024-07-04
142852,2024-07-04
142853,2024-07-04
142855,2024-07-04
142856,2024-07-04
142857,2024-07-04
142858,2024-07-04
142868,2024-07-04
142869,2024-07-04
142871,2024-07-04
142874,2024-07-04
142875,2024-07-04
142876,2024-07-04
142877,2024-07-04
142878,2024-07-04
142882,2024-07-04
142883,2024-07-04
142887,2024-07-04
142888,2024-07-04
142889,2024-07-04
142890,2024-07-04
142891,2024-07-04
142892,2024-07-04
142895,2024-07-04
142896,2024-07-04
142907,2024-07-04
142908,2024-07-04
142909,2024-07-04
142910,2024-07-04
142911,2024-07-04
142912,2024-07-04
142914,2024-07-04
142915,2024-07-04
142916,2024-07-04
142917,2024-07-04
142919,2024-07-04
142920,2024-07-04
142921,2024-07-04
142922,2024-07-04
142923,2024-07-04
142924,2024-07-04
142925,2024-07-04
142927,2024-07-04
142928,2024-07-04
142930,2024-07-04
142931,2024-07-05
142932,2024-07-05
142933,2024-07-05
142934,2024-07-05
142935,2024-07-05
142937,2024-07-05
142939,2024-07-05
142940,2024-07-05
142941,2024-07-05
142942,2024-07-05
142943,2024-07-05
142944,2024-07-05
142946,2024-07-05
142947,2024-07-05
142948,2024-07-05
142950,2024-07-05
142951,2024-07-05
142952,2024-07-05
142953,2024-07-05
142954,2024-07-05
142955,2024-07-05
142956,2024-07-05
142957,2024-07-05
142958,2024-07-05
142959,2024-07-05
142960,2024-07-05
142961,2024-07-05
142962,2024-07-05
142963,2024-07-05
142964,2024-07-05
142965,2024-07-05
142966,2024-07-05
142967,2024-07-05
142968,2024-07-05
142970,2024-07-05
142971,2024-07-05
142973,2024-07-05
142974,2024-07-05
142975,2024-07-05
142976,2024-07-05
142977,2024-07-05
142979,2024-07-05
142980,2024-07-05
142983,2024-07-05
142984,2024-07-05
142985,2024-07-05
142986,2024-07-05
142987,2024-07-05
142990,2024-07-05
142991,2024-07-05
142992,2024-07-05
142993,2024-07-05
142995,2024-07-05
142996,2024-07-05
142997,2024-07-05
142998,2024-07-05
142999,2024-07-05
143000,2024-07-05
143001,2024-07-05
143002,2024-07-05
143003,2024-07-05
143004,2024-07-05
143005,2024-07-05
143007,2024-07-05
143008,2024-07-05
143009,2024-07-05
143010,2024-07-05
143011,2024-07-05
143012,2024-07-05
143013,2024-07-05
143014,2024-07-05
143015,2024-07-05
143016,2024-07-05
143017,2024-07-05
143018,2024-07-05
143019,2024-07-05
143020,2024-07-05
143021,2024-07-05
143022,2024-07-05
143023,2024-07-05
143024,2024-07-05
143025,2024-07-05
143026,2024-07-05
143027,2024-07-05
143030,2024-07-05
143031,2024-07-05
143032,2024-07-05
143033,2024-07-05
143034,2024-07-05
143035,2024-07-05
143036,2024-07-06
143037,2024-07-06
143038,2024-07-06
143039,2024-07-06
143040,2024-07-06
143041,2024-07-06
143043,2024-07-06
143044,2024-07-06
143045,2024-07-06
143046,2024-07-06
143048,2024-07-06
143049,2024-07-06
143050,2024-07-06
143051,2024-07-06
143052,2024-07-06
143053,2024-07-06
143055,2024-07-06
143056,2024-07-06
143057,2024-07-06
143058,2024-07-06
143059,2024-07-06
143060,2024-07-06
143061,2024-07-06
143062,2024-07-06
143063,2024-07-06
143064,2024-07-06
143065,2024-07-06
143066,2024-07-06
143067,2024-07-06
143068,2024-07-06
143069,2024-07-06
143070,2024-07-06
143071,2024-07-06
143072,2024-07-06
143073,2024-07-06
143074,2024-07-06
143075,2024-07-06
143076,2024-07-06
143077,2024-07-06
143078,2024-07-06
143079,2024-07-06
143080,2024-07-06
143081,2024-07-06
143082,2024-07-06
143083,2024-07-06
143084,2024-07-06
143085,2024-07-06
143086,2024-07-06
143087,2024-07-06
143088,2024-07-06
143089,2024-07-06
143090,2024-07-06
143091,2024-07-06
143092,2024-07-06
143093,2024-07-06
143094,2024-07-06
143095,2024-07-06
143096,2024-07-06
143097,2024-07-06
143098,2024-07-06
143099,2024-07-06
143100,2024-07-06
143101,2024-07-06
143102,2024-07-06
143103,2024-07-06
143104,2024-07-06
143105,2024-07-06
143106,2024-07-06
143107,2024-07-06
143108,2024-07-06
143109,2024-07-06
143110,2024-07-06
143111,2024-07-06
143112,2024-07-06
143113,2024-07-06
143114,2024-07-06
143115,2024-07-06
143116,2024-07-06
143117,2024-07-06
143118,2024-07-06
143119,2024-07-06
143120,2024-07-06
143121,2024-07-06
143122,2024-07-06
143123,2024-07-06
143124,2024-07-06
143125,2024-07-06
143126,2024-07-06
143127,2024-07-06
143128,2024-07-06
143129,2024-07-06
143130,2024-07-06
143131,2024-07-06
143132,2024-07-06
143133,2024-07-06
143134,2024-07-06
143135,2024-07-06
143136,2024-07-06
143137,2024-07-06
143138,2024-07-06
143139,2024-07-07
143140,2024-07-07
143141,2024-07-07
143142,2024-07-07
143144,2024-07-07
143145,2024-07-07
143146,2024-07-07
143147,2024-07-07
143148,2024-07-07
143149,2024-07-07
143150,2024-07-07
143151,2024-07-07
143152,2024-07-07
143153,2024-07-07
143154,2024-07-07
143155,2024-07-07
143156,2024-07-07
143157,2024-07-07
143158,2024-07-07
143159,2024-07-07
143160,2024-07-07
143161,2024-07-07
143162,2024-07-07
143163,2024-07-07
143164,2024-07-07
143165,2024-07-07
143166,2024-07-07
143167,2024-07-07
143168,2024-07-07
143169,2024-07-07
143170,2024-07-07
143171,2024-07-07
143172,2024-07-07
143173,2024-07-07
143174,2024-07-07
143175,2024-07-07
143176,2024-07-07
143177,2024-07-07
143178,2024-07-07
143179,2024-07-07
143180,2024-07-07
143181,2024-07-07
143182,2024-07-07
143183,2024-07-07
143184,2024-07-07
143185,2024-07-07
143186,2024-07-07
143188,2024-07-07
143189,2024-07-07
143190,2024-07-07
143191,2024-07-07
143192,2024-07-07
143193,2024-07-07
143194,2024-07-07
143195,2024-07-07
143196,2024-07-07
143197,2024-07-07
143198,2024-07-07
143199,2024-07-07
143200,2024-07-07
143201,2024-07-07
143202,2024-07-07
143203,2024-07-07
143204,2024-07-07
143205,2024-07-07
143206,2024-07-07
143207,2024-07-07
143208,2024-07-07
143209,2024-07-07
143210,2024-07-07
143211,2024-07-07
143212,2024-07-07
143213,2024-07-07
143214,2024-07-07
143215,2024-07-07
143216,2024-07-07
143217,2024-07-07
143218,2024-07-07
143219,2024-07-07
143220,2024-07-07
143221,2024-07-07
143222,2024-07-07
143223,2024-07-07
143224,2024-07-07
143225,2024-07-07
143226,2024-07-08
143227,2024-07-08
143228,2024-07-08
143229,2024-07-08
143230,2024-07-08
143231,2024-07-08
143232,2024-07-08
143233,2024-07-08
143234,2024-07-08
143235,2024-07-08
143236,2024-07-08
143237,2024-07-08
143238,2024-07-08
143239,2024-07-08
143240,2024-07-08
143241,2024-07-08
143242,2024-07-08
143243,2024-07-08
143244,2024-07-08
143245,2024-07-08
143246,2024-07-08
143247,2024-07-08
143248,2024-07-08
143249,2024-07-08
143250,2024-07-08
143251,2024-07-08
143252,2024-07-08
143253,2024-07-08
143254,2024-07-08
143255,2024-07-08
143256,2024-07-08
143257,2024-07-08
143258,2024-07-08
143259,2024-07-08
143260,2024-07-08
143261,2024-07-08
143262,2024-07-08
143263,2024-07-08
143264,2024-07-08
143265,2024-07-08
143266,2024-07-08
143267,2024-07-08
143268,2024-07-08
143269,2024-07-08
143270,2024-07-08
143271,2024-07-08
143272,2024-07-08
143275,2024-07-08
143276,2024-07-08
143277,2024-07-08
143278,2024-07-08
143279,2024-07-08
143280,2024-07-08
143281,2024-07-08
143282,2024-07-08
143283,2024-07-08
143284,2024-07-08
143285,2024-07-08
143286,2024-07-08
143287,2024-07-08
143288,2024-07-08
143289,2024-07-08
143290,2024-07-08
143291,2024-07-08
143292,2024-07-08
143293,2024-07-08
143294,2024-07-08
143295,2024-07-08
143296,2024-07-08
143297,2024-07-08
143298,2024-07-08
143299,2024-07-08
143300,2024-07-08
143301,2024-07-08
143302,2024-07-08
143303,2024-07-08
143304,2024-07-08
143305,2024-07-08
143306,2024-07-08
143307,2024-07-08
143308,2024-07-08
143309,2024-07-08
143310,2024-07-08
143311,2024-07-08
143312,2024-07-08
143313,2024-07-08
143314,2024-07-08
143315,2024-07-08
143316,2024-07-08
143317,2024-07-08
143318,2024-07-08
143319,2024-07-08
143320,2024-07-08
143322,2024-07-09
143323,2024-07-09
143324,2024-07-09
143325,2024-07-09
143326,2024-07-09
143327,2024-07-09
143329,2024-07-09
143330,2024-07-09
143331,2024-07-09
143332,2024-07-09
143333,2024-07-09
143334,2024-07-09
143335,2024-07-09
143336,2024-07-09
143337,2024-07-09
143338,2024-07-09
143339,2024-07-09
143340,2024-07-09
143345,2024-07-09
143346,2024-07-09
143347,2024-07-09
143348,2024-07-09
143350,2024-07-09
143351,2024-07-09
143352,2024-07-09
143354,2024-07-09
143355,2024-07-09
143356,2024-07-09
143358,2024-07-09
143361,2024-07-09
143362,2024-07-09
143364,2024-07-09
143365,2024-07-09
143366,2024-07-09
143367,2024-07-09
143368,2024-07-09
143369,2024-07-09
143370,2024-07-09
143372,2024-07-09
143373,2024-07-09
143374,2024-07-09
143375,2024-07-09
143377,2024-07-09
143378,2024-07-09
143379,2024-07-09
143380,2024-07-09
143381,2024-07-09
143382,2024-07-09
143383,2024-07-09
143384,2024-07-09
143385,2024-07-09
143387,2024-07-09
143388,2024-07-09
143389,2024-07-09
143390,2024-07-09
143391,2024-07-09
143392,2024-07-09
143394,2024-07-09
143396,2024-07-09
143398,2024-07-09
143399,2024-07-09
143400,2024-07-09
143401,2024-07-09
143402,2024-07-09
143403,2024-07-09
143404,2024-07-09
143405,2024-07-09
143406,2024-07-09
143407,2024-07-09
143408,2024-07-09
143409,2024-07-09
143411,2024-07-09
143412,2024-07-09
143413,2024-07-09
143414,2024-07-09
143415,2024-07-09
143418,2024-07-09
143419,2024-07-09
143420,2024-07-09
143421,2024-07-09
143422,2024-07-09
143423,2024-07-09
143424,2024-07-10
143425,2024-07-10
143427,2024-07-10
143428,2024-07-10
143429,2024-07-10
143430,2024-07-10
143431,2024-07-10
143433,2024-07-10
143434,2024-07-10
143436,2024-07-10
143437,2024-07-10
143439,2024-07-10
143440,2024-07-10
143441,2024-07-10
143442,2024-07-10
143443,2024-07-10
143444,2024-07-10
143445,2024-07-10
143446,2024-07-10
143447,2024-07-10
143448,2024-07-10
143449,2024-07-10
143450,2024-07-10
143451,2024-07-10
143452,2024-07-10
143453,2024-07-10
143454,2024-07-10
143455,2024-07-10
143456,2024-07-10
143457,2024-07-10
143458,2024-07-10
143459,2024-07-10
143460,2024-07-10
143461,2024-07-10
143462,2024-07-10
143463,2024-07-10
143464,2024-07-10
143465,2024-07-10
143466,2024-07-10
143468,2024-07-10
143469,2024-07-10
143470,2024-07-10
143471,2024-07-10
143472,2024-07-10
143473,2024-07-10
143474,2024-07-10
143475,2024-07-10
143476,2024-07-10
143477,2024-07-10
143478,2024-07-10
143479,2024-07-10
143480,2024-07-10
143482,2024-07-10
143483,2024-07-10
143484,2024-07-10
143485,2024-07-10
143486,2024-07-10
143487,2024-07-10
143489,2024-07-10
143490,2024-07-10
143491,2024-07-10
143493,2024-07-10
143494,2024-07-10
143495,2024-07-10
143496,2024-07-10
143497,2024-07-10
143499,2024-07-10
143500,2024-07-10
143501,2024-07-10
143502,2024-07-10
143503,2024-07-10
143504,2024-07-10
143505,2024-07-10
143507,2024-07-10
143508,2024-07-10
143509,2024-07-10
143510,2024-07-10
143511,2024-07-10
143514,2024-07-10
143515,2024-07-10
143516,2024-07-10
143517,2024-07-10
143518,2024-07-10
143519,2024-07-10
143520,2024-07-10
143521,2024-07-10
143522,2024-07-10
143523,2024-07-10
143524,2024-07-10
143525,2024-07-10
143526,2024-07-11
143527,2024-07-11
143528,2024-07-11
143529,2024-07-11
143530,2024-07-11
143532,2024-07-11
143533,2024-07-11
143536,2024-07-11
143537,2024-07-11
143539,2024-07-11
143540,2024-07-11
143541,2024-07-11
143542,2024-07-11
143543,2024-07-11
143544,2024-07-11
143545,2024-07-11
143546,2024-07-11
143547,2024-07-11
143548,2024-07-11
143549,2024-07-11
143551,2024-07-11
143554,2024-07-11
143557,2024-07-11
143559,2024-07-11
143560,2024-07-11
143561,2024-07-11
143562,2024-07-11
143563,2024-07-11
143564,2024-07-11
143565,2024-07-11
143566,2024-07-11
143567,2024-07-11
143568,2024-07-11
143569,2024-07-11
143570,2024-07-11
143571,2024-07-11
143572,2024-07-11
143573,2024-07-11
143574,2024-07-11
143575,2024-07-11
143576,2024-07-11
143577,2024-07-11
143578,2024-07-11
143579,2024-07-11
143580,2024-07-11
143581,2024-07-11
143582,2024-07-11
143583,2024-07-11
143584,2024-07-11
143585,2024-07-11
143586,2024-07-11
143587,2024-07-11
143588,2024-07-11
143590,2024-07-11
143591,2024-07-11
143592,2024-07-11
143593,2024-07-11
143595,2024-07-11
143596,2024-07-11
143597,2024-07-11
143598,2024-07-11
143599,2024-07-11
143600,2024-07-11
143601,2024-07-11
143602,2024-07-11
143603,2024-07-11
143604,2024-07-11
143605,2024-07-11
143606,2024-07-11
143607,2024-07-11
143608,2024-07-11
143609,2024-07-11
143610,2024-07-11
143611,2024-07-11
143612,2024-07-11
143613,2024-07-11
143614,2024-07-11
143615,2024-07-11
143616,2024-07-11
143617,2024-07-11
143618,2024-07-11
143619,2024-07-11
143620,2024-07-11
143621,2024-07-11
143622,2024-07-11
143623,2024-07-11
143624,2024-07-11
143625,2024-07-11
143626,2024-07-11
143627,2024-07-11
143628,2024-07-11
143629,2024-07-11
143630,2024-07-11
143631,2024-07-11
143632,2024-07-11
143633,2024-07-11
143634,2024-07-11
143635,2024-07-11
143636,2024-07-12
143637,2024-07-12
143638,2024-07-12
143639,2024-07-12
143640,2024-07-12
143641,2024-07-12
143644,2024-07-12
143647,2024-07-12
143648,2024-07-12
143650,2024-07-12
143651,2024-07-12
143652,2024-07-12
143653,2024-07-12
143654,2024-07-12
143655,2024-07-12
143657,2024-07-12
143658,2024-07-12
143659,2024-07-12
143660,2024-07-12
143662,2024-07-12
143663,2024-07-12
143664,2024-07-12
143665,2024-07-12
143666,2024-07-12
143667,2024-07-12
143668,2024-07-12
143669,2024-07-12
143670,2024-07-12
143671,2024-07-12
143672,2024-07-12
143673,2024-07-12
143674,2024-07-12
143676,2024-07-12
143677,2024-07-12
143678,2024-07-12
143679,2024-07-12
143680,2024-07-12
143681,2024-07-12
143682,2024-07-12
143683,2024-07-12
143684,2024-07-12
143685,2024-07-12
143686,2024-07-12
143687,2024-07-12
143688,2024-07-12
143689,2024-07-12
143690,2024-07-12
143691,2024-07-12
143692,2024-07-12
143693,2024-07-12
143694,2024-07-12
143696,2024-07-12
143697,2024-07-12
143698,2024-07-12
143700,2024-07-12
143701,2024-07-12
143702,2024-07-12
143703,2024-07-12
143704,2024-07-12
143705,2024-07-12
143707,2024-07-12
143708,2024-07-12
143709,2024-07-12
143710,2024-07-12
143711,2024-07-12
143712,2024-07-12
143713,2024-07-12
143714,2024-07-12
143715,2024-07-12
143716,2024-07-12
143717,2024-07-12
143718,2024-07-12
143722,2024-07-12
143723,2024-07-12
143724,2024-07-12
143726,2024-07-12
143727,2024-07-12
143728,2024-07-12
143729,2024-07-12
143730,2024-07-12
143731,2024-07-12
143732,2024-07-12
143733,2024-07-12
143734,2024-07-12
143735,2024-07-12
143736,2024-07-12
143737,2024-07-12
143739,2024-07-12
143741,2024-07-12
143742,2024-07-13
143743,2024-07-13
143744,2024-07-13
143745,2024-07-13
143746,2024-07-13
143747,2024-07-13
143748,2024-07-13
143749,2024-07-13
143750,2024-07-13
143751,2024-07-13
143752,2024-07-13
143753,2024-07-13
143754,2024-07-13
143755,2024-07-13
143756,2024-07-13
143757,2024-07-13
143758,2024-07-13
143759,2024-07-13
143760,2024-07-13
143761,2024-07-13
143762,2024-07-13
143763,2024-07-13
143764,2024-07-13
143766,2024-07-13
143767,2024-07-13
143768,2024-07-13
143769,2024-07-13
143770,2024-07-13
143771,2024-07-13
143772,2024-07-13
143773,2024-07-13
143774,2024-07-13
143775,2024-07-13
143776,2024-07-13
143777,2024-07-13
143778,2024-07-13
143779,2024-07-13
143780,2024-07-13
143781,2024-07-13
143782,2024-07-13
143783,2024-07-13
143784,2024-07-13
143785,2024-07-13
143786,2024-07-13
143787,2024-07-13
143789,2024-07-13
143790,2024-07-13
143791,2024-07-13
143792,2024-07-13
143793,2024-07-13
143794,2024-07-13
143795,2024-07-13
143796,2024-07-13
143797,2024-07-13
143798,2024-07-13
143799,2024-07-13
143800,2024-07-13
143802,2024-07-13
143803,2024-07-13
143804,2024-07-13
143805,2024-07-13
143806,2024-07-13
143807,2024-07-13
143808,2024-07-13
143809,2024-07-13
143810,2024-07-13
143811,2024-07-13
143812,2024-07-13
143813,2024-07-13
143814,2024-07-13
143815,2024-07-13
143816,2024-07-13
143817,2024-07-13
143818,2024-07-13
143819,2024-07-13
143820,2024-07-13
143821,2024-07-13
143822,2024-07-13
143823,2024-07-14
143824,2024-07-14
143825,2024-07-14
143826,2024-07-14
143827,2024-07-14
143828,2024-07-14
143829,2024-07-14
143830,2024-07-14
143831,2024-07-14
143832,2024-07-14
143833,2024-07-14
143834,2024-07-14
143835,2024-07-14
143836,2024-07-14
143837,2024-07-14
143838,2024-07-14
143839,2024-07-14
143840,2024-07-14
143841,2024-07-14
143842,2024-07-14
143843,2024-07-14
143844,2024-07-14
143845,2024-07-14
143846,2024-07-14
143847,2024-07-14
143848,2024-07-14
143849,2024-07-14
143850,2024-07-14
143851,2024-07-14
143852,2024-07-14
143853,2024-07-14
143854,2024-07-14
143855,2024-07-14
143856,2024-07-14
143857,2024-07-14
143858,2024-07-14
143859,2024-07-14
143860,2024-07-14
143861,2024-07-14
143862,2024-07-14
143863,2024-07-14
143864,2024-07-14
143865,2024-07-14
143866,2024-07-14
143867,2024-07-14
143868,2024-07-14
143869,2024-07-14
143872,2024-07-14
143873,2024-07-14
143874,2024-07-14
143875,2024-07-14
143876,2024-07-14
143877,2024-07-14
143878,2024-07-14
143879,2024-07-14
143880,2024-07-14
143881,2024-07-14
143882,2024-07-14
143883,2024-07-14
143884,2024-07-14
143885,2024-07-14
143886,2024-07-14
143887,2024-07-14
143888,2024-07-14
143889,2024-07-14
143890,2024-07-14
143891,2024-07-14
143892,2024-07-14
143893,2024-07-14
143894,2024-07-14
143895,2024-07-14
143896,2024-07-14
143897,2024-07-14
143898,2024-07-14
143899,2024-07-14
143900,2024-07-14
143901,2024-07-14
143902,2024-07-14
143903,2024-07-14
143904,2024-07-14
143905,2024-07-14
143907,2024-07-14
143908,2024-07-14
143909,2024-07-14
143910,2024-07-14
143911,2024-07-14
143912,2024-07-14
143913,2024-07-14
143914,2024-07-14
143915,2024-07-14
143916,2024-07-14
143917,2024-07-14
143918,2024-07-14
143919,2024-07-14
143920,2024-07-14
143921,2024-07-14
143922,2024-07-14
143923,2024-07-14
143924,2024-07-14
143926,2024-07-14
143927,2024-07-14
143928,2024-07-14
143929,2024-07-14
143930,2024-07-14
143931,2024-07-14
143973,2024-10-10
143974,2024-10-10
143977,2024-10-11
143978,2024-10-11
143979,2024-10-11
143980,2024-10-11
143981,2024-10-11
143982,2024-10-11
143983,2024-10-11
143984,2024-10-11
143985,2024-10-11
143986,2024-10-11
143987,2024-10-11
143988,2024-10-11
143989,2024-10-11
143990,2024-10-11
143991,2024-10-11
143992,2024-10-12
143993,2024-10-12
143994,2024-10-12
143995,2024-10-12
143996,2024-10-12
143997,2024-10-12
143998,2024-10-12
143999,2024-10-14
144000,2024-10-14
144001,2024-10-14
144002,2024-10-14
144003,2024-10-14
144004,2024-10-14
144005,2024-10-14
144006,2024-10-14
144007,2024-10-14
144008,2024-10-14
144009,2024-10-14
144010,2024-10-14
144011,2024-10-14
144013,2024-10-14
144014,2024-10-14
144015,2024-10-14
144016,2024-10-14
144018,2024-10-14
144019,2024-10-15
144020,2024-10-15
144021,2024-10-15
144022,2024-10-15
144023,2024-10-15
144024,2024-10-15
144025,2024-10-15
144026,2024-10-15
144027,2024-10-15
144028,2024-10-15
144030,2024-10-15
144031,2024-10-15
144032,2024-10-15
144034,2024-10-15
144035,2024-10-15
144048,2024-10-15
144049,2024-10-15
144051,2024-10-16
144052,2024-10-16
144053,2024-10-16
144054,2024-10-16
144055,2024-10-16
144057,2024-10-16
144058,2024-10-16
144059,2024-10-16
144060,2024-10-16
144061,2024-10-16
144062,2024-10-16
144075,2024-10-16
144076,2024-10-16
144077,2024-10-16
144078,2024-10-16
144079,2024-10-16
144080,2024-10-16
144083,2024-10-16
144084,2024-10-16
144085,2024-10-16
144086,2024-10-16
144087,2024-10-16
144088,2024-10-16
144089,2024-10-16
144090,2024-10-16
144091,2024-10-16
144092,2024-10-16
144093,2024-10-16
144094,2024-10-16
144095,2024-10-16
144096,2024-10-16
144097,2024-10-16
144098,2024-10-16
144099,2024-10-16
144100,2024-10-16
144101,2024-10-16
144102,2024-10-16
144103,2024-10-16
144104,2024-10-16
144105,2024-10-16
144106,2024-10-16
144108,2024-10-16
144109,2024-10-16
144110,2024-10-16
144113,2024-10-16
144126,2024-10-16
144127,2024-10-16
144128,2024-10-17
144129,2024-10-17
144130,2024-10-17
144131,2024-10-17
144132,2024-10-17
144133,2024-10-17
144134,2024-10-17
144135,2024-10-17
144136,2024-10-17
144137,2024-10-17
144138,2024-10-17
144139,2024-10-17
144140,2024-10-17
144141,2024-10-17
144142,2024-10-17
144143,2024-10-17
144144,2024-10-17
144145,2024-10-17
144147,2024-10-17
144148,2024-10-17
144149,2024-10-17
144150,2024-10-17
144151,2024-10-17
144152,2024-10-17
144153,2024-10-17
144154,2024-10-17
144155,2024-10-17
144156,2024-10-17
144157,2024-10-17
144158,2024-10-17
144159,2024-10-17
144160,2024-10-17
144161,2024-10-17
144162,2024-10-17
144163,2024-10-17
144164,2024-10-17
144165,2024-10-17
144166,2024-10-17
144167,2024-10-17
144168,2024-10-17
144169,2024-10-17
144170,2024-10-17
144171,2024-10-17
144172,2024-10-17
144173,2024-10-17
144174,2024-10-17
144175,2024-10-17
144176,2024-10-17
144178,2024-10-17
144179,2024-10-17
144180,2024-10-17
144181,2024-10-17
144182,2024-10-17
144183,2024-10-17
144184,2024-10-17
144185,2024-10-17
144186,2024-10-17
144187,2024-10-17
144188,2024-10-17
144189,2024-10-17
144190,2024-10-17
144191,2024-10-17
144193,2024-10-17
144194,2024-10-17
144195,2024-10-17
144197,2024-10-17
144198,2024-10-17
144199,2024-10-17
144200,2024-10-17
144201,2024-10-17
144202,2024-10-17
144203,2024-10-17
144204,2024-10-17
144205,2024-10-17
144206,2024-10-17
144207,2024-10-17
144208,2024-10-17
144209,2024-10-17
144210,2024-10-17
144211,2024-10-17
144212,2024-10-17
144213,2024-10-17
144214,2024-10-17
144215,2024-10-17
144216,2024-10-17
144217,2024-10-17
144218,2024-10-17
144219,2024-10-17
144220,2024-10-17
144221,2024-10-17
144222,2024-10-17
144223,2024-10-17
144224,2024-10-17
144225,2024-10-17
144226,2024-10-17
144227,2024-10-17
144228,2024-10-17
144229,2024-10-17
144230,2024-10-17
144231,2024-10-17
144232,2024-10-17
144233,2024-10-17
144234,2024-10-17
144235,2024-10-17
144236,2024-10-17
144237,2024-10-17
144238,2024-10-17
144239,2024-10-17
144240,2024-10-17
144241,2024-10-17
144242,2024-10-17
144243,2024-10-17
144244,2024-10-17
144245,2024-10-17
144246,2024-10-17
144247,2024-10-18
144248,2024-10-18
144249,2024-10-18
144250,2024-10-18
144251,2024-10-18
144253,2024-10-18
144254,2024-10-18
144255,2024-10-18
144256,2024-10-18
144257,2024-10-18
144258,2024-10-18
144259,2024-10-18
144260,2024-10-18
144261,2024-10-18
144262,2024-10-18
144263,2024-10-18
144264,2024-10-18
144265,2024-10-18
144266,2024-10-18
144267,2024-10-18
144268,2024-10-18
144270,2024-10-18
144271,2024-10-18
144272,2024-10-18
144273,2024-10-18
144274,2024-10-18
144275,2024-10-18
144276,2024-10-18
144277,2024-10-18
144278,2024-10-18
144279,2024-10-18
144280,2024-10-18
144281,2024-10-18
144282,2024-10-18
144283,2024-10-18
144285,2024-10-18
144286,2024-10-18
144287,2024-10-18
144288,2024-10-18
144289,2024-10-18
144290,2024-10-18
144291,2024-10-18
144292,2024-10-18
144293,2024-10-18
144294,2024-10-18
144295,2024-10-18
144296,2024-10-18
144297,2024-10-18
144299,2024-10-18
144300,2024-10-18
144301,2024-10-18
144302,2024-10-18
144303,2024-10-18
144305,2024-10-18
144306,2024-10-18
144307,2024-10-18
144308,2024-10-18
144309,2024-10-18
144311,2024-10-18
144312,2024-10-18
144314,2024-10-18
144315,2024-10-18
144316,2024-10-18
144317,2024-10-18
144318,2024-10-18
144319,2024-10-18
144320,2024-10-18
144321,2024-10-18
144322,2024-10-18
144323,2024-10-18
144324,2024-10-18
144326,2024-10-18
144327,2024-10-18
144328,2024-10-18
144329,2024-10-18
144330,2024-10-18
144331,2024-10-18
144332,2024-10-18
144333,2024-10-18
144334,2024-10-18
144335,2024-10-18
144337,2024-10-18
144338,2024-10-18
144339,2024-10-18
144340,2024-10-18
144341,2024-10-18
144342,2024-10-18
144343,2024-10-18
144344,2024-10-18
144345,2024-10-18
144346,2024-10-18
144347,2024-10-18
144348,2024-10-18
144349,2024-10-18
144350,2024-10-18
144351,2024-10-18
144354,2024-10-18
144355,2024-10-18
144356,2024-10-18
144357,2024-10-18
144358,2024-10-18
144359,2024-10-18
144360,2024-10-18
144362,2024-10-18
144363,2024-10-18
144365,2024-10-18
144366,2024-10-18
144367,2024-10-18
144368,2024-10-18
144369,2024-10-18
144370,2024-10-18
144371,2024-10-18
144372,2024-10-18
144373,2024-10-18
144374,2024-10-18
144375,2024-10-18
144376,2024-10-18
144377,2024-10-18
144378,2024-10-18
144379,2024-10-18
144380,2024-10-18
144381,2024-10-18
144383,2024-10-18
144384,2024-10-18
144385,2024-10-18
144386,2024-10-18
144387,2024-10-18
144388,2024-10-18
144389,2024-10-18
144390,2024-10-18
144391,2024-10-19
144392,2024-10-19
144393,2024-10-19
144394,2024-10-19
144395,2024-10-19
144396,2024-10-19
144397,2024-10-19
144398,2024-10-19
144399,2024-10-19
144400,2024-10-19
144401,2024-10-19
144402,2024-10-19
144403,2024-10-19
144405,2024-10-19
144406,2024-10-19
144407,2024-10-19
144408,2024-10-19
144409,2024-10-19
144410,2024-10-19
144412,2024-10-19
144413,2024-10-19
144415,2024-10-19
144416,2024-10-19
144417,2024-10-19
144419,2024-10-19
144420,2024-10-19
144421,2024-10-19
144423,2024-10-19
144424,2024-10-19
144425,2024-10-19
144426,2024-10-19
144427,2024-10-19
144428,2024-10-19
144430,2024-10-19
144431,2024-10-19
144432,2024-10-19
144433,2024-10-19
144434,2024-10-19
144435,2024-10-19
144436,2024-10-19
144437,2024-10-19
144438,2024-10-19
144439,2024-10-19
144440,2024-10-19
144441,2024-10-19
144442,2024-10-19
144443,2024-10-19
144445,2024-10-19
144446,2024-10-19
144447,2024-10-19
144448,2024-10-19
144449,2024-10-19
144451,2024-10-19
144454,2024-10-19
144455,2024-10-19
144458,2024-10-19
144459,2024-10-19
144460,2024-10-19
144461,2024-10-19
144462,2024-10-19
144463,2024-10-19
144464,2024-10-19
144465,2024-10-19
144467,2024-10-19
144468,2024-10-19
144470,2024-10-19
144471,2024-10-19
144472,2024-10-19
144473,2024-10-19
144474,2024-10-19
144475,2024-10-19
144476,2024-10-19
144477,2024-10-19
144478,2024-10-19
144479,2024-10-19
144481,2024-10-19
144482,2024-10-19
144483,2024-10-19
144484,2024-10-19
144485,2024-10-19
144486,2024-10-19
144487,2024-10-19
144489,2024-10-19
144490,2024-10-19
144491,2024-10-19
144492,2024-10-19
144493,2024-10-19
144494,2024-10-19
144495,2024-10-19
144496,2024-10-19
144497,2024-10-19
144498,2024-10-20
144499,2024-10-20
144500,2024-10-20
144501,2024-10-20
144502,2024-10-20
144503,2024-10-20
144504,2024-10-20
144505,2024-10-20
144506,2024-10-20
144507,2024-10-20
144508,2024-10-20
144509,2024-10-20
144510,2024-10-20
144511,2024-10-20
144512,2024-10-20
144513,2024-10-20
144514,2024-10-20
144515,2024-10-20
144516,2024-10-20
144517,2024-10-20
144518,2024-10-20
144519,2024-10-20
144520,2024-10-20
144521,2024-10-20
144522,2024-10-20
144523,2024-10-20
144524,2024-10-20
144525,2024-10-20
144526,2024-10-20
144528,2024-10-20
144529,2024-10-20
144530,2024-10-20
144531,2024-10-20
144532,2024-10-20
144533,2024-10-20
144534,2024-10-20
144535,2024-10-20
144536,2024-10-20
144537,2024-10-20
144538,2024-10-20
144539,2024-10-20
144540,2024-10-20
144541,2024-10-20
144542,2024-10-20
144543,2024-10-20
144544,2024-10-20
144545,2024-10-20
144546,2024-10-20
144547,2024-10-20
144548,2024-10-20
144549,2024-10-20
144550,2024-10-20
144551,2024-10-20
144552,2024-10-20
144554,2024-10-20
144555,2024-10-20
144556,2024-10-20
144558,2024-10-20
144559,2024-10-20
144560,2024-10-20
144561,2024-10-20
144562,2024-10-20
144563,2024-10-20
144564,2024-10-20
144565,2024-10-20
144566,2024-10-20
144567,2024-10-20
144568,2024-10-20
144569,2024-10-20
144570,2024-10-20
144571,2024-10-20
144572,2024-10-20
144573,2024-10-20
144574,2024-10-20
144575,2024-10-20
144576,2024-10-20
144577,2024-10-20
144578,2024-10-20
144579,2024-10-20
144580,2024-10-20
144581,2024-10-20
144582,2024-10-20
144583,2024-10-20
144584,2024-10-20
144585,2024-10-20
144586,2024-10-20
144587,2024-10-20
144588,2024-10-20
144589,2024-10-20
144590,2024-10-20
144591,2024-10-20
144592,2024-10-20
144593,2024-10-20
144594,2024-10-20
144595,2024-10-20
144596,2024-10-20
144597,2024-10-20
144598,2024-10-20
144599,2024-10-20
144600,2024-10-20
144601,2024-10-20
144602,2024-10-20
144603,2024-10-20
144605,2024-10-20
144606,2024-10-20
144607,2024-10-20
144608,2024-10-20
144609,2024-10-20
144610,2024-10-20
144611,2024-10-20
144612,2024-10-20
144613,2024-10-20
144614,2024-10-20
144615,2024-10-20
144616,2024-10-21
144617,2024-10-21
144618,2024-10-21
144619,2024-10-21
144620,2024-10-21
144621,2024-10-21
144622,2024-10-21
144624,2024-10-21
144625,2024-10-21
144626,2024-10-21
144627,2024-10-21
144628,2024-10-21
144629,2024-10-21
144630,2024-10-21
144631,2024-10-21
144632,2024-10-21
144635,2024-10-21
144636,2024-10-21
144637,2024-10-21
144638,2024-10-21
144639,2024-10-21
144640,2024-10-21
144641,2024-10-21
144642,2024-10-21
144643,2024-10-21
144644,2024-10-21
144645,2024-10-21
144646,2024-10-21
144647,2024-10-21
144648,2024-10-21
144649,2024-10-21
144650,2024-10-21
144651,2024-10-21
144652,2024-10-21
144653,2024-10-21
144654,2024-10-21
144655,2024-10-21
144656,2024-10-21
144657,2024-10-21
144658,2024-10-21
144659,2024-10-21
144660,2024-10-21
144661,2024-10-21
144662,2024-10-21
144663,2024-10-21
144666,2024-10-21
144667,2024-10-21
144669,2024-10-21
144670,2024-10-21
144672,2024-10-21
144673,2024-10-21
144674,2024-10-21
144675,2024-10-21
144676,2024-10-21
144677,2024-10-21
144678,2024-10-21
144679,2024-10-21
144680,2024-10-21
144681,2024-10-21
144682,2024-10-21
144683,2024-10-21
144684,2024-10-21
144685,2024-10-21
144686,2024-10-21
144687,2024-10-21
144688,2024-10-21
144689,2024-10-21
144690,2024-10-21
144691,2024-10-21
144692,2024-10-21
144693,2024-10-21
144694,2024-10-21
144695,2024-10-21
144696,2024-10-21
144697,2024-10-21
144698,2024-10-21
144699,2024-10-21
144700,2024-10-21
144701,2024-10-21
144702,2024-10-21
144703,2024-10-21
144704,2024-10-21
144705,2024-10-21
144706,2024-10-21
144707,2024-10-21
144708,2024-10-21
144709,2024-10-21
144710,2024-10-21
144711,2024-10-21
144712,2024-10-21
144713,2024-10-21
144714,2024-10-21
144715,2024-10-21
144716,2024-10-21
144718,2024-10-21
144719,2024-10-21
144720,2024-10-21
144721,2024-10-21
144722,2024-10-21
144723,2024-10-21
144724,2024-10-21
144725,2024-10-21
144726,2024-10-21
144727,2024-10-21
144728,2024-10-21
144731,2024-10-22
144732,2024-10-22
144734,2024-10-22
144735,2024-10-22
144736,2024-10-22
144737,2024-10-22
144738,2024-10-22
144739,2024-10-22
144740,2024-10-22
144741,2024-10-22
144742,2024-10-22
144743,2024-10-22
144744,2024-10-22
144745,2024-10-22
144746,2024-10-22
144747,2024-10-22
144748,2024-10-22
144749,2024-10-22
144750,2024-10-22
144751,2024-10-22
144752,2024-10-22
144753,2024-10-22
144754,2024-10-22
144755,2024-10-22
144756,2024-10-22
144757,2024-10-22
144758,2024-10-22
144759,2024-10-22
144760,2024-10-22
144761,2024-10-22
144762,2024-10-22
144763,2024-10-22
144764,2024-10-22
144765,2024-10-22
144766,2024-10-22
144767,2024-10-22
144768,2024-10-22
144769,2024-10-22
144770,2024-10-22
144772,2024-10-22
144773,2024-10-22
144774,2024-10-22
144775,2024-10-22
144776,2024-10-22
144777,2024-10-22
144778,2024-10-22
144779,2024-10-22
144782,2024-10-22
144783,2024-10-22
144784,2024-10-22
144785,2024-10-22
144786,2024-10-22
144787,2024-10-22
144788,2024-10-22
144790,2024-10-22
144792,2024-10-22
144793,2024-10-22
144796,2024-10-22
144797,2024-10-22
144798,2024-10-22
144799,2024-10-22
144800,2024-10-22
144801,2024-10-22
144802,2024-10-22
144803,2024-10-22
144804,2024-10-22
144805,2024-10-22
144806,2024-10-23
144807,2024-10-23
144808,2024-10-23
144809,2024-10-23
144810,2024-10-23
144811,2024-10-23
144812,2024-10-23
144813,2024-10-23
144814,2024-10-23
144815,2024-10-23
144816,2024-10-23
144817,2024-10-23
144818,2024-10-23
144819,2024-10-23
144820,2024-10-23
144821,2024-10-23
144822,2024-10-23
144823,2024-10-23
144824,2024-10-23
144825,2024-10-23
144826,2024-10-23
144827,2024-10-23
144828,2024-10-23
144829,2024-10-23
144830,2024-10-23
144831,2024-10-23
144832,2024-10-23
144833,2024-10-23
144834,2024-10-23
144835,2024-10-23
144836,2024-10-23
144837,2024-10-23
144838,2024-10-23
144839,2024-10-23
144841,2024-10-23
144842,2024-10-23
144843,2024-10-23
144844,2024-10-23
144845,2024-10-23
144846,2024-10-23
144847,2024-10-23
144848,2024-10-23
144849,2024-10-23
144850,2024-10-23
144851,2024-10-23
144852,2024-10-23
144853,2024-10-23
144854,2024-10-23
144855,2024-10-23
144856,2024-10-23
144857,2024-10-23
144858,2024-10-23
144859,2024-10-23
144860,2024-10-23
144861,2024-10-23
144862,2024-10-23
144863,2024-10-23
144864,2024-10-23
144865,2024-10-23
144866,2024-10-23
144867,2024-10-23
144868,2024-10-23
144869,2024-10-23
144870,2024-10-23
144871,2024-10-23
144872,2024-10-23
144873,2024-10-23
144874,2024-10-23
144875,2024-10-23
144876,2024-10-23
144877,2024-10-23
144878,2024-10-23
144879,2024-10-23
144880,2024-10-23
144881,2024-10-23
144882,2024-10-23
144883,2024-10-23
144884,2024-10-23
144885,2024-10-23
144886,2024-10-23
144887,2024-10-23
144888,2024-10-23
144889,2024-10-23
144890,2024-10-23
144891,2024-10-23
144892,2024-10-23
144893,2024-10-23
144894,2024-10-23
144896,2024-10-23
144897,2024-10-23
144898,2024-10-23
144899,2024-10-23
144901,2024-10-24
144902,2024-10-24
144903,2024-10-24
144904,2024-10-24
144905,2024-10-24
144906,2024-10-24
144907,2024-10-24
144909,2024-10-24
144910,2024-10-24
144911,2024-10-24
144912,2024-10-24
144913,2024-10-24
144914,2024-10-24
144915,2024-10-24
144916,2024-10-24
144917,2024-10-24
144918,2024-10-24
144919,2024-10-24
144920,2024-10-24
144921,2024-10-24
144922,2024-10-24
144923,2024-10-24
144924,2024-10-24
144925,2024-10-24
144926,2024-10-24
144927,2024-10-24
144928,2024-10-24
144929,2024-10-24
144930,2024-10-24
144931,2024-10-24
144932,2024-10-24
144933,2024-10-24
144934,2024-10-24
144935,2024-10-24
144936,2024-10-24
144937,2024-10-24
144938,2024-10-24
144939,2024-10-24
144940,2024-10-24
144942,2024-10-24
144943,2024-10-24
144944,2024-10-24
144945,2024-10-24
144946,2024-10-24
144947,2024-10-24
144948,2024-10-24
144949,2024-10-24
144950,2024-10-24
144951,2024-10-24
144952,2024-10-24
144953,2024-10-24
144954,2024-10-24
144955,2024-10-24
144956,2024-10-24
144957,2024-10-24
144958,2024-10-24
144959,2024-10-24
144960,2024-10-24
144961,2024-10-24
144962,2024-10-24
144963,2024-10-24
144964,2024-10-24
144965,2024-10-24
144966,2024-10-24
144967,2024-10-24
144968,2024-10-24
144969,2024-10-24
144970,2024-10-24
144971,2024-10-24
144972,2024-10-24
144973,2024-10-24
144974,2024-10-24
144975,2024-10-24
144977,2024-10-24
144978,2024-10-24
144979,2024-10-24
144980,2024-10-24
144981,2024-10-24
144982,2024-10-24
144983,2024-10-24
144984,2024-10-25
144985,2024-10-25
144986,2024-10-25
144987,2024-10-25
144988,2024-10-25
144989,2024-10-25
144990,2024-10-25
144991,2024-10-25
144992,2024-10-25
144993,2024-10-25
144994,2024-10-25
144995,2024-10-25
144996,2024-10-25
144997,2024-10-25
144998,2024-10-25
144999,2024-10-25
145000,2024-10-25
145001,2024-10-25
145002,2024-10-25
145003,2024-10-25
145004,2024-10-25
145005,2024-10-25
145006,2024-10-25
145009,2024-10-25
145010,2024-10-25
145011,2024-10-25
145012,2024-10-25
145013,2024-10-25
145014,2024-10-25
145015,2024-10-25
145016,2024-10-25
145018,2024-10-25
145019,2024-10-25
145020,2024-10-25
145021,2024-10-25
145023,2024-10-25
145024,2024-10-25
145025,2024-10-25
145026,2024-10-25
145027,2024-10-25
145028,2024-10-25
145029,2024-10-25
145030,2024-10-25
145033,2024-10-25
145034,2024-10-25
145035,2024-10-25
145038,2024-10-25
145039,2024-10-25
145040,2024-10-25
145043,2024-10-25
145044,2024-10-25
145048,2024-10-25
145053,2024-10-25
145057,2024-10-25
145060,2024-10-25
145061,2024-10-26
145062,2024-10-26
145063,2024-10-26
145064,2024-10-26
145065,2024-10-26
145066,2024-10-26
145067,2024-10-26
145068,2024-10-26
145070,2024-10-26
145071,2024-10-26
145072,2024-10-26
145073,2024-10-26
145074,2024-10-26
145075,2024-10-26
145076,2024-10-26
145077,2024-10-26
145078,2024-10-26
145079,2024-10-26
145080,2024-10-26
145081,2024-10-26
145082,2024-10-26
145083,2024-10-26
145084,2024-10-26
145085,2024-10-26
145086,2024-10-26
145087,2024-10-26
145088,2024-10-26
145089,2024-10-26
145090,2024-10-26
145091,2024-10-26
145092,2024-10-26
145093,2024-10-26
145094,2024-10-26
145095,2024-10-26
145096,2024-10-26
145097,2024-10-26
145099,2024-10-26
145100,2024-10-26
145101,2024-10-26
145102,2024-10-26
145103,2024-10-26
145104,2024-10-26
145105,2024-10-26
145106,2024-10-26
145107,2024-10-26
145108,2024-10-26
145109,2024-10-26
145111,2024-10-26
145112,2024-10-26
145113,2024-10-26
145114,2024-10-26
145115,2024-10-26
145116,2024-10-26
145117,2024-10-26
145118,2024-10-26
145119,2024-10-26
145120,2024-10-26
145121,2024-10-26
145122,2024-10-26
145123,2024-10-26
145124,2024-10-26
145125,2024-10-26
145126,2024-10-26
145127,2024-10-26
145128,2024-10-26
145129,2024-10-26
145130,2024-10-26
145131,2024-10-26
145132,2024-10-26
145133,2024-10-26
145134,2024-10-26
145135,2024-10-27
145136,2024-10-27
145137,2024-10-27
145138,2024-10-27
145139,2024-10-27
145140,2024-10-27
145141,2024-10-27
145142,2024-10-27
145143,2024-10-27
145144,2024-10-27
145145,2024-10-27
145146,2024-10-27
145147,2024-10-28
145148,2024-10-28
145149,2024-10-28
145150,2024-10-28
145151,2024-10-28
145152,2024-10-28
145153,2024-10-28
145154,2024-10-28
145155,2024-10-28
145156,2024-10-28
145157,2024-10-28
145158,2024-10-28
145159,2024-10-28
145161,2024-10-28
145162,2024-10-28
145163,2024-10-28
145164,2024-10-28
145165,2024-10-28
145166,2024-10-28
145167,2024-10-28
145168,2024-10-28
145169,2024-10-28
145171,2024-10-28
145173,2024-10-28
145174,2024-10-28
145176,2024-10-28
145177,2024-10-28
145179,2024-10-28
145184,2024-10-28
145185,2024-10-28
145186,2024-10-28
145187,2024-10-28
145188,2024-10-28
145189,2024-10-28
145190,2024-10-28
145194,2024-10-28
145195,2024-10-28
145196,2024-10-28
145197,2024-10-28
145201,2024-10-28
145203,2024-10-28
145209,2024-10-28
145210,2024-10-28
145217,2024-10-29
145218,2024-10-29
145219,2024-10-29
145220,2024-10-29
145221,2024-10-29
145222,2024-10-29
145223,2024-10-29
145225,2024-10-29
145226,2024-10-29
145228,2024-10-29
145229,2024-10-29
145230,2024-10-29
145231,2024-10-29
145232,2024-10-29
145233,2024-10-29
145234,2024-10-29
145235,2024-10-29
145236,2024-10-29
145237,2024-10-29
145238,2024-10-29
145239,2024-10-29
145240,2024-10-29
145241,2024-10-29
145242,2024-10-29
145244,2024-10-29
145245,2024-10-29
145246,2024-10-29
145247,2024-10-29
145248,2024-10-29
145249,2024-10-29
145250,2024-10-29
145251,2024-10-29
145252,2024-10-29
145253,2024-10-29
145254,2024-10-29
145255,2024-10-29
145258,2024-10-29
145259,2024-10-29
145260,2024-10-29
145261,2024-10-29
145262,2024-10-29
145263,2024-10-29
145264,2024-10-29
145265,2024-10-29
145266,2024-10-29
145267,2024-10-29
145268,2024-10-29
145269,2024-10-29
145270,2024-10-29
145271,2024-10-29
145272,2024-10-29
145273,2024-10-29
145274,2024-10-29
145275,2024-10-29
145278,2024-10-29
145279,2024-10-29
145280,2024-10-29
145281,2024-10-29
145282,2024-10-29
145283,2024-10-29
145284,2024-10-29
145285,2024-10-29
145286,2024-10-29
145287,2024-10-29
145288,2024-10-29
145289,2024-10-29
145290,2024-10-29
145291,2024-10-29
145292,2024-10-29
145293,2024-10-29
145294,2024-10-29
145295,2024-10-29
145296,2024-10-29
145297,2024-10-30
145298,2024-10-30
145299,2024-10-30
145300,2024-10-30
145301,2024-10-30
145302,2024-10-30
145304,2024-10-30
145305,2024-10-30
145306,2024-10-30
145307,2024-10-30
145308,2024-10-30
145309,2024-10-30
145310,2024-10-30
145311,2024-10-30
145312,2024-10-30
145313,2024-10-30
145314,2024-10-30
145315,2024-10-30
145316,2024-10-30
145317,2024-10-30
145318,2024-10-30
145319,2024-10-30
145320,2024-10-30
145321,2024-10-30
145322,2024-10-30
145323,2024-10-30
145324,2024-10-30
145325,2024-10-30
145326,2024-10-30
145327,2024-10-30
145328,2024-10-30
145329,2024-10-30
145330,2024-10-30
145331,2024-10-30
145332,2024-10-30
145333,2024-10-30
145334,2024-10-30
145335,2024-10-30
145336,2024-10-30
145339,2024-10-30
145340,2024-10-30
145342,2024-10-30
145344,2024-10-30
145345,2024-10-30
145348,2024-10-30
145349,2024-10-30
145350,2024-10-30
145351,2024-10-30
145353,2024-10-30
145354,2024-10-30
145355,2024-10-30
145356,2024-10-30
145357,2024-10-30
145358,2024-10-30
145359,2024-10-30
145360,2024-10-30
145361,2024-10-30
145365,2024-10-30
145366,2024-10-30
145367,2024-10-30
145368,2024-10-30
145369,2024-10-30
145370,2024-10-30
145371,2024-10-30
145372,2024-10-30
145373,2024-10-30
145374,2024-10-30
145375,2024-10-30
145376,2024-10-30
145377,2024-10-30
145378,2024-10-30
145379,2024-10-30
145380,2024-10-30
145381,2024-10-30
145382,2024-10-30
145384,2024-10-30
145385,2024-10-30
145386,2024-10-30
145387,2024-10-30
145389,2024-10-31
145390,2024-10-31
145391,2024-10-31
145392,2024-10-31
145393,2024-10-31
145394,2024-10-31
145395,2024-10-31
145396,2024-10-31
145397,2024-10-31
145398,2024-10-31
145399,2024-10-31
145400,2024-10-31
145401,2024-10-31
145402,2024-10-31
145403,2024-10-31
145404,2024-10-31
145405,2024-10-31
145406,2024-10-31
145407,2024-10-31
145408,2024-10-31
145409,2024-10-31
145410,2024-10-31
145411,2024-10-31
145412,2024-10-31
145413,2024-10-31
145414,2024-10-31
145415,2024-10-31
145416,2024-10-31
145417,2024-10-31
145418,2024-10-31
145419,2024-10-31
145420,2024-10-31
145421,2024-10-31
145422,2024-10-31
145423,2024-10-31
145424,2024-10-31
145425,2024-10-31
145426,2024-10-31
145427,2024-10-31
145428,2024-10-31
145430,2024-10-31
145431,2024-10-31
145432,2024-10-31
145433,2024-10-31
145434,2024-10-31
145435,2024-10-31
145437,2024-10-31
145438,2024-10-31
145439,2024-10-31
145440,2024-10-31
145444,2024-10-31
145445,2024-10-31
145446,2024-10-31
145447,2024-10-31
145448,2024-10-31
145449,2024-10-31
145452,2024-10-31
145455,2024-10-31
145456,2024-10-31
145458,2024-10-31
145459,2024-10-31
145460,2024-10-31
145462,2024-11-01
145463,2024-11-01
145464,2024-11-01
145465,2024-11-01
145466,2024-11-01
145467,2024-11-01
145468,2024-11-01
145469,2024-11-01
145470,2024-11-01
145473,2024-11-01
145474,2024-11-01
145475,2024-11-01
145476,2024-11-01
145477,2024-11-01
145479,2024-11-01
145482,2024-11-01
145483,2024-11-01
145484,2024-11-01
145485,2024-11-01
145486,2024-11-01
145487,2024-11-01
145488,2024-11-01
145489,2024-11-01
145490,2024-11-01
145491,2024-11-01
145492,2024-11-01
145493,2024-11-01
145494,2024-11-01
145495,2024-11-01
145496,2024-11-01
145497,2024-11-01
145498,2024-11-01
145499,2024-11-01
145500,2024-11-01
145501,2024-11-01
145502,2024-11-01
145503,2024-11-01
145504,2024-11-01
145507,2024-11-01
145508,2024-11-01
145509,2024-11-01
145510,2024-11-01
145511,2024-11-01
145512,2024-11-01
145513,2024-11-01
145514,2024-11-01
145515,2024-11-01
145516,2024-11-01
145517,2024-11-01
145518,2024-11-01
145519,2024-11-01
145520,2024-11-01
145521,2024-11-01
145522,2024-11-01
145523,2024-11-01
145524,2024-11-01
145525,2024-11-01
145526,2024-11-01
145527,2024-11-01
145528,2024-11-01
145529,2024-11-01
145530,2024-11-01
145531,2024-11-01
145532,2024-11-01
145533,2024-11-01
145534,2024-11-02
145535,2024-11-02
145536,2024-11-02
145537,2024-11-02
145538,2024-11-02
145539,2024-11-02
145540,2024-11-02
145541,2024-11-02
145542,2024-11-02
145543,2024-11-02
145545,2024-11-02
145546,2024-11-02
145547,2024-11-02
145548,2024-11-02
145549,2024-11-02
145550,2024-11-02
145551,2024-11-02
145552,2024-11-02
145553,2024-11-02
145554,2024-11-02
145555,2024-11-02
145556,2024-11-02
145557,2024-11-02
145558,2024-11-02
145559,2024-11-02
145560,2024-11-02
145562,2024-11-02
145563,2024-11-02
145564,2024-11-02
145565,2024-11-02
145566,2024-11-02
145567,2024-11-02
145568,2024-11-02
145569,2024-11-02
145570,2024-11-02
145571,2024-11-02
145572,2024-11-02
145573,2024-11-02
145574,2024-11-02
145575,2024-11-02
145576,2024-11-02
145577,2024-11-02
145578,2024-11-02
145579,2024-11-02
145580,2024-11-02
145581,2024-11-02
145582,2024-11-02
145583,2024-11-02
145584,2024-11-02
145585,2024-11-02
145586,2024-11-02
145590,2024-11-02
145591,2024-11-02
145592,2024-11-02
145593,2024-11-02
145594,2024-11-02
145595,2024-11-02
145596,2024-11-02
145597,2024-11-02
145598,2024-11-02
145600,2024-11-02
145601,2024-11-02
145602,2024-11-02
145603,2024-11-02
145604,2024-11-02
145605,2024-11-02
145606,2024-11-02
145607,2024-11-02
145608,2024-11-02
145609,2024-11-02
145610,2024-11-02
145611,2024-11-02
145612,2024-11-02
145613,2024-11-02
145614,2024-11-02
145615,2024-11-02
145616,2024-11-02
145617,2024-11-02
145618,2024-11-04
145619,2024-11-04
145620,2024-11-04
145621,2024-11-04
145622,2024-11-04
145623,2024-11-04
145624,2024-11-04
145625,2024-11-04
145626,2024-11-04
145627,2024-11-04
145629,2024-11-04
145631,2024-11-04
145632,2024-11-04
145633,2024-11-04
145634,2024-11-04
145635,2024-11-04
145636,2024-11-04
145637,2024-11-04
145638,2024-11-04
145639,2024-11-04
145640,2024-11-04
145641,2024-11-04
145642,2024-11-04
145644,2024-11-04
145645,2024-11-04
145646,2024-11-04
145647,2024-11-04
145648,2024-11-04
145649,2024-11-04
145650,2024-11-04
145651,2024-11-04
145652,2024-11-04
145653,2024-11-04
145654,2024-11-04
145655,2024-11-04
145656,2024-11-04
145657,2024-11-04
145658,2024-11-04
145659,2024-11-04
145660,2024-11-04
145661,2024-11-04
145662,2024-11-04
145663,2024-11-04
145664,2024-11-04
145665,2024-11-04
145666,2024-11-04
145667,2024-11-04
145668,2024-11-04
145669,2024-11-04
145670,2024-11-04
145671,2024-11-04
145672,2024-11-04
145673,2024-11-04
145674,2024-11-04
145675,2024-11-04
145676,2024-11-04
145677,2024-11-04
145678,2024-11-04
145679,2024-11-04
145680,2024-11-04
145681,2024-11-04
145682,2024-11-04
145683,2024-11-04
145684,2024-11-04
145685,2024-11-04
145686,2024-11-04
145687,2024-11-04
145688,2024-11-04
145689,2024-11-04
145690,2024-11-04
145691,2024-11-05
145692,2024-11-05
145693,2024-11-05
145694,2024-11-05
145695,2024-11-05
145696,2024-11-05
145698,2024-11-05
145699,2024-11-05
145700,2024-11-05
145701,2024-11-05
145703,2024-11-05
145704,2024-11-05
145705,2024-11-05
145706,2024-11-05
145707,2024-11-05
145708,2024-11-05
145709,2024-11-05
145711,2024-11-05
145712,2024-11-05
145713,2024-11-05
145714,2024-11-05
145716,2024-11-05
145717,2024-11-05
145718,2024-11-05
145719,2024-11-05
145720,2024-11-05
145721,2024-11-05
145723,2024-11-05
145724,2024-11-05
145725,2024-11-05
145726,2024-11-05
145727,2024-11-05
145728,2024-11-05
145729,2024-11-05
145730,2024-11-05
145731,2024-11-05
145734,2024-11-05
145736,2024-11-05
145737,2024-11-05
145738,2024-11-05
145739,2024-11-05
145742,2024-11-05
145743,2024-11-05
145745,2024-11-05
145746,2024-11-05
145747,2024-11-05
145748,2024-11-05
145749,2024-11-05
145750,2024-11-05
145751,2024-11-05
145752,2024-11-05
145753,2024-11-05
145754,2024-11-05
145755,2024-11-05
145756,2024-11-05
145757,2024-11-05
145758,2024-11-05
145759,2024-11-05
145760,2024-11-05
145761,2024-11-05
145762,2024-11-05
145763,2024-11-05
145764,2024-11-05
145765,2024-11-05
145766,2024-11-05
145767,2024-11-05
145768,2024-11-05
145769,2024-11-05
145770,2024-11-05
145771,2024-11-05
145772,2024-11-05
145773,2024-11-05
145774,2024-11-05
145775,2024-11-05
145776,2024-11-05
145777,2024-11-05
145778,2024-11-05
145779,2024-11-06
145780,2024-11-06
145781,2024-11-06
145782,2024-11-06
145783,2024-11-06
145784,2024-11-06
145785,2024-11-06
145786,2024-11-06
145787,2024-11-06
145788,2024-11-06
145789,2024-11-06
145790,2024-11-06
145791,2024-11-06
145792,2024-11-06
145793,2024-11-06
145794,2024-11-06
145795,2024-11-06
145796,2024-11-06
145797,2024-11-06
145798,2024-11-06
145799,2024-11-06
145800,2024-11-06
145801,2024-11-06
145802,2024-11-06
145803,2024-11-06
145804,2024-11-06
145805,2024-11-06
145806,2024-11-06
145807,2024-11-06
145808,2024-11-06
145809,2024-11-06
145810,2024-11-06
145811,2024-11-06
145812,2024-11-06
145813,2024-11-06
145814,2024-11-06
145815,2024-11-06
145816,2024-11-06
145817,2024-11-06
145818,2024-11-06
145819,2024-11-06
145820,2024-11-06
145821,2024-11-06
145822,2024-11-06
145823,2024-11-06
145824,2024-11-06
145825,2024-11-06
145826,2024-11-06
145827,2024-11-06
145828,2024-11-06
145835,2024-11-06
145836,2024-11-06
145837,2024-11-06
145838,2024-11-06
145839,2024-11-06
145840,2024-11-06
145841,2024-11-06
145842,2024-11-06
145843,2024-11-06
145844,2024-11-06
145845,2024-11-06
145846,2024-11-06
145847,2024-11-06
145848,2024-11-06
145849,2024-11-06
145850,2024-11-06
145851,2024-11-06
145852,2024-11-06
145853,2024-11-06
145854,2024-11-06
145856,2024-11-07
145857,2024-11-07
145858,2024-11-07
145859,2024-11-07
145860,2024-11-07
145861,2024-11-07
145862,2024-11-07
145863,2024-11-07
145864,2024-11-07
145865,2024-11-07
145866,2024-11-07
145869,2024-11-07
145870,2024-11-07
145871,2024-11-07
145872,2024-11-07
145873,2024-11-07
145874,2024-11-07
145875,2024-11-07
145876,2024-11-07
145877,2024-11-07
145878,2024-11-07
145879,2024-11-07
145880,2024-11-07
145881,2024-11-07
145882,2024-11-07
145883,2024-11-07
145884,2024-11-07
145885,2024-11-07
145886,2024-11-07
145887,2024-11-07
145888,2024-11-07
145889,2024-11-07
145890,2024-11-07
145891,2024-11-07
145892,2024-11-07
145893,2024-11-07
145895,2024-11-07
145899,2024-11-07
145900,2024-11-07
145901,2024-11-07
145902,2024-11-07
145903,2024-11-07
145904,2024-11-07
145905,2024-11-07
145906,2024-11-07
145907,2024-11-07
145910,2024-11-07
145911,2024-11-07
145912,2024-11-07
145913,2024-11-07
145915,2024-11-07
145916,2024-11-07
145917,2024-11-07
145918,2024-11-07
145920,2024-11-07
145921,2024-11-07
145922,2024-11-07
145923,2024-11-07
145925,2024-11-07
145926,2024-11-07
145927,2024-11-07
145928,2024-11-07
145929,2024-11-07
145930,2024-11-07
145931,2024-11-07
145932,2024-11-07
145933,2024-11-07
145934,2024-11-07
145935,2024-11-07
145936,2024-11-07
145937,2024-11-07
145938,2024-11-07
145939,2024-11-07
145941,2024-11-08
145942,2024-11-08
145943,2024-11-08
145944,2024-11-08
145945,2024-11-08
145946,2024-11-08
145947,2024-11-08
145948,2024-11-08
145951,2024-11-08
145952,2024-11-08
145954,2024-11-08
145955,2024-11-08
145957,2024-11-08
145958,2024-11-08
145960,2024-11-08
145961,2024-11-08
145962,2024-11-08
145963,2024-11-08
145964,2024-11-08
145965,2024-11-08
145966,2024-11-08
145967,2024-11-08
145969,2024-11-08
145971,2024-11-08
145972,2024-11-08
145973,2024-11-08
145974,2024-11-08
145975,2024-11-08
145976,2024-11-08
145977,2024-11-08
145978,2024-11-08
145979,2024-11-08
145980,2024-11-08
145981,2024-11-08
145982,2024-11-08
145983,2024-11-08
145984,2024-11-08
145985,2024-11-08
145986,2024-11-08
145987,2024-11-08
145988,2024-11-08
145989,2024-11-08
145992,2024-11-08
145993,2024-11-08
145994,2024-11-08
145995,2024-11-08
145997,2024-11-08
145998,2024-11-08
145999,2024-11-08
146000,2024-11-08
146001,2024-11-08
146002,2024-11-08
146003,2024-11-08
146005,2024-11-08
146009,2024-11-08
146010,2024-11-08
146012,2024-11-08
146013,2024-11-08
146014,2024-11-08
146015,2024-11-08
146018,2024-11-08
146021,2024-11-08
146022,2024-11-08
146023,2024-11-08
146024,2024-11-08
146025,2024-11-08
146026,2024-11-08
146027,2024-11-08
146029,2024-11-08
146030,2024-11-08
146031,2024-11-08
146032,2024-11-08
146033,2024-11-08
146034,2024-11-08
146035,2024-11-08
146036,2024-11-08
146037,2024-11-08
146039,2024-11-08
146040,2024-11-08
146041,2024-11-08
146042,2024-11-08
146043,2024-11-08
146046,2024-11-08
146047,2024-11-08
146049,2024-11-08
146050,2024-11-08
146051,2024-11-08
146053,2024-11-08
146054,2024-11-09
146055,2024-11-09
146056,2024-11-09
146057,2024-11-09
146058,2024-11-09
146059,2024-11-09
146060,2024-11-09
146062,2024-11-09
146063,2024-11-09
146064,2024-11-09
146065,2024-11-09
146066,2024-11-09
146067,2024-11-09
146068,2024-11-09
146069,2024-11-09
146070,2024-11-09
146071,2024-11-09
146072,2024-11-09
146073,2024-11-09
146074,2024-11-09
146076,2024-11-09
146080,2024-11-09
146081,2024-11-09
146083,2024-11-09
146084,2024-11-09
146085,2024-11-09
146086,2024-11-09
146087,2024-11-09
146088,2024-11-09
146089,2024-11-09
146090,2024-11-09
146092,2024-11-09
146093,2024-11-09
146094,2024-11-09
146095,2024-11-09
146096,2024-11-09
146098,2024-11-09
146099,2024-11-09
146100,2024-11-09
146101,2024-11-09
146102,2024-11-09
146103,2024-11-09
146104,2024-11-09
146105,2024-11-09
146106,2024-11-09
146107,2024-11-09
146108,2024-11-09
146109,2024-11-09
146110,2024-11-09
146111,2024-11-09
146112,2024-11-09
146115,2024-11-09
146116,2024-11-09
146117,2024-11-09
146119,2024-11-09
146122,2024-11-09
146123,2024-11-09
146128,2024-11-09
146129,2024-11-09
146130,2024-11-09
146131,2024-11-09
146134,2024-11-09
146138,2024-11-09
146139,2024-11-09
146144,2024-11-09
146145,2024-11-09
146146,2024-11-09
146147,2024-11-10
146148,2024-11-10
146149,2024-11-10
146150,2024-11-10
146151,2024-11-10
146152,2024-11-10
146153,2024-11-10
146154,2024-11-10
146155,2024-11-10
146156,2024-11-10
146157,2024-11-10
146158,2024-11-10
146159,2024-11-10
146160,2024-11-10
146161,2024-11-10
146162,2024-11-10
146163,2024-11-10
146164,2024-11-10
146166,2024-11-10
146167,2024-11-10
146168,2024-11-10
146169,2024-11-10
146170,2024-11-10
146171,2024-11-10
146172,2024-11-10
146173,2024-11-10
146174,2024-11-10
146175,2024-11-10
146176,2024-11-10
146177,2024-11-10
146178,2024-11-10
146179,2024-11-10
146180,2024-11-10
146181,2024-11-10
146182,2024-11-10
146183,2024-11-10
146184,2024-11-10
146185,2024-11-10
146186,2024-11-10
146187,2024-11-10
146188,2024-11-10
146189,2024-11-10
146190,2024-11-10
146191,2024-11-10
146192,2024-11-10
146193,2024-11-10
146194,2024-11-10
146195,2024-11-10
146196,2024-11-10
146199,2024-11-10
146200,2024-11-10
146201,2024-11-10
146202,2024-11-10
146203,2024-11-10
146204,2024-11-10
146205,2024-11-10
146206,2024-11-10
146207,2024-11-10
146208,2024-11-10
146209,2024-11-10
146210,2024-11-10
146211,2024-11-10
146212,2024-11-10
146214,2024-11-10
146215,2024-11-10
146216,2024-11-10
146217,2024-11-10
146218,2024-11-10
146219,2024-11-10
146220,2024-11-10
146221,2024-11-10
146222,2024-11-10
146223,2024-11-10
146225,2024-11-10
146226,2024-11-10
146227,2024-11-10
146228,2024-11-10
146230,2024-11-10
146231,2024-11-10
146232,2024-11-10
146233,2024-11-10
146234,2024-11-10
146235,2024-11-10
146236,2024-11-11
146237,2024-11-11
146238,2024-11-11
146239,2024-11-11
146240,2024-11-11
146241,2024-11-11
146242,2024-11-11
146243,2024-11-11
146244,2024-11-11
146245,2024-11-11
146247,2024-11-11
146248,2024-11-11
146249,2024-11-11
146250,2024-11-11
146251,2024-11-11
146252,2024-11-11
146254,2024-11-11
146255,2024-11-11
146256,2024-11-11
146257,2024-11-11
146258,2024-11-11
146259,2024-11-11
146260,2024-11-11
146261,2024-11-11
146262,2024-11-11
146263,2024-11-11
146264,2024-11-11
146265,2024-11-11
146266,2024-11-11
146267,2024-11-11
146268,2024-11-11
146269,2024-11-11
146270,2024-11-11
146271,2024-11-11
146272,2024-11-11
146273,2024-11-11
146274,2024-11-11
146276,2024-11-11
146277,2024-11-11
146278,2024-11-11
146279,2024-11-11
146280,2024-11-11
146281,2024-11-11
146282,2024-11-11
146283,2024-11-11
146284,2024-11-11
146285,2024-11-11
146286,2024-11-11
146287,2024-11-11
146288,2024-11-11
146290,2024-11-11
146295,2024-11-11
146296,2024-11-11
146297,2024-11-11
146298,2024-11-11
146299,2024-11-11
146302,2024-11-11
146303,2024-11-11
146304,2024-11-11
146307,2024-11-11
146308,2024-11-12
146309,2024-11-12
146310,2024-11-12
146311,2024-11-12
146312,2024-11-12
146313,2024-11-12
146314,2024-11-12
146315,2024-11-12
146316,2024-11-12
146317,2024-11-12
146318,2024-11-12
146319,2024-11-12
146320,2024-11-12
146321,2024-11-12
146322,2024-11-12
146323,2024-11-12
146324,2024-11-12
146325,2024-11-12
146326,2024-11-12
146327,2024-11-12
146328,2024-11-12
146329,2024-11-12
146331,2024-11-12
146332,2024-11-12
146333,2024-11-12
146334,2024-11-12
146335,2024-11-12
146336,2024-11-12
146337,2024-11-12
146338,2024-11-12
146339,2024-11-12
146340,2024-11-12
146341,2024-11-12
146342,2024-11-12
146343,2024-11-12
146344,2024-11-12
146345,2024-11-12
146346,2024-11-12
146347,2024-11-12
146348,2024-11-12
146349,2024-11-12
146350,2024-11-12
146351,2024-11-12
146352,2024-11-12
146353,2024-11-12
146354,2024-11-12
146355,2024-11-12
146356,2024-11-12
146357,2024-11-12
146358,2024-11-12
146359,2024-11-12
146360,2024-11-12
146362,2024-11-12
146363,2024-11-12
146364,2024-11-12
146365,2024-11-12
146366,2024-11-12
146368,2024-11-12
146369,2024-11-12
146370,2024-11-12
146371,2024-11-12
146373,2024-11-12
146374,2024-11-12
146376,2024-11-12
146377,2024-11-12
146378,2024-11-12
146380,2024-11-12
146381,2024-11-12
146382,2024-11-12
146383,2024-11-12
146384,2024-11-12
146385,2024-11-12
146386,2024-11-13
146387,2024-11-13
146388,2024-11-13
146389,2024-11-13
146390,2024-11-13
146391,2024-11-13
146392,2024-11-13
146393,2024-11-13
146394,2024-11-13
146395,2024-11-13
146396,2024-11-13
146397,2024-11-13
146398,2024-11-13
146399,2024-11-13
146400,2024-11-13
146401,2024-11-13
146402,2024-11-13
146403,2024-11-13
146404,2024-11-13
146405,2024-11-13
146410,2024-11-13
146411,2024-11-13
146412,2024-11-13
146413,2024-11-13
146414,2024-11-13
146415,2024-11-13
146416,2024-11-13
146417,2024-11-13
146418,2024-11-13
146419,2024-11-13
146420,2024-11-13
146421,2024-11-13
146422,2024-11-13
146423,2024-11-13
146424,2024-11-13
146425,2024-11-13
146426,2024-11-13
146427,2024-11-13
146428,2024-11-13
146429,2024-11-13
146430,2024-11-13
146431,2024-11-13
146432,2024-11-13
146433,2024-11-13
146434,2024-11-13
146435,2024-11-13
146436,2024-11-13
146437,2024-11-13
146438,2024-11-13
146439,2024-11-13
146440,2024-11-13
146441,2024-11-13
146442,2024-11-13
146443,2024-11-13
146444,2024-11-13
146445,2024-11-13
146446,2024-11-13
146447,2024-11-13
146448,2024-11-13
146449,2024-11-13
146450,2024-11-13
146451,2024-11-13
146452,2024-11-13
146453,2024-11-13
146454,2024-11-13
146455,2024-11-13
146456,2024-11-13
146457,2024-11-13
146458,2024-11-13
146459,2024-11-13
146460,2024-11-13
146461,2024-11-13
146462,2024-11-13
146463,2024-11-13
146464,2024-11-13
146465,2024-11-13
146466,2024-11-14
146467,2024-11-14
146468,2024-11-14
146469,2024-11-14
146470,2024-11-14
146471,2024-11-14
146472,2024-11-14
146474,2024-11-14
146476,2024-11-14
146477,2024-11-14
146478,2024-11-14
146479,2024-11-14
146481,2024-11-14
146482,2024-11-14
146483,2024-11-14
146485,2024-11-14
146487,2024-11-14
146488,2024-11-14
146489,2024-11-14
146490,2024-11-14
146491,2024-11-14
146492,2024-11-14
146493,2024-11-14
146494,2024-11-14
146495,2024-11-14
146496,2024-11-14
146497,2024-11-14
146498,2024-11-14
146499,2024-11-14
146500,2024-11-14
146501,2024-11-14
146502,2024-11-14
146503,2024-11-14
146504,2024-11-14
146505,2024-11-14
146506,2024-11-14
146507,2024-11-14
146508,2024-11-14
146509,2024-11-14
146510,2024-11-14
146511,2024-11-14
146512,2024-11-14
146513,2024-11-14
146514,2024-11-14
146515,2024-11-14
146517,2024-11-14
146519,2024-11-14
146520,2024-11-14
146521,2024-11-14
146522,2024-11-14
146523,2024-11-14
146524,2024-11-14
146525,2024-11-14
146527,2024-11-14
146528,2024-11-14
146529,2024-11-14
146530,2024-11-14
146531,2024-11-14
146533,2024-11-14
146534,2024-11-14
146535,2024-11-14
146536,2024-11-14
146537,2024-11-14
146538,2024-11-14
146541,2024-11-14
146542,2024-11-14
146543,2024-11-14
146544,2024-11-14
146546,2024-11-14
146549,2024-11-14
146550,2024-11-15
146551,2024-11-15
146552,2024-11-15
146553,2024-11-15
146554,2024-11-15
146555,2024-11-15
146556,2024-11-15
146557,2024-11-15
146558,2024-11-15
146559,2024-11-15
146560,2024-11-15
146561,2024-11-15
146562,2024-11-15
146563,2024-11-15
146564,2024-11-15
146566,2024-11-15
146567,2024-11-15
146568,2024-11-15
146569,2024-11-15
146570,2024-11-15
146571,2024-11-15
146572,2024-11-15
146573,2024-11-15
146574,2024-11-15
146575,2024-11-15
146576,2024-11-15
146577,2024-11-15
146578,2024-11-15
146579,2024-11-15
146580,2024-11-15
146594,2024-11-15
146595,2024-11-15
146596,2024-11-15
146597,2024-11-15
146600,2024-11-15
146601,2024-11-15
146602,2024-11-15
146603,2024-11-15
146604,2024-11-15
146605,2024-11-15
146606,2024-11-15
146607,2024-11-15
146608,2024-11-15
146609,2024-11-15
146610,2024-11-15
146611,2024-11-15
146612,2024-11-15
146613,2024-11-15
146614,2024-11-15
146615,2024-11-15
146616,2024-11-15
146617,2024-11-15
146618,2024-11-15
146619,2024-11-15
146620,2024-11-15
146621,2024-11-15
146622,2024-11-16
146623,2024-11-16
146624,2024-11-16
146625,2024-11-16
146626,2024-11-16
146627,2024-11-16
146628,2024-11-16
146629,2024-11-16
146631,2024-11-16
146633,2024-11-16
146634,2024-11-16
146635,2024-11-16
146637,2024-11-16
146638,2024-11-16
146641,2024-11-16
146642,2024-11-16
146643,2024-11-16
146644,2024-11-16
146645,2024-11-16
146646,2024-11-16
146647,2024-11-16
146648,2024-11-16
146649,2024-11-16
146650,2024-11-16
146651,2024-11-16
146652,2024-11-16
146653,2024-11-16
146654,2024-11-16
146655,2024-11-16
146656,2024-11-16
146657,2024-11-16
146658,2024-11-16
146659,2024-11-16
146660,2024-11-16
146661,2024-11-16
146662,2024-11-16
146663,2024-11-16
146664,2024-11-16
146665,2024-11-16
146666,2024-11-16
146667,2024-11-16
146668,2024-11-16
146669,2024-11-16
146670,2024-11-16
146671,2024-11-16
146672,2024-11-16
146674,2024-11-16
146675,2024-11-16
146676,2024-11-16
146677,2024-11-16
146678,2024-11-16
146679,2024-11-16
146680,2024-11-17
146681,2024-11-17
146682,2024-11-17
146683,2024-11-17
146684,2024-11-17
146685,2024-11-17
146686,2024-11-17
146687,2024-11-17
146688,2024-11-17
146691,2024-11-17
146692,2024-11-17
146693,2024-11-17
146694,2024-11-17
146695,2024-11-17
146696,2024-11-17
146697,2024-11-17
146698,2024-11-17
146699,2024-11-17
146700,2024-11-17
146701,2024-11-17
146702,2024-11-17
146703,2024-11-17
146704,2024-11-17
146705,2024-11-17
146706,2024-11-17
146707,2024-11-17
146708,2024-11-17
146709,2024-11-17
146710,2024-11-17
146711,2024-11-17
146712,2024-11-17
146713,2024-11-17
146714,2024-11-17
146715,2024-11-17
146716,2024-11-17
146717,2024-11-17
146719,2024-11-17
146720,2024-11-17
146721,2024-11-17
146722,2024-11-17
146723,2024-11-17
146725,2024-11-17
146726,2024-11-17
146727,2024-11-17
146728,2024-11-17
146729,2024-11-17
146730,2024-11-17
146731,2024-11-17
146736,2024-11-17
146739,2024-11-17
146740,2024-11-17
146741,2024-11-17
146742,2024-11-17
146743,2024-11-17
146744,2024-11-17
146745,2024-11-17
146746,2024-11-17
146747,2024-11-17
146748,2024-11-18
146749,2024-11-18
146750,2024-11-18
146751,2024-11-18
146752,2024-11-18
146753,2024-11-18
146754,2024-11-18
146755,2024-11-18
146756,2024-11-18
146757,2024-11-18
146759,2024-11-18
146760,2024-11-18
146761,2024-11-18
146762,2024-11-18
146763,2024-11-18
146764,2024-11-18
146765,2024-11-18
146766,2024-11-18
146767,2024-11-18
146768,2024-11-18
146769,2024-11-18
146770,2024-11-18
146771,2024-11-18
146772,2024-11-18
146773,2024-11-18
146774,2024-11-18
146775,2024-11-18
146776,2024-11-18
146777,2024-11-18
146778,2024-11-18
146779,2024-11-18
146780,2024-11-18
146781,2024-11-18
146782,2024-11-18
146783,2024-11-18
146784,2024-11-18
146785,2024-11-18
146786,2024-11-18
146787,2024-11-18
146788,2024-11-18
146789,2024-11-18
146790,2024-11-18
146791,2024-11-18
146792,2024-11-18
146793,2024-11-18
146794,2024-11-18
146795,2024-11-18
146796,2024-11-18
146797,2024-11-18
146798,2024-11-18
146799,2024-11-19
146800,2024-11-19
146801,2024-11-19
146802,2024-11-19
146803,2024-11-19
146804,2024-11-19
146805,2024-11-19
146807,2024-11-19
146810,2024-11-19
146811,2024-11-19
146812,2024-11-19
146813,2024-11-19
146814,2024-11-19
146815,2024-11-19
146816,2024-11-19
146817,2024-11-19
146818,2024-11-19
146819,2024-11-19
146820,2024-11-19
146822,2024-11-19
146823,2024-11-19
146824,2024-11-19
146825,2024-11-19
146826,2024-11-19
146827,2024-11-19
146828,2024-11-19
146829,2024-11-19
146830,2024-11-19
146831,2024-11-19
146832,2024-11-19
146833,2024-11-19
146834,2024-11-19
146835,2024-11-19
146836,2024-11-19
146837,2024-11-19
146838,2024-11-19
146839,2024-11-19
146840,2024-11-19
146841,2024-11-19
146842,2024-11-19
146843,2024-11-19
146844,2024-11-19
146845,2024-11-19
146846,2024-11-19
146847,2024-11-19
146848,2024-11-19
146849,2024-11-19
146850,2024-11-19
146851,2024-11-19
146852,2024-11-19
146853,2024-11-19
146854,2024-11-19
146856,2024-11-19
146857,2024-11-19
146858,2024-11-19
146859,2024-11-19
146861,2024-11-19
146862,2024-11-19
146863,2024-11-20
146864,2024-11-20
146865,2024-11-20
146866,2024-11-20
146867,2024-11-20
146868,2024-11-20
146869,2024-11-20
146870,2024-11-20
146872,2024-11-20
146873,2024-11-20
146874,2024-11-20
146875,2024-11-20
146876,2024-11-20
146877,2024-11-20
146878,2024-11-20
146879,2024-11-20
146880,2024-11-20
146881,2024-11-20
146882,2024-11-20
146883,2024-11-20
146884,2024-11-20
146885,2024-11-20
146886,2024-11-20
146887,2024-11-20
146888,2024-11-20
146889,2024-11-20
146890,2024-11-20
146891,2024-11-20
146892,2024-11-20
146893,2024-11-20
146894,2024-11-20
146895,2024-11-20
146896,2024-11-20
146897,2024-11-20
146898,2024-11-20
146899,2024-11-20
146900,2024-11-20
146901,2024-11-20
146902,2024-11-20
146903,2024-11-20
146904,2024-11-20
146905,2024-11-20
146906,2024-11-20
146907,2024-11-20
146908,2024-11-20
146909,2024-11-20
146910,2024-11-20
146913,2024-11-20
146914,2024-11-20
146915,2024-11-20
146922,2024-11-21
146923,2024-11-21
146924,2024-11-21
146925,2024-11-21
146926,2024-11-21
146927,2024-11-21
146928,2024-11-21
146929,2024-11-21
146930,2024-11-21
146931,2024-11-21
146932,2024-11-21
146933,2024-11-21
146934,2024-11-21
146936,2024-11-21
146937,2024-11-21
146938,2024-11-21
146939,2024-11-21
146940,2024-11-21
146941,2024-11-21
146942,2024-11-21
146943,2024-11-21
146944,2024-11-21
146945,2024-11-21
146946,2024-11-21
146947,2024-11-21
146948,2024-11-21
146949,2024-11-21
146950,2024-11-21
146951,2024-11-21
146952,2024-11-21
146953,2024-11-21
146954,2024-11-21
146955,2024-11-21
146956,2024-11-21
146958,2024-11-21
146959,2024-11-21
146960,2024-11-21
146961,2024-11-21
146962,2024-11-21
146963,2024-11-21
146964,2024-11-21
146965,2024-11-21
146966,2024-11-21
146967,2024-11-21
146968,2024-11-21
146969,2024-11-21
146970,2024-11-21
146971,2024-11-21
146972,2024-11-21
146973,2024-11-21
146974,2024-11-21
146975,2024-11-21
146976,2024-11-21
146980,2024-11-21
146982,2024-11-21
146985,2024-11-21
146986,2024-11-21
146987,2024-11-21
146988,2024-11-21
146989,2024-11-21
146990,2024-11-21
146991,2024-11-21
146992,2024-11-21
146993,2024-11-21
146994,2024-11-21
146995,2024-11-21
146996,2024-11-21
146998,2024-11-21
146999,2024-11-21
147000,2024-11-21
147001,2024-11-21
147002,2024-11-21
147003,2024-11-21
147007,2024-11-21
147008,2024-11-21
147009,2024-11-21
147010,2024-11-21
147011,2024-11-22
147012,2024-11-22
147013,2024-11-22
147014,2024-11-22
147015,2024-11-22
147016,2024-11-22
147017,2024-11-22
147018,2024-11-22
147020,2024-11-22
147021,2024-11-22
147022,2024-11-22
147023,2024-11-22
147024,2024-11-22
147025,2024-11-22
147026,2024-11-22
147028,2024-11-22
147029,2024-11-22
147030,2024-11-22
147031,2024-11-22
147032,2024-11-22
147033,2024-11-22
147034,2024-11-22
147035,2024-11-22
147036,2024-11-22
147037,2024-11-22
147038,2024-11-22
147039,2024-11-22
147040,2024-11-22
147041,2024-11-22
147042,2024-11-22
147043,2024-11-22
147044,2024-11-22
147045,2024-11-22
147046,2024-11-22
147047,2024-11-22
147048,2024-11-22
147049,2024-11-22
147050,2024-11-22
147051,2024-11-22
147052,2024-11-22
147053,2024-12-09
147054,2024-12-09
147055,2024-12-09
147056,2024-12-09
147057,2024-12-09
147058,2024-12-09
147059,2024-12-09
147062,2024-12-10
147063,2024-12-10
147064,2024-12-10
147065,2024-12-10
147066,2024-12-10
147067,2024-12-10
147068,2024-12-10
147069,2024-12-10
147070,2024-12-10
147071,2024-12-10
147072,2024-12-11
147073,2024-12-11
147074,2024-12-12
147075,2024-12-12
147076,2024-12-12
147077,2024-12-12
147078,2024-12-12
147079,2024-12-12
147080,2024-12-12
147082,2024-12-13
147083,2024-12-13
147084,2024-12-13
147085,2024-12-13
147086,2024-12-13
147087,2024-12-13
147089,2024-12-13
147090,2024-12-13
147091,2024-12-13
147092,2024-12-13
147093,2024-12-13
147094,2024-12-13
147095,2024-12-13
147096,2024-12-13
147097,2024-12-13
147098,2024-12-13
147099,2024-12-13
147100,2024-12-13
147101,2024-12-13
147102,2024-12-13
147103,2024-12-13
147104,2024-12-13
147105,2024-12-13
147107,2024-12-13
147108,2024-12-13
147109,2024-12-13
147110,2024-12-13
147111,2024-12-13
147112,2024-12-13
147113,2024-12-13
147114,2024-12-13
147115,2024-12-13
147116,2024-12-13
147117,2024-12-13
147118,2024-12-13
147119,2024-12-13
147120,2024-12-13
147121,2024-12-13
147122,2024-12-13
147123,2024-12-13
147124,2024-12-13
147125,2024-12-13
147126,2024-12-13
147127,2024-12-13
147128,2024-12-13
147129,2024-12-13
147130,2024-12-13
147131,2024-12-13
147132,2024-12-13
147133,2024-12-13
147134,2024-12-13
147135,2024-12-13
147136,2024-12-13
147137,2024-12-13
147138,2024-12-13
147139,2024-12-13
147140,2024-12-13
147141,2024-12-13
147142,2024-12-13
147143,2024-12-13
147144,2024-12-13
147145,2024-12-13
147146,2024-12-13
147147,2024-12-13
147148,2024-12-13
147149,2024-12-13
147151,2024-12-13
147152,2024-12-13
147153,2024-12-13
147154,2024-12-14
147155,2024-12-14
147156,2024-12-14
147157,2024-12-14
147158,2024-12-14
147159,2024-12-14
147160,2024-12-14
147162,2024-12-14
147163,2024-12-14
147164,2024-12-14
147165,2024-12-14
147166,2024-12-14
147168,2024-12-14
147169,2024-12-14
147170,2024-12-14
147171,2024-12-14
147172,2024-12-14
147173,2024-12-14
147174,2024-12-14
147175,2024-12-14
147176,2024-12-14
147177,2024-12-14
147179,2024-12-14
147180,2024-12-14
147181,2024-12-14
147182,2024-12-14
147183,2024-12-14
147184,2024-12-14
147185,2024-12-14
147186,2024-12-14
147187,2024-12-14
147188,2024-12-14
147189,2024-12-14
147190,2024-12-14
147191,2024-12-14
147192,2024-12-14
147193,2024-12-14
147194,2024-12-14
147195,2024-12-14
147196,2024-12-14
147197,2024-12-14
147198,2024-12-14
147199,2024-12-14
147200,2024-12-14
147201,2024-12-14
147202,2024-12-14
147203,2024-12-14
147204,2024-12-14
147205,2024-12-14
147206,2024-12-14
147207,2024-12-14
147208,2024-12-14
147209,2024-12-14
147210,2024-12-14
147211,2024-12-14
147212,2024-12-14
147213,2024-12-14
147214,2024-12-14
147215,2024-12-14
147216,2024-12-14
147217,2024-12-14
147218,2024-12-14
147219,2024-12-14
147220,2024-12-14
147221,2024-12-14
147222,2024-12-14
147223,2024-12-14
147224,2024-12-14
147225,2024-12-14
147226,2024-12-14
147227,2024-12-14
147228,2024-12-14
147229,2024-12-14
147230,2024-12-14
147231,2024-12-14
147232,2024-12-14
147233,2024-12-14
147234,2024-12-14
147236,2024-12-14
147237,2024-12-14
147238,2024-12-14
147239,2024-12-14
147240,2024-12-14
147241,2024-12-14
147242,2024-12-14
147243,2024-12-14
147244,2024-12-14
147245,2024-12-14
147246,2024-12-14
147247,2024-12-14
147248,2024-12-14
147249,2024-12-14
147250,2024-12-14
147251,2024-12-14
147252,2024-12-14
147253,2024-12-14
147254,2024-12-14
147255,2024-12-14
147256,2024-12-14
147257,2024-12-14
147258,2024-12-14
147259,2024-12-14
147261,2024-12-14
147262,2024-12-14
147263,2024-12-14
147264,2024-12-14
147265,2024-12-14
147266,2024-12-14
147267,2024-12-14
147268,2024-12-14
147269,2024-12-14
147270,2024-12-14
147271,2024-12-14
147272,2024-12-14
147273,2024-12-14
147274,2024-12-14
147276,2024-12-14
147277,2024-12-14
147278,2024-12-14
147279,2024-12-14
147280,2024-12-14
147281,2024-12-14
147282,2024-12-14
147284,2024-12-14
147285,2024-12-14
147286,2024-12-14
147287,2024-12-14
147288,2024-12-14
147290,2024-12-14
147291,2024-12-14
147292,2024-12-14
147293,2024-12-14
147294,2024-12-14
147295,2024-12-14
147296,2024-12-14
147297,2024-12-14
147298,2024-12-14
147299,2024-12-14
147300,2024-12-14
147301,2024-12-14
147302,2024-12-14
147303,2024-12-14
147304,2024-12-14
147305,2024-12-14
147306,2024-12-14
147307,2024-12-15
147308,2024-12-15
147309,2024-12-15
147310,2024-12-15
147311,2024-12-15
147312,2024-12-15
147314,2024-12-15
147315,2024-12-15
147316,2024-12-15
147317,2024-12-15
147318,2024-12-15
147319,2024-12-15
147320,2024-12-15
147321,2024-12-15
147322,2024-12-15
147323,2024-12-15
147324,2024-12-15
147325,2024-12-15
147326,2024-12-15
147328,2024-12-15
147329,2024-12-15
147330,2024-12-15
147331,2024-12-15
147332,2024-12-15
147333,2024-12-15
147334,2024-12-15
147335,2024-12-15
147336,2024-12-15
147337,2024-12-15
147338,2024-12-15
147339,2024-12-15
147340,2024-12-15
147341,2024-12-15
147342,2024-12-15
147343,2024-12-15
147344,2024-12-15
147345,2024-12-15
147346,2024-12-15
147347,2024-12-15
147348,2024-12-15
147349,2024-12-15
147350,2024-12-15
147351,2024-12-15
147352,2024-12-15
147353,2024-12-15
147354,2024-12-15
147355,2024-12-15
147356,2024-12-15
147357,2024-12-15
147358,2024-12-15
147359,2024-12-15
147360,2024-12-15
147361,2024-12-15
147362,2024-12-15
147363,2024-12-15
147364,2024-12-15
147365,2024-12-15
147366,2024-12-15
147367,2024-12-15
147368,2024-12-15
147369,2024-12-15
147370,2024-12-15
147371,2024-12-15
147372,2024-12-15
147373,2024-12-15
147374,2024-12-15
147375,2024-12-15
147376,2024-12-15
147377,2024-12-15
147378,2024-12-15
147379,2024-12-15
147380,2024-12-15
147381,2024-12-15
147382,2024-12-15
147383,2024-12-15
147384,2024-12-15
147385,2024-12-15
147386,2024-12-15
147387,2024-12-15
147388,2024-12-15
147389,2024-12-15
147390,2024-12-15
147391,2024-12-15
147392,2024-12-15
147393,2024-12-15
147394,2024-12-15
147395,2024-12-15
147396,2024-12-15
147397,2024-12-15
147398,2024-12-15
147399,2024-12-15
147400,2024-12-15
147401,2024-12-15
147402,2024-12-15
147403,2024-12-15
147404,2024-12-15
147405,2024-12-15
147406,2024-12-15
147407,2024-12-15
147408,2024-12-15
147409,2024-12-15
147411,2024-12-15
147412,2024-12-15
147413,2024-12-15
147414,2024-12-15
147415,2024-12-15
147416,2024-12-15
147417,2024-12-15
147418,2024-12-15
147419,2024-12-15
147420,2024-12-15
147421,2024-12-15
147422,2024-12-15
147423,2024-12-16
147424,2024-12-16
147425,2024-12-16
147426,2024-12-16
147427,2024-12-16
147428,2024-12-16
147429,2024-12-16
147430,2024-12-16
147431,2024-12-16
147432,2024-12-16
147433,2024-12-16
147434,2024-12-16
147435,2024-12-16
147436,2024-12-16
147437,2024-12-16
147438,2024-12-16
147439,2024-12-16
147440,2024-12-16
147441,2024-12-16
147442,2024-12-16
147443,2024-12-16
147445,2024-12-16
147446,2024-12-16
147447,2024-12-16
147448,2024-12-16
147449,2024-12-16
147450,2024-12-16
147451,2024-12-16
147452,2024-12-16
147453,2024-12-16
147454,2024-12-16
147455,2024-12-16
147456,2024-12-16
147457,2024-12-16
147458,2024-12-16
147459,2024-12-16
147460,2024-12-16
147461,2024-12-16
147462,2024-12-16
147463,2024-12-16
147464,2024-12-16
147465,2024-12-16
147466,2024-12-16
147467,2024-12-16
147468,2024-12-16
147469,2024-12-16
147470,2024-12-16
147471,2024-12-16
147472,2024-12-16
147473,2024-12-16
147474,2024-12-16
147479,2024-12-16
147481,2024-12-16
147482,2024-12-16
147483,2024-12-16
147484,2024-12-16
147485,2024-12-16
147486,2024-12-16
147487,2024-12-16
147488,2024-12-16
147489,2024-12-16
147490,2024-12-16
147491,2024-12-16
147492,2024-12-16
147493,2024-12-16
147494,2024-12-16
147496,2024-12-16
147497,2024-12-16
147498,2024-12-16
147500,2024-12-16
147501,2024-12-16
147502,2024-12-16
147503,2024-12-16
147506,2024-12-16
147509,2024-12-16
147510,2024-12-16
147511,2024-12-16
147512,2024-12-16
147513,2024-12-16
147514,2024-12-16
147515,2024-12-16
147516,2024-12-16
147517,2024-12-16
147518,2024-12-16
147519,2024-12-16
147520,2024-12-16
147521,2024-12-16
147522,2024-12-16
147523,2024-12-16
147526,2024-12-16
147527,2024-12-16
147528,2024-12-16
147530,2024-12-16
147531,2024-12-16
147532,2024-12-16
147533,2024-12-16
147534,2024-12-16
147535,2024-12-16
147536,2024-12-16
147537,2024-12-16
147538,2024-12-16
147539,2024-12-16
147540,2024-12-16
147541,2024-12-16
147542,2024-12-16
147543,2024-12-16
147544,2024-12-16
147545,2024-12-16
147546,2024-12-16
147547,2024-12-16
147548,2024-12-16
147549,2024-12-16
147550,2024-12-16
147551,2024-12-16
147552,2024-12-16
147553,2024-12-16
147554,2024-12-16
147555,2024-12-16
147556,2024-12-16
147557,2024-12-16
147558,2024-12-16
147559,2024-12-16
147560,2024-12-16
147561,2024-12-16
147562,2024-12-16
147563,2024-12-16
147564,2024-12-16
147565,2024-12-16
147566,2024-12-16
147567,2024-12-16
147568,2024-12-16
147569,2024-12-16
147570,2024-12-16
147571,2024-12-16
147572,2024-12-16
147573,2024-12-16
147574,2024-12-16
147575,2024-12-16
147576,2024-12-16
147577,2024-12-16
147578,2024-12-16
147579,2024-12-16
147580,2024-12-16
147581,2024-12-17
147582,2024-12-17
147583,2024-12-17
147585,2024-12-17
147587,2024-12-17
147588,2024-12-17
147589,2024-12-17
147590,2024-12-17
147591,2024-12-17
147592,2024-12-17
147593,2024-12-17
147595,2024-12-17
147596,2024-12-17
147597,2024-12-17
147598,2024-12-17
147599,2024-12-17
147600,2024-12-17
147601,2024-12-17
147603,2024-12-17
147604,2024-12-17
147605,2024-12-17
147606,2024-12-17
147607,2024-12-17
147608,2024-12-17
147609,2024-12-17
147610,2024-12-17
147611,2024-12-17
147612,2024-12-17
147613,2024-12-17
147614,2024-12-17
147615,2024-12-17
147616,2024-12-17
147617,2024-12-17
147618,2024-12-17
147619,2024-12-17
147620,2024-12-17
147621,2024-12-17
147622,2024-12-17
147623,2024-12-17
147624,2024-12-17
147625,2024-12-17
147626,2024-12-17
147627,2024-12-17
147628,2024-12-17
147629,2024-12-17
147630,2024-12-17
147632,2024-12-17
147633,2024-12-17
147634,2024-12-17
147635,2024-12-17
147636,2024-12-17
147637,2024-12-17
147638,2024-12-17
147639,2024-12-17
147640,2024-12-17
147641,2024-12-17
147643,2024-12-17
147644,2024-12-17
147645,2024-12-17
147646,2024-12-17
147647,2024-12-17
147648,2024-12-17
147649,2024-12-17
147650,2024-12-17
147651,2024-12-17
147652,2024-12-17
147653,2024-12-17
147655,2024-12-17
147656,2024-12-17
147657,2024-12-17
147658,2024-12-17
147659,2024-12-17
147660,2024-12-17
147661,2024-12-17
147662,2024-12-17
147663,2024-12-17
147664,2024-12-17
147665,2024-12-17
147666,2024-12-17
147667,2024-12-17
147668,2024-12-17
147669,2024-12-17
147670,2024-12-17
147671,2024-12-17
147672,2024-12-17
147673,2024-12-17
147674,2024-12-17
147675,2024-12-17
147676,2024-12-17
147677,2024-12-17
147678,2024-12-17
147680,2024-12-17
147681,2024-12-17
147682,2024-12-17
147683,2024-12-17
147684,2024-12-17
147685,2024-12-17
147686,2024-12-17
147687,2024-12-18
147688,2024-12-18
147689,2024-12-18
147690,2024-12-18
147691,2024-12-18
147692,2024-12-18
147693,2024-12-18
147694,2024-12-18
147695,2024-12-18
147696,2024-12-18
147697,2024-12-18
147698,2024-12-18
147699,2024-12-18
147700,2024-12-18
147701,2024-12-18
147702,2024-12-18
147703,2024-12-18
147704,2024-12-18
147706,2024-12-18
147707,2024-12-18
147708,2024-12-18
147710,2024-12-18
147711,2024-12-18
147712,2024-12-18
147713,2024-12-18
147714,2024-12-18
147715,2024-12-18
147716,2024-12-18
147717,2024-12-18
147718,2024-12-18
147719,2024-12-18
147720,2024-12-18
147721,2024-12-18
147722,2024-12-18
147723,2024-12-18
147724,2024-12-18
147725,2024-12-18
147726,2024-12-18
147727,2024-12-18
147728,2024-12-18
147729,2024-12-18
147730,2024-12-18
147731,2024-12-18
147732,2024-12-18
147733,2024-12-18
147734,2024-12-18
147736,2024-12-18
147737,2024-12-18
147738,2024-12-18
147740,2024-12-18
147741,2024-12-18
147742,2024-12-18
147743,2024-12-18
147744,2024-12-18
147745,2024-12-18
147746,2024-12-18
147747,2024-12-18
147748,2024-12-18
147749,2024-12-18
147751,2024-12-18
147752,2024-12-18
147753,2024-12-18
147754,2024-12-18
147755,2024-12-18
147756,2024-12-18
147757,2024-12-18
147758,2024-12-18
147759,2024-12-18
147760,2024-12-18
147761,2024-12-18
147762,2024-12-18
147764,2024-12-18
147765,2024-12-18
147766,2024-12-18
147767,2024-12-18
147768,2024-12-18
147769,2024-12-18
147770,2024-12-18
147771,2024-12-18
147772,2024-12-18
147773,2024-12-18
147774,2024-12-18
147775,2024-12-18
147776,2024-12-18
147777,2024-12-18
147778,2024-12-18
147779,2024-12-18
147780,2024-12-18
147781,2024-12-18
147782,2024-12-18
147783,2024-12-18
147784,2024-12-18
147785,2024-12-18
147786,2024-12-18
147787,2024-12-18
147788,2024-12-18
147789,2024-12-18
147790,2024-12-18
147791,2024-12-18
147792,2024-12-18
147793,2024-12-19
147794,2024-12-19
147795,2024-12-19
147796,2024-12-19
147797,2024-12-19
147798,2024-12-19
147799,2024-12-19
147800,2024-12-19
147801,2024-12-19
147802,2024-12-19
147803,2024-12-19
147805,2024-12-19
147806,2024-12-19
147807,2024-12-19
147808,2024-12-19
147809,2024-12-19
147810,2024-12-19
147811,2024-12-19
147812,2024-12-19
147813,2024-12-19
147814,2024-12-19
147815,2024-12-19
147816,2024-12-19
147817,2024-12-19
147818,2024-12-19
147819,2024-12-19
147820,2024-12-19
147821,2024-12-19
147822,2024-12-19
147823,2024-12-19
147824,2024-12-19
147825,2024-12-19
147826,2024-12-19
147827,2024-12-19
147828,2024-12-19
147829,2024-12-19
147830,2024-12-19
147831,2024-12-19
147832,2024-12-19
147833,2024-12-19
147834,2024-12-19
147835,2024-12-19
147836,2024-12-19
147837,2024-12-19
147838,2024-12-19
147839,2024-12-19
147840,2024-12-19
147841,2024-12-19
147843,2024-12-19
147845,2024-12-19
147846,2024-12-19
147847,2024-12-19
147848,2024-12-19
147849,2024-12-19
147850,2024-12-19
147851,2024-12-19
147852,2024-12-19
147853,2024-12-19
147854,2024-12-19
147855,2024-12-19
147856,2024-12-19
147857,2024-12-19
147858,2024-12-19
147859,2024-12-19
147860,2024-12-19
147861,2024-12-19
147862,2024-12-19
147863,2024-12-19
147864,2024-12-19
147865,2024-12-19
147866,2024-12-20
147867,2024-12-20
147868,2024-12-20
147869,2024-12-20
147870,2024-12-20
147871,2024-12-20
147872,2024-12-20
147873,2024-12-20
147875,2024-12-20
147876,2024-12-20
147877,2024-12-20
147878,2024-12-20
147879,2024-12-20
147880,2024-12-20
147881,2024-12-20
147882,2024-12-20
147884,2024-12-20
147885,2024-12-20
147886,2024-12-20
147887,2024-12-20
147888,2024-12-20
147889,2024-12-20
147890,2024-12-20
147891,2024-12-20
147892,2024-12-20
147893,2024-12-20
147896,2024-12-20
147897,2024-12-20
147898,2024-12-20
147899,2024-12-20
147900,2024-12-20
147901,2024-12-20
147903,2024-12-20
147904,2024-12-20
147905,2024-12-20
147906,2024-12-20
147907,2024-12-20
147911,2024-12-20
147912,2024-12-20
147913,2024-12-20
147914,2024-12-20
147915,2024-12-20
147916,2024-12-20
147917,2024-12-20
147918,2024-12-20
147919,2024-12-20
147921,2024-12-20
147922,2024-12-20
147923,2024-12-20
147924,2024-12-20
147925,2024-12-20
147927,2024-12-20
147928,2024-12-20
147929,2024-12-20
147930,2024-12-20
147931,2024-12-20
147932,2024-12-20
147933,2024-12-20
147934,2024-12-20
147935,2024-12-20
147936,2024-12-20
147937,2024-12-20
147938,2024-12-20
147939,2024-12-20
147940,2024-12-20
147941,2024-12-20
147942,2024-12-20
147943,2024-12-20
147944,2024-12-20
147945,2024-12-20
147946,2024-12-20
147947,2024-12-20
147948,2024-12-20
147949,2024-12-20
147950,2024-12-20
147951,2024-12-20
147952,2024-12-20
147953,2024-12-20
147954,2024-12-20
147955,2024-12-20
147956,2024-12-20
147957,2024-12-20
147958,2024-12-20
147959,2024-12-20
147960,2024-12-20
147961,2024-12-20
147962,2024-12-20
147963,2024-12-20
147964,2024-12-21
147965,2024-12-21
147966,2024-12-21
147967,2024-12-21
147968,2024-12-21
147969,2024-12-21
147971,2024-12-21
147972,2024-12-21
147973,2024-12-21
147974,2024-12-21
147975,2024-12-21
147976,2024-12-21
147977,2024-12-21
147978,2024-12-21
147979,2024-12-21
147980,2024-12-21
147981,2024-12-21
147982,2024-12-21
147983,2024-12-21
147984,2024-12-21
147985,2024-12-21
147986,2024-12-21
147987,2024-12-21
147988,2024-12-21
147989,2024-12-21
147990,2024-12-21
147994,2024-12-21
147995,2024-12-21
147996,2024-12-21
147997,2024-12-21
147998,2024-12-21
147999,2024-12-21
148000,2024-12-21
148001,2024-12-21
148002,2024-12-21
148003,2024-12-21
148004,2024-12-21
148005,2024-12-21
148006,2024-12-21
148007,2024-12-21
148008,2024-12-21
148010,2024-12-21
148011,2024-12-21
148012,2024-12-21
148013,2024-12-21
148014,2024-12-21
148015,2024-12-21
148018,2024-12-21
148019,2024-12-21
148020,2024-12-21
148021,2024-12-21
148022,2024-12-21
148023,2024-12-21
148024,2024-12-21
148025,2024-12-21
148026,2024-12-21
148027,2024-12-21
148028,2024-12-21
148029,2024-12-21
148030,2024-12-21
148034,2024-12-21
148036,2024-12-21
148037,2024-12-21
148038,2024-12-21
148039,2024-12-21
148040,2024-12-21
148042,2024-12-21
148043,2024-12-21
148044,2024-12-21
148045,2024-12-21
148046,2024-12-21
148047,2024-12-21
148048,2024-12-23
148049,2024-12-23
148050,2024-12-23
148051,2024-12-23
148052,2024-12-23
148053,2024-12-23
148054,2024-12-23
148055,2024-12-23
148056,2024-12-23
148057,2024-12-23
148060,2024-12-23
148062,2024-12-23
148063,2024-12-23
148064,2024-12-23
148065,2024-12-23
148068,2024-12-23
148069,2024-12-23
148070,2024-12-23
148071,2024-12-23
148072,2024-12-23
148073,2024-12-23
148074,2024-12-23
148075,2024-12-23
148076,2024-12-23
148077,2024-12-23
148078,2024-12-23
148079,2024-12-23
148080,2024-12-23
148083,2024-12-23
148084,2024-12-23
148085,2024-12-23
148086,2024-12-23
148088,2024-12-23
148089,2024-12-23
148093,2024-12-23
148094,2024-12-23
148095,2024-12-23
148096,2024-12-23
148097,2024-12-23
148098,2024-12-23
148099,2024-12-23
148100,2024-12-23
148101,2024-12-23
148102,2024-12-23
148103,2024-12-23
148104,2024-12-23
148105,2024-12-23
148106,2024-12-23
148107,2024-12-23
148108,2024-12-23
148109,2024-12-23
148110,2024-12-23
148111,2024-12-23
148112,2024-12-23
148113,2024-12-23
148114,2024-12-23
148115,2024-12-23
148116,2024-12-23
148119,2024-12-23
148120,2024-12-23
148125,2024-12-23
148126,2024-12-23
148127,2024-12-23
148128,2024-12-23
148131,2024-12-23
148133,2024-12-23
148134,2024-12-23
148135,2024-12-23
148136,2024-12-23
148137,2024-12-23
148139,2024-12-23
148141,2024-12-23
148142,2024-12-23
148143,2024-12-23
148144,2024-12-23
148146,2024-12-23
148147,2024-12-23
148148,2024-12-23
148149,2024-12-24
148150,2024-12-24
148151,2024-12-24
148152,2024-12-24
148153,2024-12-24
148154,2024-12-24
148155,2024-12-24
148156,2024-12-24
148157,2024-12-24
148158,2024-12-24
148159,2024-12-24
148160,2024-12-24
148161,2024-12-24
148163,2024-12-24
148164,2024-12-24
148165,2024-12-24
148166,2024-12-24
148167,2024-12-24
148168,2024-12-24
148169,2024-12-24
148170,2024-12-24
148171,2024-12-24
148172,2024-12-24
148173,2024-12-24
148174,2024-12-24
148177,2024-12-24
148178,2024-12-24
148179,2024-12-24
148184,2024-12-24
148185,2024-12-24
148186,2024-12-24
148188,2024-12-24
148189,2024-12-24
148190,2024-12-24
148191,2024-12-24
148192,2024-12-24
148193,2024-12-24
148194,2024-12-24
148195,2024-12-24
148196,2024-12-24
148197,2024-12-24
148198,2024-12-24
148199,2024-12-24
148200,2024-12-24
148201,2024-12-24
148202,2024-12-24
148203,2024-12-24
148204,2024-12-24
148205,2024-12-24
148206,2024-12-24
148207,2024-12-24
148208,2024-12-24
148209,2024-12-24
148210,2024-12-24
148211,2024-12-24
148212,2024-12-24
148213,2024-12-24
148214,2024-12-24
148215,2024-12-24
148216,2024-12-24
148217,2024-12-24
148224,2024-12-24
148225,2024-12-24
148226,2024-12-24
148227,2024-12-24
148228,2024-12-24
148230,2024-12-24
148231,2024-12-24
148232,2024-12-24
148234,2024-12-24
148235,2024-12-24
148236,2024-12-24
148237,2024-12-24
148238,2024-12-24
148239,2024-12-24
148240,2024-12-24
148241,2024-12-24
148242,2024-12-24
148243,2024-12-24
148244,2024-12-24
148245,2024-12-24
148246,2024-12-24
148247,2024-12-24
148248,2024-12-24
148249,2024-12-25
148250,2024-12-25
148251,2024-12-25
148252,2024-12-25
148253,2024-12-25
148254,2024-12-25
148255,2024-12-25
148256,2024-12-25
148259,2024-12-25
148260,2024-12-25
148262,2024-12-25
148263,2024-12-25
148264,2024-12-25
148266,2024-12-25
148267,2024-12-25
148268,2024-12-25
148269,2024-12-25
148270,2024-12-25
148271,2024-12-25
148272,2024-12-25
148273,2024-12-25
148274,2024-12-25
148275,2024-12-25
148276,2024-12-25
148277,2024-12-25
148278,2024-12-25
148279,2024-12-25
148282,2024-12-25
148283,2024-12-25
148284,2024-12-25
148285,2024-12-25
148286,2024-12-25
148287,2024-12-25
148288,2024-12-25
148289,2024-12-25
148290,2024-12-25
148291,2024-12-25
148292,2024-12-25
148293,2024-12-25
148294,2024-12-25
148295,2024-12-25
148297,2024-12-25
148298,2024-12-25
148299,2024-12-25
148300,2024-12-25
148301,2024-12-25
148302,2024-12-25
148303,2024-12-25
148304,2024-12-25
148305,2024-12-25
148306,2024-12-25
148307,2024-12-25
148308,2024-12-25
148309,2024-12-25
148310,2024-12-25
148311,2024-12-25
148312,2024-12-25
148313,2024-12-25
148314,2024-12-25
148315,2024-12-25
148316,2024-12-25
148317,2024-12-25
148319,2024-12-25
148320,2024-12-25
148321,2024-12-25
148322,2024-12-25
148323,2024-12-25
148324,2024-12-25
148325,2024-12-25
148326,2024-12-25
148327,2024-12-25
148328,2024-12-25
148329,2024-12-25
148330,2024-12-25
148331,2024-12-25
148332,2024-12-25
148333,2024-12-25
148334,2024-12-25
148335,2024-12-25
148336,2024-12-25
148337,2024-12-25
148338,2024-12-25
148339,2024-12-25
148340,2024-12-25
148341,2024-12-25
148342,2024-12-25
148347,2024-12-25
148349,2024-12-25
148350,2024-12-25
148351,2024-12-26
148352,2024-12-26
148353,2024-12-26
148354,2024-12-26
148355,2024-12-26
148356,2024-12-26
148357,2024-12-26
148358,2024-12-26
148359,2024-12-26
148360,2024-12-26
148361,2024-12-26
148362,2024-12-26
148363,2024-12-26
148364,2024-12-26
148365,2024-12-26
148366,2024-12-26
148367,2024-12-26
148368,2024-12-26
148369,2024-12-26
148370,2024-12-26
148371,2024-12-26
148372,2024-12-26
148373,2024-12-26
148374,2024-12-26
148375,2024-12-26
148376,2024-12-26
148377,2024-12-26
148378,2024-12-26
148379,2024-12-26
148380,2024-12-26
148381,2024-12-26
148382,2024-12-26
148383,2024-12-26
148384,2024-12-26
148385,2024-12-26
148386,2024-12-26
148387,2024-12-26
148388,2024-12-26
148389,2024-12-26
148390,2024-12-26
148391,2024-12-26
148392,2024-12-26
148393,2024-12-26
148394,2024-12-26
148395,2024-12-26
148396,2024-12-26
148398,2024-12-26
148399,2024-12-26
148400,2024-12-26
148401,2024-12-26
148402,2024-12-26
148403,2024-12-26
148404,2024-12-26
148405,2024-12-26
148406,2024-12-26
148407,2024-12-26
148408,2024-12-26
148409,2024-12-26
148410,2024-12-26
148411,2024-12-26
148412,2024-12-26
148413,2024-12-26
148414,2024-12-26
148415,2024-12-26
148416,2024-12-26
148417,2024-12-26
148418,2024-12-26
148419,2024-12-26
148420,2024-12-26
148421,2024-12-26
148422,2024-12-26
148423,2024-12-26
148424,2024-12-26
148425,2024-12-26
148427,2024-12-26
148428,2024-12-26
148429,2024-12-26
148430,2024-12-26
148431,2024-12-26
148432,2024-12-26
148433,2024-12-26
148434,2024-12-26
148435,2024-12-26
148436,2024-12-26
148438,2024-12-26
148440,2024-12-26
148442,2024-12-26
148443,2024-12-26
148444,2024-12-26
148445,2024-12-26
148447,2024-12-26
148448,2024-12-26
148449,2024-12-26
148450,2024-12-26
148451,2024-12-26
148452,2024-12-27
148453,2024-12-27
148454,2024-12-27
148455,2024-12-27
148456,2024-12-27
148457,2024-12-27
148458,2024-12-27
148459,2024-12-27
148461,2024-12-27
148462,2024-12-27
148463,2024-12-27
148464,2024-12-27
148465,2024-12-27
148466,2024-12-27
148467,2024-12-27
148468,2024-12-27
148469,2024-12-27
148470,2024-12-27
148471,2024-12-27
148472,2024-12-27
148473,2024-12-27
148474,2024-12-27
148475,2024-12-27
148476,2024-12-27
148477,2024-12-27
148478,2024-12-27
148479,2024-12-27
148480,2024-12-27
148481,2024-12-27
148482,2024-12-27
148483,2024-12-27
148484,2024-12-27
148485,2024-12-27
148486,2024-12-27
148487,2024-12-27
148488,2024-12-27
148489,2024-12-27
148491,2024-12-27
148492,2024-12-27
148493,2024-12-27
148494,2024-12-27
148495,2024-12-27
148496,2024-12-27
148497,2024-12-27
148499,2024-12-27
148503,2024-12-27
148504,2024-12-27
148505,2024-12-27
148506,2024-12-27
148507,2024-12-27
148508,2024-12-27
148509,2024-12-27
148510,2024-12-27
148511,2024-12-27
148512,2024-12-27
148513,2024-12-27
148514,2024-12-27
148517,2024-12-27
148518,2024-12-27
148519,2024-12-27
148521,2024-12-27
148522,2024-12-27
148523,2024-12-27
148524,2024-12-27
148525,2024-12-27
148527,2024-12-27
148528,2024-12-27
148529,2024-12-27
148530,2024-12-27
148531,2024-12-27
148532,2024-12-27
148533,2024-12-27
148534,2024-12-27
148535,2024-12-27
148536,2024-12-27
148537,2024-12-27
148538,2024-12-27
148539,2024-12-27
148540,2024-12-27
148541,2024-12-27
148542,2024-12-27
148543,2024-12-27
148544,2024-12-27
148546,2024-12-27
148547,2024-12-27
148548,2024-12-27
148549,2024-12-27
148550,2024-12-27
148551,2024-12-27
148552,2024-12-27
148553,2024-12-28
148555,2024-12-28
148556,2024-12-28
148557,2024-12-28
148558,2024-12-28
148559,2024-12-28
148560,2024-12-28
148561,2024-12-28
148562,2024-12-28
148563,2024-12-28
148564,2024-12-28
148565,2024-12-28
148566,2024-12-28
148567,2024-12-28
148568,2024-12-28
148569,2024-12-28
148570,2024-12-28
148571,2024-12-28
148572,2024-12-28
148574,2024-12-28
148575,2024-12-28
148576,2024-12-28
148577,2024-12-28
148578,2024-12-28
148579,2024-12-28
148580,2024-12-28
148581,2024-12-28
148582,2024-12-28
148583,2024-12-28
148584,2024-12-28
148585,2024-12-28
148586,2024-12-28
148587,2024-12-28
148588,2024-12-28
148589,2024-12-28
148590,2024-12-28
148592,2024-12-28
148593,2024-12-28
148595,2024-12-28
148596,2024-12-28
148597,2024-12-28
148598,2024-12-28
148599,2024-12-28
148600,2024-12-28
148601,2024-12-28
148602,2024-12-28
148603,2024-12-28
148604,2024-12-28
148605,2024-12-28
148606,2024-12-28
148608,2024-12-28
148609,2024-12-28
148610,2024-12-28
148611,2024-12-28
148612,2024-12-28
148613,2024-12-28
148614,2024-12-28
148615,2024-12-28
148616,2024-12-28
148617,2024-12-28
148618,2024-12-28
148619,2024-12-28
148620,2024-12-28
148621,2024-12-28
148622,2024-12-28
148623,2024-12-28
148624,2024-12-28
148625,2024-12-28
148626,2024-12-28
148627,2024-12-28
148629,2024-12-28
148630,2024-12-28
148631,2024-12-28
148632,2024-12-28
148634,2024-12-28
148635,2024-12-28
148636,2024-12-28
148637,2024-12-28
148638,2024-12-28
148639,2024-12-28
148640,2024-12-28
148641,2024-12-28
148642,2024-12-28
148643,2024-12-28
148645,2024-12-29
148646,2024-12-29
148647,2024-12-29
148648,2024-12-29
148649,2024-12-29
148650,2024-12-29
148651,2024-12-29
148652,2024-12-29
148653,2024-12-29
148654,2024-12-29
148655,2024-12-29
148656,2024-12-29
148657,2024-12-29
148658,2024-12-29
148659,2024-12-29
148660,2024-12-29
148661,2024-12-29
148662,2024-12-29
148663,2024-12-29
148664,2024-12-29
148665,2024-12-29
148666,2024-12-29
148667,2024-12-29
148668,2024-12-29
148669,2024-12-29
148670,2024-12-29
148672,2024-12-29
148673,2024-12-29
148674,2024-12-29
148677,2024-12-29
148678,2024-12-29
148680,2024-12-29
148682,2024-12-29
148684,2024-12-29
148685,2024-12-29
148686,2024-12-29
148690,2024-12-29
148693,2024-12-29
148694,2024-12-29
148697,2024-12-29
148700,2024-12-29
148701,2024-12-29
148707,2024-12-29
148711,2024-12-29
148712,2024-12-29
148714,2024-12-29
148715,2024-12-29
148716,2024-12-29
148717,2024-12-29
148720,2024-12-29
148722,2024-12-29
148723,2024-12-29
148725,2024-12-29
148726,2024-12-29
148727,2024-12-29
148728,2024-12-29
148729,2024-12-29
148732,2024-12-29
148734,2024-12-29
148735,2024-12-29
148737,2024-12-29
148738,2024-12-29
148740,2024-12-29
148741,2024-12-29
148742,2024-12-29
148743,2024-12-29
148744,2024-12-29
148745,2024-12-29
148746,2024-12-29
148747,2024-12-29
148748,2024-12-29
148749,2024-12-29
148750,2024-12-30
148751,2024-12-30
148752,2024-12-30
148753,2024-12-30
148754,2024-12-30
148755,2024-12-30
148757,2024-12-30
148758,2024-12-30
148759,2024-12-30
148760,2024-12-30
148761,2024-12-30
148762,2024-12-30
148763,2024-12-30
148764,2024-12-30
148765,2024-12-30
148766,2024-12-30
148768,2024-12-30
148769,2024-12-30
148770,2024-12-30
148772,2024-12-30
148773,2024-12-30
148774,2024-12-30
148776,2024-12-30
148777,2024-12-30
148778,2024-12-30
148780,2024-12-30
148781,2024-12-30
148782,2024-12-30
148783,2024-12-30
148787,2024-12-30
148788,2024-12-30
148789,2024-12-30
148791,2024-12-30
148792,2024-12-30
148793,2024-12-30
148795,2024-12-30
148796,2024-12-30
148802,2024-12-30
148803,2024-12-30
148804,2024-12-30
148805,2024-12-30
148811,2024-12-30
148812,2024-12-30
148813,2024-12-30
148814,2024-12-30
148815,2024-12-30
148816,2024-12-30
148817,2024-12-30
148818,2024-12-30
148819,2024-12-30
148821,2024-12-30
148822,2024-12-30
148824,2024-12-30
148826,2024-12-30
148827,2024-12-30
148828,2024-12-30
148829,2024-12-30
148830,2024-12-30
148831,2024-12-30
148832,2024-12-30
148833,2024-12-30
148834,2024-12-30
148835,2024-12-30
148836,2024-12-30
148837,2024-12-30
148838,2024-12-30
148839,2024-12-30
148840,2024-12-30
148841,2024-12-30
148842,2024-12-30
148843,2024-12-30
148845,2024-12-30
148847,2024-12-31
148848,2024-12-31
148849,2024-12-31
148850,2024-12-31
148851,2024-12-31
148852,2024-12-31
148853,2024-12-31
148854,2024-12-31
148855,2024-12-31
148856,2024-12-31
148857,2024-12-31
148858,2024-12-31
148859,2024-12-31
148860,2024-12-31
148861,2024-12-31
148862,2024-12-31
148863,2024-12-31
148864,2024-12-31
148865,2024-12-31
148866,2024-12-31
148867,2024-12-31
148868,2024-12-31
148869,2024-12-31
148871,2024-12-31
148872,2024-12-31
148873,2024-12-31
148874,2024-12-31
148875,2024-12-31
148876,2024-12-31
148877,2024-12-31
148878,2024-12-31
148881,2024-12-31
148882,2024-12-31
148884,2024-12-31
148885,2024-12-31
148886,2024-12-31
148887,2024-12-31
148888,2024-12-31
148889,2024-12-31
148890,2024-12-31
148891,2024-12-31
148894,2024-12-31
148895,2024-12-31
148897,2024-12-31
148898,2024-12-31
148899,2024-12-31
148900,2024-12-31
148901,2024-12-31
148902,2024-12-31
148903,2024-12-31
148904,2024-12-31
148906,2024-12-31
148907,2024-12-31
148909,2024-12-31
148911,2024-12-31
148912,2024-12-31
148913,2024-12-31
148914,2024-12-31
148915,2024-12-31
148916,2024-12-31
148917,2024-12-31
148918,2024-12-31
148921,2024-12-31
148922,2024-12-31
148923,2024-12-31
148924,2024-12-31
148925,2024-12-31
148926,2024-12-31
148927,2024-12-31
148928,2024-12-31
148929,2024-12-31
148930,2024-12-31
148931,2024-12-31
148932,2024-12-31
148934,2025-01-01
148935,2025-01-01
148936,2025-01-01
148937,2025-01-01
148938,2025-01-01
148939,2025-01-01
148942,2025-01-01
148943,2025-01-01
148944,2025-01-01
148945,2025-01-01
148946,2025-01-01
148947,2025-01-01
148948,2025-01-01
148949,2025-01-01
148950,2025-01-01
148951,2025-01-01
148952,2025-01-01
148955,2025-01-01
148956,2025-01-01
148957,2025-01-01
148958,2025-01-01
148961,2025-01-01
148962,2025-01-01
148963,2025-01-01
148964,2025-01-01
148965,2025-01-01
148966,2025-01-01
148967,2025-01-01
148968,2025-01-01
148969,2025-01-01
148970,2025-01-01
148971,2025-01-01
148972,2025-01-01
148973,2025-01-01
148974,2025-01-01
148975,2025-01-01
148977,2025-01-01
148979,2025-01-01
148980,2025-01-01
148981,2025-01-01
148982,2025-01-01
148984,2025-01-01
148985,2025-01-01
148986,2025-01-01
148989,2025-01-01
148990,2025-01-01
148991,2025-01-01
148992,2025-01-01
148993,2025-01-01
148994,2025-01-01
148995,2025-01-01
148996,2025-01-01
148997,2025-01-01
148998,2025-01-01
148999,2025-01-01
149000,2025-01-01
149001,2025-01-01
149002,2025-01-01
149003,2025-01-01
149004,2025-01-01
149006,2025-01-01
149007,2025-01-01
149008,2025-01-01
149009,2025-01-01
149010,2025-01-01
149011,2025-01-01
149012,2025-01-01
149016,2025-01-01
149017,2025-01-01
149019,2025-01-01
149020,2025-01-01
149021,2025-01-01
149022,2025-01-01
149023,2025-01-01
149024,2025-01-01
149025,2025-01-01
149026,2025-01-01
149027,2025-01-01
149028,2025-01-01
149030,2025-01-01
149031,2025-01-01
149033,2025-01-01
149035,2025-01-01
149036,2025-01-02
149037,2025-01-02
149038,2025-01-02
149039,2025-01-02
149040,2025-01-02
149041,2025-01-02
149042,2025-01-02
149043,2025-01-02
149044,2025-01-02
149045,2025-01-02
149046,2025-01-02
149047,2025-01-02
149048,2025-01-02
149049,2025-01-02
149050,2025-01-02
149051,2025-01-02
149052,2025-01-02
149053,2025-01-02
149054,2025-01-02
149055,2025-01-02
149056,2025-01-02
149057,2025-01-02
149058,2025-01-02
149059,2025-01-02
149060,2025-01-02
149061,2025-01-02
149062,2025-01-02
149063,2025-01-02
149064,2025-01-02
149065,2025-01-02
149066,2025-01-02
149067,2025-01-02
149068,2025-01-02
149069,2025-01-02
149070,2025-01-02
149071,2025-01-02
149073,2025-01-02
149075,2025-01-02
149079,2025-01-02
149082,2025-01-02
149083,2025-01-02
149085,2025-01-02
149086,2025-01-02
149087,2025-01-02
149088,2025-01-02
149089,2025-01-02
149090,2025-01-02
149091,2025-01-02
149092,2025-01-02
149093,2025-01-02
149095,2025-01-02
149096,2025-01-02
149097,2025-01-02
149098,2025-01-02
149100,2025-01-02
149101,2025-01-02
149102,2025-01-02
149103,2025-01-02
149104,2025-01-02
149105,2025-01-02
149106,2025-01-02
149107,2025-01-02
149108,2025-01-02
149109,2025-01-02
149110,2025-01-02
149111,2025-01-02
149112,2025-01-02
149113,2025-01-02
149114,2025-01-02
149115,2025-01-02
149116,2025-01-02
149117,2025-01-02
149118,2025-01-02
149119,2025-01-02
149121,2025-01-03
149122,2025-01-03
149123,2025-01-03
149124,2025-01-03
149125,2025-01-03
149126,2025-01-03
149127,2025-01-03
149128,2025-01-03
149129,2025-01-03
149130,2025-01-03
149131,2025-01-03
149132,2025-01-03
149133,2025-01-03
149134,2025-01-03
149135,2025-01-03
149136,2025-01-03
149137,2025-01-03
149138,2025-01-03
149139,2025-01-03
149140,2025-01-03
149141,2025-01-03
149142,2025-01-03
149143,2025-01-03
149144,2025-01-03
149145,2025-01-03
149146,2025-01-03
149147,2025-01-03
149148,2025-01-03
149149,2025-01-03
149150,2025-01-03
149151,2025-01-03
149152,2025-01-03
149153,2025-01-03
149154,2025-01-03
149155,2025-01-03
149156,2025-01-03
149157,2025-01-03
149158,2025-01-03
149159,2025-01-03
149160,2025-01-03
149162,2025-01-03
149163,2025-01-03
149164,2025-01-03
149165,2025-01-03
149167,2025-01-03
149168,2025-01-03
149169,2025-01-03
149170,2025-01-03
149172,2025-01-03
149173,2025-01-03
149174,2025-01-03
149175,2025-01-03
149176,2025-01-03
149177,2025-01-03
149178,2025-01-03
149179,2025-01-03
149180,2025-01-03
149181,2025-01-03
149182,2025-01-03
149183,2025-01-03
149184,2025-01-03
149185,2025-01-03
149186,2025-01-03
149187,2025-01-03
149188,2025-01-03
149189,2025-01-03
149190,2025-01-03
149191,2025-01-03
149192,2025-01-03
149193,2025-01-03
149194,2025-01-04
149195,2025-01-04
149196,2025-01-04
149197,2025-01-04
149198,2025-01-04
149199,2025-01-04
149200,2025-01-04
149201,2025-01-04
149202,2025-01-04
149203,2025-01-04
149204,2025-01-04
149205,2025-01-04
149206,2025-01-04
149207,2025-01-04
149208,2025-01-04
149209,2025-01-04
149210,2025-01-04
149211,2025-01-04
149212,2025-01-04
149213,2025-01-04
149214,2025-01-04
149215,2025-01-04
149216,2025-01-04
149217,2025-01-04
149218,2025-01-04
149219,2025-01-04
149220,2025-01-04
149221,2025-01-04
149222,2025-01-04
149223,2025-01-04
149224,2025-01-04
149225,2025-01-04
149226,2025-01-04
149227,2025-01-04
149228,2025-01-04
149229,2025-01-04
149230,2025-01-04
149231,2025-01-04
149232,2025-01-04
149234,2025-01-04
149235,2025-01-04
149236,2025-01-04
149237,2025-01-04
149238,2025-01-04
149239,2025-01-04
149240,2025-01-04
149241,2025-01-04
149242,2025-01-04
149243,2025-01-04
149244,2025-01-04
149250,2025-01-04
149256,2025-01-04
149257,2025-01-04
149258,2025-01-04
149259,2025-01-04
149261,2025-01-04
149262,2025-01-04
149263,2025-01-04
149266,2025-01-04
149268,2025-01-04
149269,2025-01-04
149271,2025-01-04
149272,2025-01-04
149275,2025-01-04
149277,2025-01-04
149278,2025-01-04
149281,2025-01-04
149282,2025-01-04
149284,2025-01-04
149285,2025-01-04
149286,2025-01-04
149287,2025-01-06
149288,2025-01-06
149289,2025-01-06
149290,2025-01-06
149291,2025-01-06
149292,2025-01-06
149293,2025-01-06
149295,2025-01-06
149296,2025-01-06
149297,2025-01-06
149298,2025-01-06
149299,2025-01-06
149300,2025-01-06
149301,2025-01-06
149302,2025-01-06
149303,2025-01-06
149304,2025-01-06
149305,2025-01-06
149306,2025-01-06
149307,2025-01-06
149308,2025-01-06
149309,2025-01-06
149310,2025-01-06
149311,2025-01-06
149312,2025-01-06
149313,2025-01-06
149314,2025-01-06
149315,2025-01-06
149316,2025-01-06
149317,2025-01-06
149318,2025-01-06
149319,2025-01-06
149320,2025-01-06
149321,2025-01-06
149322,2025-01-06
149323,2025-01-06
149324,2025-01-06
149325,2025-01-06
149326,2025-01-06
149327,2025-01-06
149328,2025-01-06
149330,2025-01-06
149331,2025-01-06
149332,2025-01-06
149333,2025-01-06
149335,2025-01-06
149337,2025-01-06
149338,2025-01-06
149339,2025-01-06
149340,2025-01-06
149341,2025-01-06
149342,2025-01-06
149343,2025-01-06
149344,2025-01-06
149345,2025-01-06
149346,2025-01-06
149347,2025-01-06
149348,2025-01-06
149349,2025-01-06
149350,2025-01-06
149351,2025-01-06
149352,2025-01-06
149353,2025-01-06
149354,2025-01-06
149355,2025-01-06
149356,2025-01-06
149357,2025-01-06
149358,2025-01-06
149359,2025-01-07
149360,2025-01-07
149361,2025-01-07
149362,2025-01-07
149363,2025-01-07
149364,2025-01-07
149365,2025-01-07
149368,2025-01-07
149369,2025-01-07
149370,2025-01-07
149371,2025-01-07
149372,2025-01-07
149373,2025-01-07
149374,2025-01-07
149375,2025-01-07
149376,2025-01-07
149378,2025-01-07
149379,2025-01-07
149380,2025-01-07
149381,2025-01-07
149382,2025-01-07
149383,2025-01-07
149384,2025-01-07
149385,2025-01-07
149387,2025-01-07
149388,2025-01-07
149392,2025-01-07
149393,2025-01-07
149394,2025-01-07
149395,2025-01-07
149397,2025-01-07
149399,2025-01-07
149400,2025-01-07
149402,2025-01-07
149403,2025-01-07
149404,2025-01-07
149405,2025-01-07
149406,2025-01-07
149408,2025-01-07
149409,2025-01-07
149410,2025-01-07
149411,2025-01-07
149412,2025-01-07
149415,2025-01-07
149416,2025-01-07
149417,2025-01-07
149418,2025-01-07
149419,2025-01-07
149421,2025-01-07
149422,2025-01-07
149423,2025-01-07
149424,2025-01-07
149426,2025-01-07
149427,2025-01-07
149428,2025-01-07
149429,2025-01-07
149431,2025-01-07
149432,2025-01-07
149433,2025-01-07
149434,2025-01-07
149435,2025-01-07
149436,2025-01-07
149439,2025-01-07
149440,2025-01-07
149441,2025-01-08
149442,2025-01-08
149443,2025-01-08
149446,2025-01-08
149447,2025-01-08
149449,2025-01-08
149450,2025-01-08
149451,2025-01-08
149452,2025-01-08
149453,2025-01-08
149455,2025-01-08
149456,2025-01-08
149457,2025-01-08
149458,2025-01-08
149459,2025-01-08
149460,2025-01-08
149461,2025-01-08
149462,2025-01-08
149463,2025-01-08
149464,2025-01-08
149465,2025-01-08
149466,2025-01-08
149467,2025-01-08
149468,2025-01-08
149469,2025-01-08
149470,2025-01-08
149471,2025-01-08
149472,2025-01-08
149473,2025-01-08
149474,2025-01-08
149475,2025-01-08
149478,2025-01-08
149479,2025-01-08
149480,2025-01-08
149482,2025-01-08
149483,2025-01-08
149484,2025-01-08
149485,2025-01-08
149486,2025-01-08
149487,2025-01-08
149488,2025-01-08
149489,2025-01-08
149491,2025-01-08
149492,2025-01-08
149493,2025-01-08
149494,2025-01-08
149497,2025-01-08
149498,2025-01-08
149499,2025-01-08
149500,2025-01-08
149501,2025-01-08
149503,2025-01-08
149507,2025-01-08
149510,2025-01-08
149516,2025-01-08
149519,2025-01-08
149520,2025-01-08
149521,2025-01-08
149522,2025-01-08
149523,2025-01-08
149524,2025-01-08
149526,2025-01-08
149528,2025-01-08
149531,2025-01-09
149533,2025-01-09
149534,2025-01-09
149535,2025-01-09
149536,2025-01-09
149537,2025-01-09
149538,2025-01-09
149539,2025-01-09
149540,2025-01-09
149541,2025-01-09
149542,2025-01-09
149543,2025-01-09
149544,2025-01-09
149545,2025-01-09
149546,2025-01-09
149547,2025-01-09
149548,2025-01-09
149549,2025-01-09
149550,2025-01-09
149551,2025-01-09
149552,2025-01-09
149553,2025-01-09
149554,2025-01-09
149555,2025-01-09
149556,2025-01-09
149557,2025-01-09
149558,2025-01-09
149559,2025-01-09
149560,2025-01-09
149561,2025-01-09
149562,2025-01-09
149563,2025-01-09
149565,2025-01-09
149566,2025-01-09
149567,2025-01-09
149568,2025-01-09
149570,2025-01-09
149571,2025-01-09
149572,2025-01-09
149573,2025-01-09
149574,2025-01-09
149575,2025-01-09
149576,2025-01-09
149577,2025-01-09
149578,2025-01-09
149580,2025-01-09
149581,2025-01-09
149582,2025-01-09
149583,2025-01-09
149584,2025-01-09
149585,2025-01-09
149586,2025-01-09
149587,2025-01-09
149588,2025-01-09
149589,2025-01-09
149590,2025-01-09
149591,2025-01-09
149592,2025-01-09
149593,2025-01-09
149594,2025-01-09
149595,2025-01-09
149596,2025-01-09
149597,2025-01-09
149598,2025-01-09
149599,2025-01-09
149600,2025-01-09
149601,2025-01-09
149602,2025-01-09
149603,2025-01-09
149604,2025-01-09
149605,2025-01-09
149606,2025-01-09
149607,2025-01-09
149608,2025-01-09
149609,2025-01-09
149610,2025-01-09
149611,2025-01-09
149612,2025-01-09
149613,2025-01-09
149614,2025-01-09
149615,2025-01-09
149616,2025-01-09
149617,2025-01-09
149618,2025-01-09
149619,2025-01-09
149620,2025-01-09
149621,2025-01-10
149622,2025-01-10
149623,2025-01-10
149624,2025-01-10
149625,2025-01-10
149626,2025-01-10
149627,2025-01-10
149628,2025-01-10
149629,2025-01-10
149630,2025-01-10
149631,2025-01-10
149632,2025-01-10
149635,2025-01-10
149636,2025-01-10
149637,2025-01-10
149638,2025-01-10
149639,2025-01-10
149640,2025-01-10
149641,2025-01-10
149642,2025-01-10
149643,2025-01-10
149644,2025-01-10
149645,2025-01-10
149646,2025-01-10
149647,2025-01-10
149648,2025-01-10
149649,2025-01-10
149650,2025-01-10
149651,2025-01-10
149652,2025-01-10
149653,2025-01-10
149654,2025-01-10
149655,2025-01-10
149656,2025-01-10
149657,2025-01-10
149658,2025-01-10
149659,2025-01-10
149660,2025-01-10
149661,2025-01-10
149662,2025-01-10
149664,2025-01-10
149666,2025-01-10
149667,2025-01-10
149669,2025-01-10
149671,2025-01-10
149672,2025-01-10
149674,2025-01-10
149675,2025-01-10
149676,2025-01-10
149677,2025-01-10
149678,2025-01-10
149679,2025-01-10
149681,2025-01-10
149682,2025-01-10
149683,2025-01-10
149684,2025-01-10
149685,2025-01-10
149687,2025-01-10
149688,2025-01-10
149689,2025-01-10
149691,2025-01-10
149692,2025-01-10
149696,2025-01-10
149698,2025-01-10
149699,2025-01-10
149700,2025-01-10
149701,2025-01-10
149702,2025-01-10
149703,2025-01-10
149704,2025-01-11
149705,2025-01-11
149706,2025-01-11
149707,2025-01-11
149711,2025-01-11
149712,2025-01-11
149713,2025-01-11
149714,2025-01-11
149716,2025-01-11
149717,2025-01-11
149718,2025-01-11
149719,2025-01-11
149720,2025-01-11
149721,2025-01-11
149722,2025-01-11
149723,2025-01-11
149724,2025-01-11
149725,2025-01-11
149726,2025-01-11
149727,2025-01-11
149728,2025-01-11
149729,2025-01-11
149730,2025-01-11
149731,2025-01-11
149732,2025-01-11
149733,2025-01-11
149734,2025-01-11
149735,2025-01-11
149736,2025-01-11
149739,2025-01-11
149741,2025-01-11
149743,2025-01-11
149744,2025-01-11
149745,2025-01-11
149746,2025-01-11
149747,2025-01-11
149748,2025-01-11
149749,2025-01-11
149750,2025-01-11
149754,2025-01-11
149755,2025-01-11
149756,2025-01-11
149757,2025-01-11
149758,2025-01-11
149759,2025-01-11
149760,2025-01-11
149761,2025-01-11
149762,2025-01-11
149763,2025-01-11
149764,2025-01-11
149765,2025-01-11
149766,2025-01-11
149767,2025-01-11
149768,2025-01-11
149769,2025-01-11
149770,2025-01-11
149771,2025-01-11
149774,2025-01-11
149776,2025-01-11
149778,2025-01-11
149779,2025-01-11
149780,2025-01-11
149781,2025-01-11
149782,2025-01-11
149783,2025-01-11
149784,2025-01-11
149785,2025-01-11
149786,2025-01-11
149787,2025-01-11
149788,2025-01-11
149790,2025-01-11
149791,2025-01-11
149792,2025-01-11
149793,2025-01-11
149794,2025-01-11
149795,2025-01-11
149796,2025-01-11
149797,2025-01-12
149798,2025-01-12
149799,2025-01-12
149800,2025-01-12
149801,2025-01-12
149802,2025-01-12
149803,2025-01-12
149804,2025-01-12
149805,2025-01-12
149806,2025-01-12
149807,2025-01-12
149808,2025-01-12
149809,2025-01-12
149811,2025-01-12
149812,2025-01-12
149813,2025-01-12
149814,2025-01-12
149815,2025-01-12
149816,2025-01-12
149817,2025-01-12
149818,2025-01-12
149819,2025-01-12
149820,2025-01-12
149821,2025-01-12
149822,2025-01-12
149824,2025-01-12
149825,2025-01-12
149826,2025-01-12
149827,2025-01-12
149828,2025-01-12
149829,2025-01-12
149830,2025-01-12
149831,2025-01-12
149832,2025-01-12
149833,2025-01-12
149835,2025-01-12
149836,2025-01-12
149837,2025-01-12
149838,2025-01-12
149839,2025-01-12
149840,2025-01-12
149841,2025-01-12
149842,2025-01-12
149843,2025-01-12
149844,2025-01-12
149846,2025-01-12
149847,2025-01-12
149848,2025-01-12
149849,2025-01-12
149850,2025-01-12
149851,2025-01-12
149852,2025-01-12
149853,2025-01-12
149854,2025-01-12
149855,2025-01-12
149856,2025-01-12
149857,2025-01-12
149858,2025-01-12
149859,2025-01-12
149860,2025-01-12
149861,2025-01-12
149862,2025-01-12
149863,2025-01-12
149864,2025-01-12
149865,2025-01-12
149866,2025-01-12
149867,2025-01-12
149868,2025-01-12
149869,2025-01-12
149870,2025-01-12
149871,2025-01-13
149872,2025-01-13
149873,2025-01-13
149874,2025-01-13
149875,2025-01-13
149876,2025-01-13
149877,2025-01-13
149878,2025-01-13
149879,2025-01-13
149880,2025-01-13
149881,2025-01-13
149882,2025-01-13
149883,2025-01-13
149884,2025-01-13
149885,2025-01-13
149886,2025-01-13
149887,2025-01-13
149888,2025-01-13
149891,2025-01-13
149892,2025-01-13
149893,2025-01-13
149894,2025-01-13
149895,2025-01-13
149896,2025-01-13
149897,2025-01-13
149898,2025-01-13
149899,2025-01-13
149900,2025-01-13
149901,2025-01-13
149902,2025-01-13
149903,2025-01-13
149904,2025-01-13
149905,2025-01-13
149906,2025-01-13
149907,2025-01-13
149908,2025-01-13
149909,2025-01-13
149910,2025-01-13
149911,2025-01-13
149912,2025-01-13
149913,2025-01-13
149914,2025-01-13
149915,2025-01-13
149916,2025-01-13
149918,2025-01-13
149919,2025-01-13
149920,2025-01-13
149921,2025-01-13
149922,2025-01-13
149923,2025-01-13
149924,2025-01-13
149925,2025-01-13
149926,2025-01-13
149927,2025-01-13
149928,2025-01-13
149929,2025-01-13
149930,2025-01-13
149931,2025-01-13
149932,2025-01-13
149934,2025-01-13
149935,2025-01-13
149936,2025-01-13
149937,2025-01-13
149938,2025-01-13
149939,2025-01-13
149940,2025-01-13
149941,2025-01-13
149943,2025-01-13
149945,2025-01-14
149946,2025-01-14
149947,2025-01-14
149948,2025-01-14
149949,2025-01-14
149950,2025-01-14
149951,2025-01-14
149952,2025-01-14
149953,2025-01-14
149954,2025-01-14
149955,2025-01-14
149956,2025-01-14
149957,2025-01-14
149958,2025-01-14
149960,2025-01-14
149961,2025-01-14
149962,2025-01-14
149963,2025-01-14
149964,2025-01-14
149965,2025-01-14
149966,2025-01-14
149967,2025-01-14
149968,2025-01-14
149969,2025-01-14
149970,2025-01-14
149971,2025-01-14
149972,2025-01-14
149973,2025-01-14
149974,2025-01-14
149975,2025-01-14
149976,2025-01-14
149977,2025-01-14
149978,2025-01-14
149979,2025-01-14
149980,2025-01-14
149981,2025-01-14
149982,2025-01-14
149983,2025-01-14
149984,2025-01-14
149985,2025-01-14
149986,2025-01-14
149987,2025-01-14
149988,2025-01-14
149991,2025-01-14
149992,2025-01-14
149994,2025-01-14
149995,2025-01-14
149996,2025-01-14
149997,2025-01-14
149998,2025-01-14
149999,2025-01-14
150000,2025-01-14
150001,2025-01-14
150002,2025-01-14
150003,2025-01-14
150004,2025-01-14
150007,2025-01-14
150008,2025-01-14
150009,2025-01-14
150010,2025-01-14
150011,2025-01-14
150013,2025-01-14
150014,2025-01-14
150015,2025-01-14
150016,2025-01-14
150017,2025-01-14
150018,2025-01-14
150019,2025-01-14
150020,2025-01-14
150021,2025-01-14
150022,2025-01-14
150023,2025-01-14
150024,2025-01-14
150025,2025-01-14
150026,2025-01-14
150027,2025-01-14
150028,2025-01-14
150029,2025-01-14
150033,2025-01-15
150034,2025-01-15
150035,2025-01-15
150036,2025-01-15
150037,2025-01-15
150038,2025-01-15
150039,2025-01-15
150040,2025-01-15
150041,2025-01-15
150043,2025-01-15
150044,2025-01-15
150045,2025-01-15
150046,2025-01-15
150047,2025-01-15
150048,2025-01-15
150049,2025-01-15
150050,2025-01-15
150051,2025-01-15
150052,2025-01-15
150053,2025-01-15
150054,2025-01-15
150055,2025-01-15
150056,2025-01-15
150057,2025-01-15
150058,2025-01-15
150059,2025-01-15
150060,2025-01-15
150061,2025-01-15
150062,2025-01-15
150063,2025-01-15
150064,2025-01-15
150065,2025-01-15
150066,2025-01-15
150067,2025-01-15
150068,2025-01-15
150069,2025-01-15
150070,2025-01-15
150071,2025-01-15
150072,2025-01-15
150073,2025-01-15
150075,2025-01-15
150076,2025-01-15
150077,2025-01-15
150078,2025-01-15
150079,2025-01-15
150080,2025-01-15
150081,2025-01-15
150082,2025-01-15
150083,2025-01-15
150084,2025-01-15
150085,2025-01-15
150086,2025-01-15
150087,2025-01-15
150088,2025-01-15
150089,2025-01-15
150090,2025-01-15
150091,2025-01-15
150092,2025-01-15
150093,2025-01-15
150094,2025-01-15
150096,2025-01-16
150097,2025-01-16
150098,2025-01-16
150099,2025-01-16
150100,2025-01-16
150101,2025-01-16
150102,2025-01-16
150103,2025-01-16
150104,2025-01-16
150105,2025-01-16
150106,2025-01-16
150107,2025-01-16
150109,2025-01-16
150110,2025-01-16
150111,2025-01-16
150112,2025-01-16
150113,2025-01-16
150114,2025-01-16
150115,2025-01-16
150116,2025-01-16
150117,2025-01-16
150118,2025-01-16
150120,2025-01-16
150121,2025-01-16
150122,2025-01-16
150123,2025-01-16
150124,2025-01-16
150125,2025-01-16
150126,2025-01-16
150127,2025-01-16
150128,2025-01-16
150129,2025-01-16
150130,2025-01-16
150134,2025-01-17
150135,2025-01-17
150136,2025-01-17
150137,2025-01-17
150138,2025-01-17
150139,2025-01-17
150140,2025-01-17
150141,2025-01-17
150142,2025-01-17
150143,2025-01-17
150144,2025-01-17
150145,2025-01-17
150148,2025-01-17
150149,2025-01-17
150150,2025-01-17
150151,2025-01-17
150152,2025-01-17
150153,2025-01-17
150154,2025-01-17
150155,2025-01-17
150156,2025-01-17
150157,2025-01-17
150158,2025-01-17
150159,2025-01-17
150160,2025-01-17
150161,2025-01-17
150162,2025-01-17
150163,2025-01-17
150164,2025-01-17
150165,2025-01-17
150166,2025-01-17
150167,2025-01-17
150168,2025-01-17
150170,2025-01-17
150171,2025-01-17
150174,2025-01-17
150177,2025-01-17
150178,2025-01-17
150179,2025-01-17
150180,2025-01-17
150181,2025-01-17
150184,2025-01-17
150185,2025-01-17
150186,2025-01-17
150187,2025-01-17
150188,2025-01-17
150189,2025-01-17
150190,2025-01-17
150191,2025-01-17
150192,2025-01-17
150194,2025-01-17
150195,2025-01-17
150196,2025-01-17
150197,2025-01-17
150198,2025-01-17
150199,2025-01-17
150200,2025-01-17
150201,2025-01-17
150202,2025-01-17
150203,2025-01-17
150204,2025-01-17
150205,2025-01-17
150206,2025-01-17
150208,2025-01-17
150209,2025-01-18
150210,2025-01-18
150211,2025-01-18
150215,2025-01-18
150218,2025-01-18
150219,2025-01-18
150220,2025-01-18
150221,2025-01-18
150222,2025-01-18
150225,2025-01-18
150228,2025-01-18
150230,2025-01-18
150231,2025-01-18
150232,2025-01-18
150233,2025-01-18
150234,2025-01-18
150235,2025-01-18
150236,2025-01-18
150237,2025-01-18
150238,2025-01-18
150239,2025-01-18
150240,2025-01-18
150241,2025-01-18
150242,2025-01-18
150243,2025-01-18
150244,2025-01-18
150246,2025-01-18
150247,2025-01-18
150248,2025-01-18
150250,2025-01-18
150251,2025-01-18
150252,2025-01-18
150254,2025-01-18
150255,2025-01-18
150256,2025-01-18
150257,2025-01-18
150258,2025-01-18
150259,2025-01-18
150260,2025-01-18
150261,2025-01-18
150262,2025-01-18
150263,2025-01-18
150264,2025-01-18
150266,2025-01-18
150267,2025-01-18
150269,2025-01-18
150270,2025-01-18
150271,2025-01-18
150272,2025-01-18
150273,2025-01-18
150274,2025-01-18
150275,2025-01-18
150276,2025-01-18
150277,2025-01-18
150278,2025-01-18
150279,2025-01-18
150280,2025-01-18
150281,2025-01-18
150282,2025-01-18
150283,2025-01-18
150284,2025-01-18
150285,2025-01-18
150286,2025-01-18
150287,2025-01-18
150288,2025-01-18
150289,2025-01-18
150290,2025-01-18
150291,2025-01-18
150292,2025-01-18
150293,2025-01-18
150294,2025-01-18
150295,2025-01-18
150296,2025-01-19
150297,2025-01-19
150298,2025-01-19
150299,2025-01-19
150300,2025-01-19
150301,2025-01-19
150302,2025-01-19
150303,2025-01-19
150304,2025-01-19
150305,2025-01-19
150306,2025-01-19
150307,2025-01-19
150308,2025-01-19
150309,2025-01-19
150310,2025-01-19
150312,2025-01-19
150313,2025-01-19
150314,2025-01-19
150315,2025-01-19
150316,2025-01-19
150317,2025-01-19
150318,2025-01-19
150319,2025-01-19
150320,2025-01-19
150321,2025-01-19
150322,2025-01-19
150323,2025-01-19
150324,2025-01-19
150325,2025-01-19
150326,2025-01-19
150327,2025-01-19
150328,2025-01-19
150329,2025-01-19
150330,2025-01-19
150331,2025-01-19
150332,2025-01-19
150333,2025-01-19
150334,2025-01-19
150335,2025-01-19
150336,2025-01-19
150337,2025-01-19
150338,2025-01-19
150339,2025-01-19
150340,2025-01-19
150341,2025-01-19
150342,2025-01-19
150343,2025-01-19
150344,2025-01-19
150345,2025-01-19
150346,2025-01-19
150347,2025-01-19
150349,2025-01-19
150353,2025-01-19
150354,2025-01-19
150355,2025-01-19
150356,2025-01-19
150357,2025-01-19
150358,2025-01-19
150359,2025-01-19
150361,2025-01-19
150362,2025-01-19
150363,2025-01-19
150364,2025-01-19
150366,2025-01-19
150367,2025-01-19
150368,2025-01-19
150369,2025-01-19
150370,2025-01-19
150371,2025-01-19
150372,2025-01-19
150373,2025-01-19
150374,2025-01-19
150375,2025-01-19
150376,2025-01-19
150378,2025-01-19
150379,2025-01-20
150380,2025-01-20
150381,2025-01-20
150382,2025-01-20
150383,2025-01-20
150384,2025-01-20
150385,2025-01-20
150386,2025-01-20
150387,2025-01-20
150388,2025-01-20
150389,2025-01-20
150390,2025-01-20
150391,2025-01-20
150392,2025-01-20
150393,2025-01-20
150394,2025-01-20
150395,2025-01-20
150396,2025-01-20
150397,2025-01-20
150398,2025-01-20
150399,2025-01-20
150400,2025-01-20
150401,2025-01-20
150402,2025-01-20
150403,2025-01-20
150404,2025-01-20
150405,2025-01-20
150406,2025-01-20
150407,2025-01-20
150408,2025-01-20
150409,2025-01-20
150410,2025-01-20
150411,2025-01-20
150412,2025-01-20
150414,2025-01-20
150415,2025-01-20
150416,2025-01-20
150417,2025-01-20
150418,2025-01-20
150419,2025-01-20
150420,2025-01-20
150421,2025-01-20
150422,2025-01-20
150423,2025-01-20
150424,2025-01-20
150425,2025-01-20
150458,2025-03-28
150459,2025-03-28
150460,2025-03-28
150461,2025-03-28
150462,2025-03-28
150463,2025-03-28
150464,2025-03-28
150465,2025-03-28
150466,2025-03-28
150467,2025-03-28
150468,2025-03-28
150469,2025-03-28
150470,2025-03-28
150471,2025-03-28
150472,2025-03-28
150473,2025-03-29
150474,2025-03-29
150475,2025-03-29
150476,2025-03-29
150477,2025-03-29
150478,2025-03-29
150479,2025-03-29
150480,2025-03-29
150481,2025-03-29
150482,2025-03-29
150483,2025-03-29
150484,2025-03-29
150485,2025-03-29
150486,2025-03-29
150487,2025-03-29
150488,2025-03-31
150489,2025-03-31
150490,2025-03-31
150491,2025-03-31
150492,2025-03-31
150493,2025-03-31
150494,2025-03-31
150496,2025-03-31
150498,2025-03-31
150499,2025-03-31
150500,2025-03-31
150501,2025-03-31
150502,2025-03-31
150515,2025-03-31
150516,2025-03-31
150517,2025-03-31
150520,2025-03-31
150524,2025-04-01
150525,2025-04-01
150526,2025-04-01
150529,2025-04-01
150530,2025-04-01
150531,2025-04-01
150532,2025-04-01
150533,2025-04-01
150535,2025-04-01
150536,2025-04-01
150537,2025-04-01
150538,2025-04-01
150539,2025-04-01
150540,2025-04-01
150541,2025-04-01
150542,2025-04-01
150543,2025-04-01
150544,2025-04-01
150545,2025-04-01
150546,2025-04-01
150547,2025-04-01
150548,2025-04-01
150549,2025-04-01
150550,2025-04-01
150551,2025-04-01
150553,2025-04-01
150554,2025-04-01
150555,2025-04-01
150556,2025-04-01
150557,2025-04-01
150558,2025-04-01
150559,2025-04-01
150560,2025-04-01
150561,2025-04-01
150562,2025-04-01
150563,2025-04-01
150564,2025-04-01
150565,2025-04-01
150566,2025-04-01
150567,2025-04-01
150568,2025-04-01
150569,2025-04-01
150570,2025-04-01
150571,2025-04-01
150572,2025-04-01
150573,2025-04-01
150574,2025-04-01
150575,2025-04-01
150576,2025-04-01
150577,2025-04-01
150578,2025-04-01
150579,2025-04-01
150580,2025-04-01
150581,2025-04-01
150582,2025-04-01
150583,2025-04-01
150584,2025-04-01
150585,2025-04-01
150586,2025-04-01
150587,2025-04-01
150588,2025-04-01
150589,2025-04-01
150590,2025-04-01
150591,2025-04-01
150592,2025-04-01
150593,2025-04-01
150594,2025-04-01
150595,2025-04-01
150596,2025-04-01
150597,2025-04-01
150598,2025-04-01
150599,2025-04-01
150600,2025-04-01
150601,2025-04-01
150602,2025-04-01
150603,2025-04-01
150604,2025-04-01
150605,2025-04-01
150606,2025-04-01
150607,2025-04-01
150608,2025-04-01
150609,2025-04-01
150610,2025-04-01
150611,2025-04-01
150612,2025-04-01
150613,2025-04-01
150614,2025-04-01
150615,2025-04-01
150616,2025-04-01
150617,2025-04-01
150618,2025-04-01
150619,2025-04-01
150620,2025-04-01
150621,2025-04-01
150622,2025-04-01
150623,2025-04-01
150624,2025-04-01
150625,2025-04-01
150626,2025-04-01
150627,2025-04-01
150628,2025-04-01
150629,2025-04-01
150630,2025-04-01
150631,2025-04-01
150632,2025-04-01
150633,2025-04-01
150634,2025-04-02
150635,2025-04-02
150636,2025-04-02
150637,2025-04-02
150638,2025-04-02
150639,2025-04-02
150640,2025-04-02
150642,2025-04-02
150643,2025-04-02
150644,2025-04-02
150645,2025-04-02
150646,2025-04-02
150647,2025-04-02
150648,2025-04-02
150649,2025-04-02
150650,2025-04-02
150651,2025-04-02
150652,2025-04-02
150653,2025-04-02
150654,2025-04-02
150656,2025-04-02
150657,2025-04-02
150658,2025-04-02
150659,2025-04-02
150661,2025-04-02
150663,2025-04-02
150664,2025-04-02
150665,2025-04-02
150666,2025-04-02
150667,2025-04-02
150668,2025-04-02
150669,2025-04-02
150670,2025-04-02
150671,2025-04-02
150672,2025-04-02
150673,2025-04-02
150674,2025-04-02
150675,2025-04-02
150676,2025-04-02
150677,2025-04-02
150679,2025-04-02
150680,2025-04-02
150681,2025-04-02
150682,2025-04-02
150683,2025-04-02
150684,2025-04-02
150685,2025-04-02
150686,2025-04-02
150687,2025-04-02
150688,2025-04-02
150689,2025-04-02
150690,2025-04-02
150691,2025-04-02
150692,2025-04-02
150693,2025-04-02
150694,2025-04-02
150695,2025-04-02
150696,2025-04-02
150697,2025-04-02
150698,2025-04-02
150699,2025-04-02
150700,2025-04-02
150701,2025-04-02
150702,2025-04-02
150703,2025-04-02
150704,2025-04-02
150705,2025-04-02
150706,2025-04-02
150707,2025-04-02
150708,2025-04-02
150709,2025-04-02
150710,2025-04-02
150711,2025-04-02
150712,2025-04-02
150713,2025-04-02
150714,2025-04-02
150715,2025-04-02
150716,2025-04-02
150717,2025-04-02
150719,2025-04-02
150720,2025-04-02
150721,2025-04-02
150722,2025-04-02
150723,2025-04-02
150724,2025-04-02
150725,2025-04-02
150726,2025-04-02
150727,2025-04-02
150728,2025-04-02
150729,2025-04-02
150730,2025-04-02
150731,2025-04-02
150732,2025-04-02
150733,2025-04-02
150734,2025-04-02
150735,2025-04-02
150736,2025-04-02
150737,2025-04-02
150738,2025-04-02
150740,2025-04-02
150741,2025-04-03
150742,2025-04-03
150743,2025-04-03
150744,2025-04-03
150745,2025-04-03
150746,2025-04-03
150747,2025-04-03
150748,2025-04-03
150749,2025-04-03
150750,2025-04-03
150751,2025-04-03
150752,2025-04-03
150753,2025-04-03
150754,2025-04-03
150755,2025-04-03
150756,2025-04-03
150757,2025-04-03
150758,2025-04-03
150759,2025-04-03
150760,2025-04-03
150761,2025-04-03
150762,2025-04-03
150763,2025-04-03
150764,2025-04-03
150765,2025-04-03
150766,2025-04-03
150767,2025-04-03
150768,2025-04-03
150769,2025-04-03
150771,2025-04-03
150772,2025-04-03
150773,2025-04-03
150774,2025-04-03
150775,2025-04-03
150776,2025-04-03
150777,2025-04-03
150778,2025-04-03
150779,2025-04-03
150780,2025-04-03
150781,2025-04-03
150782,2025-04-03
150783,2025-04-03
150784,2025-04-03
150785,2025-04-03
150786,2025-04-03
150787,2025-04-03
150788,2025-04-03
150789,2025-04-03
150790,2025-04-03
150791,2025-04-03
150792,2025-04-03
150793,2025-04-03
150794,2025-04-03
150795,2025-04-03
150799,2025-04-03
150800,2025-04-03
150801,2025-04-03
150802,2025-04-03
150803,2025-04-03
150804,2025-04-03
150805,2025-04-03
150806,2025-04-03
150807,2025-04-03
150808,2025-04-03
150809,2025-04-03
150810,2025-04-03
150811,2025-04-03
150812,2025-04-03
150813,2025-04-03
150814,2025-04-03
150815,2025-04-03
150816,2025-04-03
150817,2025-04-03
150818,2025-04-03
150819,2025-04-03
150820,2025-04-03
150821,2025-04-03
150822,2025-04-03
150823,2025-04-03
150824,2025-04-03
150825,2025-04-03
150826,2025-04-03
150827,2025-04-03
150828,2025-04-06
150829,2025-04-06
150830,2025-04-06
150831,2025-04-06
150832,2025-04-06
150833,2025-04-06
150835,2025-04-06
150836,2025-04-06
150837,2025-04-06
150838,2025-04-06
150839,2025-04-06
150840,2025-04-06
150841,2025-04-06
150842,2025-04-06
150843,2025-04-06
150844,2025-04-06
150845,2025-04-06
150847,2025-04-06
150848,2025-04-06
150851,2025-04-06
150853,2025-04-06
150854,2025-04-06
150855,2025-04-06
150856,2025-04-06
150857,2025-04-06
150858,2025-04-06
150860,2025-04-06
150861,2025-04-06
150862,2025-04-06
150863,2025-04-06
150864,2025-04-06
150865,2025-04-06
150866,2025-04-06
150867,2025-04-06
150868,2025-04-06
150869,2025-04-06
150870,2025-04-06
150871,2025-04-06
150872,2025-04-06
150873,2025-04-06
150874,2025-04-06
150875,2025-04-06
150876,2025-04-06
150877,2025-04-06
150878,2025-04-06
150879,2025-04-06
150880,2025-04-06
150882,2025-04-06
150883,2025-04-06
150884,2025-04-06
150885,2025-04-06
150886,2025-04-06
150887,2025-04-06
150888,2025-04-06
150889,2025-04-06
150890,2025-04-06
150891,2025-04-06
150892,2025-04-06
150893,2025-04-06
150895,2025-04-06
150896,2025-04-06
150897,2025-04-06
150898,2025-04-06
150899,2025-04-06
150900,2025-04-06
150901,2025-04-06
150902,2025-04-07
150903,2025-04-07
150904,2025-04-07
150905,2025-04-07
150906,2025-04-07
150907,2025-04-07
150908,2025-04-07
150909,2025-04-07
150910,2025-04-07
150911,2025-04-07
150912,2025-04-07
150913,2025-04-07
150914,2025-04-07
150915,2025-04-07
150916,2025-04-07
150917,2025-04-07
150918,2025-04-07
150919,2025-04-07
150920,2025-04-07
150921,2025-04-07
150922,2025-04-07
150923,2025-04-07
150924,2025-04-07
150925,2025-04-07
150926,2025-04-07
150927,2025-04-07
150928,2025-04-07
150929,2025-04-07
150930,2025-04-07
150931,2025-04-07
150932,2025-04-07
150933,2025-04-07
150934,2025-04-07
150935,2025-04-07
150936,2025-04-07
150937,2025-04-07
150938,2025-04-07
150939,2025-04-07
150940,2025-04-07
150941,2025-04-07
150942,2025-04-07
150943,2025-04-07
150944,2025-04-07
150945,2025-04-07
150946,2025-04-07
150948,2025-04-07
150949,2025-04-07
150950,2025-04-07
150951,2025-04-07
150952,2025-04-07
150953,2025-04-07
150954,2025-04-07
150955,2025-04-07
150956,2025-04-07
150957,2025-04-07
150958,2025-04-07
150959,2025-04-07
150960,2025-04-07
150961,2025-04-07
150962,2025-04-07
150963,2025-04-07
150964,2025-04-07
150965,2025-04-07
150966,2025-04-07
150967,2025-04-07
150968,2025-04-07
150969,2025-04-07
150970,2025-04-07
150971,2025-04-07
150972,2025-04-07
150973,2025-04-07
150974,2025-04-07
150975,2025-04-07
150976,2025-04-07
150977,2025-04-07
150978,2025-04-07
150979,2025-04-07
150980,2025-04-07
150981,2025-04-07
150982,2025-04-07
150983,2025-04-07
150984,2025-04-07
150985,2025-04-07
150986,2025-04-07
150987,2025-04-07
150988,2025-04-07
150989,2025-04-07
150990,2025-04-08
150991,2025-04-08
150992,2025-04-08
150993,2025-04-08
150994,2025-04-08
150995,2025-04-08
150997,2025-04-08
150998,2025-04-08
150999,2025-04-08
151000,2025-04-08
151001,2025-04-08
151002,2025-04-08
151003,2025-04-08
151004,2025-04-08
151005,2025-04-08
151006,2025-04-08
151007,2025-04-08
151008,2025-04-08
151009,2025-04-08
151010,2025-04-08
151011,2025-04-08
151012,2025-04-08
151013,2025-04-08
151014,2025-04-08
151015,2025-04-08
151016,2025-04-08
151017,2025-04-08
151021,2025-04-08
151022,2025-04-08
151023,2025-04-08
151024,2025-04-08
151025,2025-04-08
151027,2025-04-08
151028,2025-04-08
151029,2025-04-08
151030,2025-04-08
151031,2025-04-08
151032,2025-04-08
151033,2025-04-08
151034,2025-04-08
151035,2025-04-08
151036,2025-04-08
151037,2025-04-08
151038,2025-04-08
151039,2025-04-08
151040,2025-04-08
151041,2025-04-08
151042,2025-04-08
151043,2025-04-08
151044,2025-04-08
151047,2025-04-08
151048,2025-04-08
151049,2025-04-08
151052,2025-04-08
151055,2025-04-08
151056,2025-04-08
151059,2025-04-08
151060,2025-04-08
151067,2025-04-08
151068,2025-04-08
151076,2025-04-08
151077,2025-04-08
151078,2025-04-08
151079,2025-04-08
151080,2025-04-08
151081,2025-04-08
151082,2025-04-08
151083,2025-04-08
151084,2025-04-08
151085,2025-04-08
151086,2025-04-08
151087,2025-04-08
151088,2025-04-08
151089,2025-04-08
151090,2025-04-08
151091,2025-04-09
151092,2025-04-09
151093,2025-04-09
151094,2025-04-09
151095,2025-04-09
151096,2025-04-09
151097,2025-04-09
151098,2025-04-09
151099,2025-04-09
151100,2025-04-09
151101,2025-04-09
151102,2025-04-09
151103,2025-04-09
151104,2025-04-09
151105,2025-04-09
151106,2025-04-09
151107,2025-04-09
151108,2025-04-09
151109,2025-04-09
151110,2025-04-09
151111,2025-04-09
151112,2025-04-09
151113,2025-04-09
151114,2025-04-09
151115,2025-04-09
151116,2025-04-09
151119,2025-04-09
151120,2025-04-09
151121,2025-04-09
151122,2025-04-09
151123,2025-04-09
151124,2025-04-09
151125,2025-04-09
151126,2025-04-09
151128,2025-04-09
151129,2025-04-09
151130,2025-04-09
151131,2025-04-09
151132,2025-04-09
151133,2025-04-09
151134,2025-04-09
151135,2025-04-09
151136,2025-04-09
151137,2025-04-09
151138,2025-04-09
151139,2025-04-09
151140,2025-04-09
151142,2025-04-09
151143,2025-04-09
151144,2025-04-09
151145,2025-04-09
151146,2025-04-09
151148,2025-04-09
151149,2025-04-09
151150,2025-04-09
151151,2025-04-09
151152,2025-04-09
151153,2025-04-09
151155,2025-04-09
151156,2025-04-09
151157,2025-04-09
151158,2025-04-09
151159,2025-04-09
151160,2025-04-09
151161,2025-04-09
151162,2025-04-09
151163,2025-04-09
151164,2025-04-09
151165,2025-04-09
151166,2025-04-09
151167,2025-04-09
151168,2025-04-09
151169,2025-04-09
151170,2025-04-10
151171,2025-04-10
151172,2025-04-10
151174,2025-04-10
151175,2025-04-10
151176,2025-04-10
151177,2025-04-10
151181,2025-04-10
151182,2025-04-10
151183,2025-04-10
151184,2025-04-10
151185,2025-04-10
151186,2025-04-10
151187,2025-04-10
151188,2025-04-10
151189,2025-04-10
151190,2025-04-10
151191,2025-04-10
151192,2025-04-10
151193,2025-04-10
151194,2025-04-10
151195,2025-04-10
151196,2025-04-10
151197,2025-04-10
151198,2025-04-10
151209,2025-04-10
151210,2025-04-10
151211,2025-04-10
151212,2025-04-10
151213,2025-04-10
151214,2025-04-10
151215,2025-04-10
151216,2025-04-10
151217,2025-04-10
151218,2025-04-10
151219,2025-04-10
151220,2025-04-10
151223,2025-04-10
151224,2025-04-10
151225,2025-04-10
151226,2025-04-10
151227,2025-04-10
151228,2025-04-10
151229,2025-04-10
151230,2025-04-10
151232,2025-04-10
151233,2025-04-10
151234,2025-04-10
151235,2025-04-10
151236,2025-04-10
151237,2025-04-10
151238,2025-04-10
151239,2025-04-10
151240,2025-04-10
151241,2025-04-10
151242,2025-04-10
151243,2025-04-10
151244,2025-04-10
151245,2025-04-10
151247,2025-04-10
151248,2025-04-10
151249,2025-04-10
151252,2025-04-11
151253,2025-04-11
151254,2025-04-11
151256,2025-04-11
151257,2025-04-11
151258,2025-04-11
151260,2025-04-11
151261,2025-04-11
151262,2025-04-11
151263,2025-04-11
151264,2025-04-11
151265,2025-04-11
151266,2025-04-11
151267,2025-04-11
151268,2025-04-11
151269,2025-04-11
151270,2025-04-11
151271,2025-04-11
151272,2025-04-11
151273,2025-04-11
151274,2025-04-11
151275,2025-04-11
151276,2025-04-11
151277,2025-04-11
151278,2025-04-11
151279,2025-04-11
151280,2025-04-11
151281,2025-04-11
151282,2025-04-11
151283,2025-04-11
151284,2025-04-11
151285,2025-04-11
151286,2025-04-11
151287,2025-04-11
151288,2025-04-11
151289,2025-04-11
151291,2025-04-11
151292,2025-04-11
151293,2025-04-11
151294,2025-04-11
151295,2025-04-11
151296,2025-04-11
151297,2025-04-11
151298,2025-04-11
151299,2025-04-11
151300,2025-04-11
151301,2025-04-11
151302,2025-04-11
151304,2025-04-11
151305,2025-04-11
151306,2025-04-11
151307,2025-04-11
151308,2025-04-11
151309,2025-04-11
151310,2025-04-11
151311,2025-04-11
151312,2025-04-11
151313,2025-04-11
151314,2025-04-11
151315,2025-04-11
151316,2025-04-11
151317,2025-04-11
151318,2025-04-11
151319,2025-04-11
151320,2025-04-11
151321,2025-04-11
151322,2025-04-11
151323,2025-04-11
151324,2025-04-11
151325,2025-04-11
151326,2025-04-11
151327,2025-04-11
151328,2025-04-11
151329,2025-04-11
151330,2025-04-11
151332,2025-04-11
151333,2025-04-11
151334,2025-04-11
151335,2025-04-11
151336,2025-04-12
151337,2025-04-12
151338,2025-04-12
151339,2025-04-12
151340,2025-04-12
151341,2025-04-12
151342,2025-04-12
151343,2025-04-12
151344,2025-04-12
151345,2025-04-12
151347,2025-04-12
151348,2025-04-12
151350,2025-04-12
151351,2025-04-12
151352,2025-04-12
151355,2025-04-12
151356,2025-04-12
151357,2025-04-12
151358,2025-04-12
151359,2025-04-12
151360,2025-04-12
151361,2025-04-12
151362,2025-04-12
151363,2025-04-12
151364,2025-04-12
151365,2025-04-12
151366,2025-04-12
151367,2025-04-12
151368,2025-04-12
151370,2025-04-12
151371,2025-04-12
151372,2025-04-12
151373,2025-04-12
151374,2025-04-12
151375,2025-04-12
151376,2025-04-12
151377,2025-04-12
151378,2025-04-12
151379,2025-04-12
151380,2025-04-12
151381,2025-04-12
151382,2025-04-12
151384,2025-04-12
151385,2025-04-12
151387,2025-04-12
151388,2025-04-12
151389,2025-04-12
151390,2025-04-12
151391,2025-04-12
151392,2025-04-12
151394,2025-04-12
151395,2025-04-12
151398,2025-04-12
151399,2025-04-12
151400,2025-04-12
151401,2025-04-12
151402,2025-04-12
151403,2025-04-12
151404,2025-04-12
151405,2025-04-12
151406,2025-04-12
151407,2025-04-12
151408,2025-04-12
151409,2025-04-12
151410,2025-04-12
151411,2025-04-12
151412,2025-04-12
151413,2025-04-12
151414,2025-04-12
151415,2025-04-14
151416,2025-04-14
151417,2025-04-14
151418,2025-04-14
151419,2025-04-14
151420,2025-04-14
151421,2025-04-14
151422,2025-04-14
151423,2025-04-14
151424,2025-04-14
151425,2025-04-14
151427,2025-04-14
151428,2025-04-14
151429,2025-04-14
151431,2025-04-14
151433,2025-04-14
151434,2025-04-14
151435,2025-04-14
151436,2025-04-14
151437,2025-04-14
151438,2025-04-14
151439,2025-04-14
151440,2025-04-14
151441,2025-04-14
151442,2025-04-14
151443,2025-04-14
151444,2025-04-14
151445,2025-04-14
151446,2025-04-14
151447,2025-04-14
151448,2025-04-14
151449,2025-04-14
151450,2025-04-14
151451,2025-04-14
151452,2025-04-14
151453,2025-04-14
151454,2025-04-14
151455,2025-04-14
151456,2025-04-14
151457,2025-04-14
151458,2025-04-14
151460,2025-04-14
151461,2025-04-14
151462,2025-04-14
151463,2025-04-14
151464,2025-04-14
151465,2025-04-14
151467,2025-04-14
151468,2025-04-14
151469,2025-04-14
151470,2025-04-14
151471,2025-04-14
151472,2025-04-14
151473,2025-04-14
151474,2025-04-14
151475,2025-04-14
151477,2025-04-14
151478,2025-04-14
151479,2025-04-14
151480,2025-04-14
151481,2025-04-14
151482,2025-04-15
151483,2025-04-15
151484,2025-04-15
151485,2025-04-15
151486,2025-04-15
151487,2025-04-15
151488,2025-04-15
151489,2025-04-15
151490,2025-04-15
151491,2025-04-15
151492,2025-04-15
151493,2025-04-15
151494,2025-04-15
151495,2025-04-15
151496,2025-04-15
151497,2025-04-15
151498,2025-04-15
151499,2025-04-15
151500,2025-04-15
151501,2025-04-15
151502,2025-04-15
151503,2025-04-15
151504,2025-04-15
151505,2025-04-15
151506,2025-04-15
151507,2025-04-15
151508,2025-04-15
151509,2025-04-15
151510,2025-04-15
151511,2025-04-15
151512,2025-04-15
151513,2025-04-15
151514,2025-04-15
151515,2025-04-15
151516,2025-04-15
151517,2025-04-15
151518,2025-04-15
151521,2025-04-15
151524,2025-04-15
151525,2025-04-15
151526,2025-04-15
151527,2025-04-15
151528,2025-04-15
151529,2025-04-15
151530,2025-04-15
151531,2025-04-15
151533,2025-04-15
151534,2025-04-15
151535,2025-04-15
151536,2025-04-15
151537,2025-04-15
151538,2025-04-15
151539,2025-04-16
151540,2025-04-16
151541,2025-04-16
151542,2025-04-16
151543,2025-04-16
151544,2025-04-16
151545,2025-04-16
151546,2025-04-16
151547,2025-04-16
151548,2025-04-16
151549,2025-04-16
151550,2025-04-16
151551,2025-04-16
151552,2025-04-16
151553,2025-04-16
151554,2025-04-16
151555,2025-04-16
151556,2025-04-16
151557,2025-04-16
151558,2025-04-16
151559,2025-04-16
151560,2025-04-16
151561,2025-04-16
151562,2025-04-16
151563,2025-04-16
151564,2025-04-16
151565,2025-04-16
151566,2025-04-16
151567,2025-04-16
151568,2025-04-16
151569,2025-04-16
151570,2025-04-16
151571,2025-04-16
151572,2025-04-16
151574,2025-04-16
151575,2025-04-16
151576,2025-04-16
151577,2025-04-16
151578,2025-04-16
151579,2025-04-16
151580,2025-04-16
151581,2025-04-16
151582,2025-04-16
151583,2025-04-16
151584,2025-04-16
151585,2025-04-16
151586,2025-04-16
151587,2025-04-16
151588,2025-04-16
151589,2025-04-16
151590,2025-04-16
151591,2025-04-16
151592,2025-04-16
151593,2025-04-16
151594,2025-04-16
151595,2025-04-16
151596,2025-04-16
151597,2025-04-16
151598,2025-04-16
151599,2025-04-16
151600,2025-04-16
151601,2025-04-16
151602,2025-04-16
151603,2025-04-16
151604,2025-04-16
151605,2025-04-16
151606,2025-04-16
151607,2025-04-16
151608,2025-04-16
151609,2025-04-16
151610,2025-04-16
151611,2025-04-16
151612,2025-04-16
151613,2025-04-16
151614,2025-04-16
151615,2025-04-16
151616,2025-04-16
151618,2025-04-16
151619,2025-04-16
151620,2025-04-16
151621,2025-04-16
151622,2025-04-16
151623,2025-04-16
151624,2025-04-16
151625,2025-04-16
151626,2025-04-16
151627,2025-04-16
151628,2025-04-16
151629,2025-04-17
151630,2025-04-17
151631,2025-04-17
151632,2025-04-17
151633,2025-04-17
151634,2025-04-17
151636,2025-04-17
151637,2025-04-17
151638,2025-04-17
151639,2025-04-17
151640,2025-04-17
151641,2025-04-17
151642,2025-04-17
151643,2025-04-17
151645,2025-04-17
151646,2025-04-17
151647,2025-04-17
151648,2025-04-17
151649,2025-04-17
151650,2025-04-17
151651,2025-04-17
151652,2025-04-17
151653,2025-04-17
151654,2025-04-17
151655,2025-04-17
151656,2025-04-17
151657,2025-04-17
151658,2025-04-17
151659,2025-04-17
151660,2025-04-17
151661,2025-04-17
151662,2025-04-17
151663,2025-04-17
151664,2025-04-17
151665,2025-04-17
151666,2025-04-17
151667,2025-04-17
151668,2025-04-17
151669,2025-04-17
151670,2025-04-17
151671,2025-04-17
151675,2025-04-17
151679,2025-04-17
151681,2025-04-17
151682,2025-04-17
151683,2025-04-17
151684,2025-04-17
151686,2025-04-17
151687,2025-04-17
151688,2025-04-17
151689,2025-04-17
151691,2025-04-17
151692,2025-04-17
151693,2025-04-17
151695,2025-04-17
151696,2025-04-17
151697,2025-04-17
151698,2025-04-17
151699,2025-04-17
151701,2025-04-17
151702,2025-04-17
151703,2025-04-17
151708,2025-04-17
151709,2025-04-17
151710,2025-04-17
151711,2025-04-17
151712,2025-04-17
151713,2025-04-17
151714,2025-04-17
151715,2025-04-17
151716,2025-04-17
151718,2025-04-17
151719,2025-04-18
151720,2025-04-18
151722,2025-04-18
151723,2025-04-18
151724,2025-04-18
151726,2025-04-18
151727,2025-04-18
151728,2025-04-18
151729,2025-04-18
151733,2025-04-18
151734,2025-04-18
151736,2025-04-18
151737,2025-04-18
151738,2025-04-18
151739,2025-04-18
151740,2025-04-18
151741,2025-04-18
151742,2025-04-18
151743,2025-04-18
151746,2025-04-18
151748,2025-04-18
151749,2025-04-18
151750,2025-04-18
151751,2025-04-18
151753,2025-04-18
151754,2025-04-18
151755,2025-04-18
151756,2025-04-18
151759,2025-04-18
151760,2025-04-18
151761,2025-04-18
151762,2025-04-18
151763,2025-04-18
151764,2025-04-18
151766,2025-04-18
151768,2025-04-18
151769,2025-04-18
151771,2025-04-18
151772,2025-04-18
151774,2025-04-18
151775,2025-04-18
151776,2025-04-18
151778,2025-04-18
151780,2025-04-18
151781,2025-04-18
151782,2025-04-18
151783,2025-04-18
151784,2025-04-18
151785,2025-04-18
151786,2025-04-18
151789,2025-04-18
151790,2025-04-18
151791,2025-04-18
151792,2025-04-18
151793,2025-04-18
151794,2025-04-18
151795,2025-04-18
151798,2025-04-18
151799,2025-04-18
151800,2025-04-19
151801,2025-04-19
151802,2025-04-19
151803,2025-04-19
151804,2025-04-19
151805,2025-04-19
151806,2025-04-19
151807,2025-04-19
151808,2025-04-19
151809,2025-04-19
151810,2025-04-19
151812,2025-04-19
151813,2025-04-19
151814,2025-04-19
151815,2025-04-19
151816,2025-04-19
151817,2025-04-19
151818,2025-04-19
151819,2025-04-19
151820,2025-04-19
151821,2025-04-19
151822,2025-04-19
151823,2025-04-19
151824,2025-04-19
151825,2025-04-19
151826,2025-04-19
151827,2025-04-19
151828,2025-04-19
151829,2025-04-19
151830,2025-04-19
151831,2025-04-19
151832,2025-04-19
151833,2025-04-19
151834,2025-04-19
151835,2025-04-19
151836,2025-04-19
151837,2025-04-19
151838,2025-04-19
151839,2025-04-19
151840,2025-04-19
151841,2025-04-19
151842,2025-04-19
151843,2025-04-19
151845,2025-04-19
151846,2025-04-19
151847,2025-04-19
151848,2025-04-19
151849,2025-04-19
151850,2025-04-19
151851,2025-04-19
151852,2025-04-19
151853,2025-04-19
151854,2025-04-19
151855,2025-04-19
151856,2025-04-19
151857,2025-04-19
151858,2025-04-19
151859,2025-04-19
151860,2025-04-19
151861,2025-04-19
151862,2025-04-19
151863,2025-04-19
151864,2025-04-19
151865,2025-04-19
151866,2025-04-19
151867,2025-04-19
151868,2025-04-19
151869,2025-04-19
151870,2025-04-19
151871,2025-04-19
151872,2025-04-19
151873,2025-04-19
151874,2025-04-19
151875,2025-04-19
151876,2025-04-19
151877,2025-04-19
151878,2025-04-19
151880,2025-04-19
151881,2025-04-19
151882,2025-04-21
151883,2025-04-21
151884,2025-04-21
151885,2025-04-21
151886,2025-04-21
151887,2025-04-21
151888,2025-04-21
151890,2025-04-21
151891,2025-04-21
151892,2025-04-21
151893,2025-04-21
151894,2025-04-21
151895,2025-04-21
151896,2025-04-21
151897,2025-04-21
151898,2025-04-21
151899,2025-04-21
151900,2025-04-21
151901,2025-04-21
151902,2025-04-21
151903,2025-04-21
151904,2025-04-21
151905,2025-04-21
151906,2025-04-21
151907,2025-04-21
151908,2025-04-21
151909,2025-04-21
151911,2025-04-21
151912,2025-04-21
151913,2025-04-21
151914,2025-04-21
151915,2025-04-21
151916,2025-04-21
151917,2025-04-21
151918,2025-04-21
151919,2025-04-21
151920,2025-04-21
151921,2025-04-21
151922,2025-04-21
151923,2025-04-21
151924,2025-04-21
151925,2025-04-21
151926,2025-04-21
151927,2025-04-21
151928,2025-04-21
151931,2025-04-21
151932,2025-04-21
151933,2025-04-21
151934,2025-04-21
151938,2025-04-21
151939,2025-04-21
151940,2025-04-21
151941,2025-04-21
151942,2025-04-21
151943,2025-04-21
151944,2025-04-21
151945,2025-04-21
151946,2025-04-21
151947,2025-04-21
151948,2025-04-21
151949,2025-04-21
151950,2025-04-21
151951,2025-04-21
151952,2025-04-21
151953,2025-04-21
151954,2025-04-21
151955,2025-04-21
151956,2025-04-22
151957,2025-04-22
151958,2025-04-22
151960,2025-04-22
151961,2025-04-22
151962,2025-04-22
151963,2025-04-22
151964,2025-04-22
151965,2025-04-22
151966,2025-04-22
151967,2025-04-22
151968,2025-04-22
151969,2025-04-22
151970,2025-04-22
151971,2025-04-22
151972,2025-04-22
151973,2025-04-22
151975,2025-04-22
151976,2025-04-22
151977,2025-04-22
151978,2025-04-22
151979,2025-04-22
151980,2025-04-22
151981,2025-04-22
151982,2025-04-22
151983,2025-04-22
151984,2025-04-22
151985,2025-04-22
151986,2025-04-22
151987,2025-04-22
151988,2025-04-22
151989,2025-04-22
151990,2025-04-22
151991,2025-04-22
151992,2025-04-22
151993,2025-04-22
151994,2025-04-22
151995,2025-04-22
151996,2025-04-22
151997,2025-04-22
151998,2025-04-22
151999,2025-04-22
152003,2025-04-22
152004,2025-04-22
152005,2025-04-22
152008,2025-04-22
152009,2025-04-22
152010,2025-04-22
152011,2025-04-22
152012,2025-04-22
152013,2025-04-22
152014,2025-04-22
152015,2025-04-22
152016,2025-04-22
152017,2025-04-22
152018,2025-04-22
152019,2025-04-22
152020,2025-04-22
152021,2025-04-22
152022,2025-04-22
152023,2025-04-22
152024,2025-04-22
152025,2025-04-22
152026,2025-04-22
152027,2025-04-22
152028,2025-04-22
152029,2025-04-22
152030,2025-04-22
152031,2025-04-22
152032,2025-04-22
152033,2025-04-22
152034,2025-04-23
152035,2025-04-23
152036,2025-04-23
152037,2025-04-23
152038,2025-04-23
152039,2025-04-23
152040,2025-04-23
152041,2025-04-23
152042,2025-04-23
152043,2025-04-23
152045,2025-04-23
152046,2025-04-23
152047,2025-04-23
152048,2025-04-23
152049,2025-04-23
152050,2025-04-23
152051,2025-04-23
152052,2025-04-23
152053,2025-04-23
152055,2025-04-23
152056,2025-04-23
152057,2025-04-23
152058,2025-04-23
152059,2025-04-23
152060,2025-04-23
152061,2025-04-23
152062,2025-04-23
152065,2025-04-23
152066,2025-04-23
152067,2025-04-23
152068,2025-04-23
152069,2025-04-23
152070,2025-04-23
152071,2025-04-23
152072,2025-04-23
152073,2025-04-23
152074,2025-04-23
152075,2025-04-23
152076,2025-04-23
152077,2025-04-23
152078,2025-04-23
152079,2025-04-23
152080,2025-04-23
152081,2025-04-23
152082,2025-04-23
152083,2025-04-23
152084,2025-04-23
152086,2025-04-23
152087,2025-04-23
152088,2025-04-23
152089,2025-04-23
152090,2025-04-23
152091,2025-04-23
152092,2025-04-23
152093,2025-04-23
152094,2025-04-23
152095,2025-04-23
152096,2025-04-23
152097,2025-04-23
152098,2025-04-23
152100,2025-04-23
152101,2025-04-23
152102,2025-04-23
152103,2025-04-23
152104,2025-04-23
152105,2025-04-23
152106,2025-04-23
152107,2025-04-23
152108,2025-04-23
152109,2025-04-23
152110,2025-04-23
152111,2025-04-23
152112,2025-04-23
152114,2025-04-23
152115,2025-04-23
152116,2025-04-23
152117,2025-04-23
152118,2025-04-23
152119,2025-04-23
152120,2025-04-23
152121,2025-04-23
152122,2025-04-23
152123,2025-04-23
152125,2025-04-24
152126,2025-04-24
152127,2025-04-24
152128,2025-04-24
152129,2025-04-24
152130,2025-04-24
152131,2025-04-24
152132,2025-04-24
152133,2025-04-24
152134,2025-04-24
152135,2025-04-24
152136,2025-04-24
152138,2025-04-24
152139,2025-04-24
152140,2025-04-24
152142,2025-04-24
152144,2025-04-24
152145,2025-04-24
152147,2025-04-24
152148,2025-04-24
152149,2025-04-24
152150,2025-04-24
152152,2025-04-24
152155,2025-04-24
152156,2025-04-24
152157,2025-04-24
152158,2025-04-24
152159,2025-04-24
152160,2025-04-24
152161,2025-04-24
152162,2025-04-24
152163,2025-04-24
152164,2025-04-24
152165,2025-04-24
152172,2025-04-24
152173,2025-04-24
152174,2025-04-24
152175,2025-04-24
152177,2025-04-24
152178,2025-04-24
152179,2025-04-24
152180,2025-04-24
152182,2025-04-24
152184,2025-04-24
152185,2025-04-24
152186,2025-04-24
152187,2025-04-24
152188,2025-04-24
152190,2025-04-24
152191,2025-04-24
152192,2025-04-24
152193,2025-04-24
152195,2025-04-24
152196,2025-04-24
152199,2025-04-24
152200,2025-04-24
152201,2025-04-24
152202,2025-04-24
152203,2025-04-24
152204,2025-04-24
152205,2025-04-24
152206,2025-04-24
152207,2025-04-24
152208,2025-04-24
152209,2025-04-24
152212,2025-04-24
152216,2025-04-24
152221,2025-04-24
152222,2025-04-24
152227,2025-04-25
152228,2025-04-25
152229,2025-04-25
152230,2025-04-25
152231,2025-04-25
152232,2025-04-25
152233,2025-04-25
152234,2025-04-25
152235,2025-04-25
152236,2025-04-25
152237,2025-04-25
152238,2025-04-25
152239,2025-04-25
152240,2025-04-25
152241,2025-04-25
152242,2025-04-25
152243,2025-04-25
152244,2025-04-25
152247,2025-04-25
152248,2025-04-25
152249,2025-04-25
152250,2025-04-25
152251,2025-04-25
152252,2025-04-25
152253,2025-04-25
152254,2025-04-25
152255,2025-04-25
152256,2025-04-25
152257,2025-04-25
152258,2025-04-25
152259,2025-04-25
152261,2025-04-25
152262,2025-04-25
152263,2025-04-25
152264,2025-04-25
152265,2025-04-25
152266,2025-04-25
152267,2025-04-25
152268,2025-04-25
152270,2025-04-25
152271,2025-04-25
152274,2025-04-25
152276,2025-04-25
152277,2025-04-25
152278,2025-04-25
152281,2025-04-25
152283,2025-04-25
152284,2025-04-25
152285,2025-04-25
152286,2025-04-25
152287,2025-04-25
152288,2025-04-25
152289,2025-04-25
152290,2025-04-25
152292,2025-04-25
152293,2025-04-25
152294,2025-04-25
152295,2025-04-25
152296,2025-04-25
152297,2025-04-25
152298,2025-04-25
152299,2025-04-25
152300,2025-04-25
152302,2025-04-25
152303,2025-04-25
152304,2025-04-25
152305,2025-04-25
152306,2025-04-25
152307,2025-04-25
152308,2025-04-25
152311,2025-04-25
152314,2025-04-25
152315,2025-04-27
152316,2025-04-27
152317,2025-04-27
152318,2025-04-27
152319,2025-04-27
152320,2025-04-27
152321,2025-04-27
152322,2025-04-27
152323,2025-04-27
152324,2025-04-27
152325,2025-04-27
152326,2025-04-27
152327,2025-04-27
152328,2025-04-27
152329,2025-04-27
152330,2025-04-27
152331,2025-04-27
152332,2025-04-27
152333,2025-04-27
152334,2025-04-27
152335,2025-04-27
152336,2025-04-27
152337,2025-04-27
152338,2025-04-27
152339,2025-04-27
152340,2025-04-27
152341,2025-04-27
152342,2025-04-27
152343,2025-04-27
152344,2025-04-27
152345,2025-04-27
152346,2025-04-27
152347,2025-04-27
152348,2025-04-27
152349,2025-04-27
152350,2025-04-27
152351,2025-04-27
152352,2025-04-27
152353,2025-04-27
152354,2025-04-27
152355,2025-04-27
152356,2025-04-27
152357,2025-04-27
152358,2025-04-27
152359,2025-04-27
152360,2025-04-27
152361,2025-04-27
152362,2025-04-27
152363,2025-04-27
152364,2025-04-27
152365,2025-04-27
152366,2025-04-27
152367,2025-04-27
152368,2025-04-27
152369,2025-04-27
152370,2025-04-27
152371,2025-04-27
152372,2025-04-27
152373,2025-04-27
152374,2025-04-27
152375,2025-04-27
152376,2025-04-27
152377,2025-04-27
152378,2025-04-27
152379,2025-04-27
152380,2025-04-27
152381,2025-04-27
152382,2025-04-27
152383,2025-04-27
152384,2025-04-27
152385,2025-04-27
152386,2025-04-27
152387,2025-04-27
152388,2025-04-27
152389,2025-04-27
152390,2025-04-27
152391,2025-04-27
152392,2025-04-27
152393,2025-04-27
152394,2025-04-27
152395,2025-04-27
152396,2025-04-27
152397,2025-04-27
152398,2025-04-27
152399,2025-04-27
152400,2025-04-27
152401,2025-04-27
152402,2025-04-27
152403,2025-04-27
152404,2025-04-27
152406,2025-04-27
152407,2025-04-27
152408,2025-04-27
152409,2025-04-27
152411,2025-04-27
152412,2025-04-27
152413,2025-04-28
152414,2025-04-28
152415,2025-04-28
152416,2025-04-28
152417,2025-04-28
152418,2025-04-28
152419,2025-04-28
152420,2025-04-28
152421,2025-04-28
152422,2025-04-28
152423,2025-04-28
152424,2025-04-28
152425,2025-04-28
152426,2025-04-28
152427,2025-04-28
152428,2025-04-28
152429,2025-04-28
152430,2025-04-28
152431,2025-04-28
152432,2025-04-28
152433,2025-04-28
152434,2025-04-28
152435,2025-04-28
152436,2025-04-28
152437,2025-04-28
152438,2025-04-28
152439,2025-04-28
152440,2025-04-28
152441,2025-04-28
152442,2025-04-28
152443,2025-04-28
152444,2025-04-28
152445,2025-04-28
152446,2025-04-28
152447,2025-04-28
152448,2025-04-28
152449,2025-04-28
152450,2025-04-28
152451,2025-04-28
152452,2025-04-28
152453,2025-04-28
152454,2025-04-28
152455,2025-04-28
152456,2025-04-28
152457,2025-04-28
152458,2025-04-28
152459,2025-04-28
152460,2025-04-28
152461,2025-04-28
152462,2025-04-28
152463,2025-04-28
152464,2025-04-28
152465,2025-04-28
152466,2025-04-28
152467,2025-04-28
152468,2025-04-28
152470,2025-04-28
152471,2025-04-28
152472,2025-04-28
152473,2025-04-28
152474,2025-04-28
152475,2025-04-28
152476,2025-04-28
152477,2025-04-28
152478,2025-04-28
152479,2025-04-28
152480,2025-04-28
152481,2025-04-28
152482,2025-04-28
152483,2025-04-28
152484,2025-04-28
152485,2025-04-28
152486,2025-04-28
152487,2025-04-28
152488,2025-04-28
152489,2025-04-28
152490,2025-04-28
152491,2025-04-28
152492,2025-04-28
152493,2025-04-28
152494,2025-04-28
152495,2025-04-28
152497,2025-04-28
152499,2025-04-28
152500,2025-04-28
152501,2025-04-28
152502,2025-04-28
152503,2025-04-28
152504,2025-04-28
152505,2025-04-28
152506,2025-04-29
152507,2025-04-29
152508,2025-04-29
152509,2025-04-29
152510,2025-04-29
152511,2025-04-29
152513,2025-04-29
152514,2025-04-29
152515,2025-04-29
152516,2025-04-29
152517,2025-04-29
152518,2025-04-29
152519,2025-04-29
152520,2025-04-29
152521,2025-04-29
152522,2025-04-29
152523,2025-04-29
152524,2025-04-29
152525,2025-04-29
152526,2025-04-29
152527,2025-04-29
152528,2025-04-29
152529,2025-04-29
152530,2025-04-29
152531,2025-04-29
152532,2025-04-29
152533,2025-04-29
152534,2025-04-29
152535,2025-04-29
152536,2025-04-29
152537,2025-04-29
152538,2025-04-29
152539,2025-04-29
152540,2025-04-29
152541,2025-04-29
152542,2025-04-29
152543,2025-04-29
152544,2025-04-29
152545,2025-04-29
152546,2025-04-29
152547,2025-04-29
152548,2025-04-29
152549,2025-04-29
152550,2025-04-29
152551,2025-04-29
152552,2025-04-29
152553,2025-04-29
152554,2025-04-29
152555,2025-04-29
152556,2025-04-29
152557,2025-04-29
152558,2025-04-29
152559,2025-04-29
152560,2025-04-29
152561,2025-04-29
152562,2025-04-29
152563,2025-04-29
152564,2025-04-29
152565,2025-04-29
152566,2025-04-29
152567,2025-04-29
152568,2025-04-29
152569,2025-04-29
152570,2025-04-29
152571,2025-04-29
152573,2025-04-29
152574,2025-04-29
152577,2025-04-29
152578,2025-04-29
152579,2025-04-29
152580,2025-04-29
152581,2025-04-29
152582,2025-04-29
152583,2025-04-29
152584,2025-04-29
152585,2025-04-29
152586,2025-04-29
152587,2025-04-29
152588,2025-04-29
152589,2025-04-29
152590,2025-04-29
152591,2025-04-29
152592,2025-04-29
152593,2025-04-29
152594,2025-04-29
152595,2025-04-29
152596,2025-04-29
152597,2025-04-29
152598,2025-04-29
152599,2025-04-29
152600,2025-04-29
152601,2025-04-29
152602,2025-04-29
152603,2025-04-29
152604,2025-04-29
152605,2025-04-30
152606,2025-04-30
152607,2025-04-30
152608,2025-04-30
152609,2025-04-30
152610,2025-04-30
152611,2025-04-30
152612,2025-04-30
152613,2025-04-30
152614,2025-04-30
152615,2025-04-30
152616,2025-04-30
152617,2025-04-30
152618,2025-04-30
152622,2025-04-30
152623,2025-04-30
152625,2025-04-30
152626,2025-04-30
152627,2025-04-30
152628,2025-04-30
152629,2025-04-30
152630,2025-04-30
152631,2025-04-30
152632,2025-04-30
152633,2025-04-30
152634,2025-04-30
152635,2025-04-30
152636,2025-04-30
152637,2025-04-30
152638,2025-04-30
152639,2025-04-30
152640,2025-04-30
152641,2025-04-30
152642,2025-04-30
152643,2025-04-30
152644,2025-04-30
152646,2025-04-30
152648,2025-04-30
152649,2025-04-30
152650,2025-04-30
152651,2025-04-30
152652,2025-04-30
152653,2025-04-30
152654,2025-04-30
152655,2025-04-30
152656,2025-04-30
152658,2025-04-30
152662,2025-04-30
152663,2025-04-30
152664,2025-04-30
152666,2025-04-30
152667,2025-04-30
152668,2025-04-30
152671,2025-04-30
152672,2025-04-30
152673,2025-04-30
152674,2025-04-30
152675,2025-04-30
152676,2025-04-30
152677,2025-04-30
152678,2025-04-30
152679,2025-04-30
152680,2025-04-30
152681,2025-04-30
152682,2025-04-30
152683,2025-04-30
152684,2025-04-30
152685,2025-04-30
152686,2025-04-30
152687,2025-04-30
152688,2025-04-30
152689,2025-04-30
152690,2025-04-30
152691,2025-04-30
152692,2025-04-30
152693,2025-04-30
152694,2025-04-30
152695,2025-04-30
152696,2025-04-30
152697,2025-04-30
152698,2025-04-30
152699,2025-04-30
152700,2025-04-30
152701,2025-04-30
152704,2025-04-30
152705,2025-04-30
152706,2025-04-30
152707,2025-05-01
152708,2025-05-01
152709,2025-05-01
152710,2025-05-01
152711,2025-05-01
152712,2025-05-01
152713,2025-05-01
152714,2025-05-01
152715,2025-05-01
152716,2025-05-01
152717,2025-05-01
152718,2025-05-01
152719,2025-05-01
152720,2025-05-01
152722,2025-05-01
152723,2025-05-01
152724,2025-05-01
152726,2025-05-01
152727,2025-05-01
152728,2025-05-01
152729,2025-05-01
152731,2025-05-01
152732,2025-05-01
152733,2025-05-01
152734,2025-05-01
152735,2025-05-01
152736,2025-05-01
152737,2025-05-01
152738,2025-05-01
152739,2025-05-01
152740,2025-05-01
152741,2025-05-01
152742,2025-05-01
152743,2025-05-01
152744,2025-05-01
152745,2025-05-01
152746,2025-05-01
152747,2025-05-01
152748,2025-05-01
152749,2025-05-01
152750,2025-05-01
152751,2025-05-01
152752,2025-05-01
152753,2025-05-01
152754,2025-05-01
152755,2025-05-01
152756,2025-05-01
152757,2025-05-01
152760,2025-05-01
152761,2025-05-01
152762,2025-05-01
152764,2025-05-01
152765,2025-05-01
152767,2025-05-01
152768,2025-05-01
152769,2025-05-01
152770,2025-05-01
152771,2025-05-01
152772,2025-05-01
152775,2025-05-01
152777,2025-05-01
152778,2025-05-01
152779,2025-05-01
152780,2025-05-01
152781,2025-05-01
152782,2025-05-01
152783,2025-05-01
152784,2025-05-01
152785,2025-05-01
152786,2025-05-01
152788,2025-05-01
152789,2025-05-01
152790,2025-05-01
152791,2025-05-01
152792,2025-05-01
152793,2025-05-01
152794,2025-05-01
152795,2025-05-01
152796,2025-05-01
152797,2025-05-01
152798,2025-05-01
152799,2025-05-01
152800,2025-05-01
152801,2025-05-01
152802,2025-05-01
152803,2025-05-01
152804,2025-05-01
152805,2025-05-01
152806,2025-05-01
152807,2025-05-01
152808,2025-05-01
152809,2025-05-01
152810,2025-05-01
152811,2025-05-01
152812,2025-05-01
152814,2025-05-01
152815,2025-05-01
152816,2025-05-01
152817,2025-05-01
152818,2025-05-01
152819,2025-05-01
152820,2025-05-01
152822,2025-05-01
152824,2025-05-01
152825,2025-05-01
152826,2025-05-01
152827,2025-05-01
152828,2025-05-01
152829,2025-05-01
152830,2025-05-02
152831,2025-05-02
152832,2025-05-02
152833,2025-05-02
152834,2025-05-02
152835,2025-05-02
152837,2025-05-02
152838,2025-05-02
152839,2025-05-02
152840,2025-05-02
152841,2025-05-02
152843,2025-05-02
152844,2025-05-02
152845,2025-05-02
152846,2025-05-02
152847,2025-05-02
152848,2025-05-02
152849,2025-05-02
152850,2025-05-02
152851,2025-05-02
152852,2025-05-02
152853,2025-05-02
152854,2025-05-02
152855,2025-05-02
152856,2025-05-02
152857,2025-05-02
152858,2025-05-02
152859,2025-05-02
152860,2025-05-02
152861,2025-05-02
152862,2025-05-02
152863,2025-05-02
152864,2025-05-02
152865,2025-05-02
152866,2025-05-02
152867,2025-05-02
152868,2025-05-02
152869,2025-05-02
152870,2025-05-02
152871,2025-05-02
152872,2025-05-02
152873,2025-05-02
152874,2025-05-02
152875,2025-05-02
152876,2025-05-02
152877,2025-05-02
152878,2025-05-02
152879,2025-05-02
152880,2025-05-02
152881,2025-05-02
152882,2025-05-02
152883,2025-05-02
152884,2025-05-02
152885,2025-05-02
152886,2025-05-02
152887,2025-05-02
152888,2025-05-02
152889,2025-05-02
152890,2025-05-02
152891,2025-05-02
152892,2025-05-02
152893,2025-05-02
152894,2025-05-02
152895,2025-05-02
152896,2025-05-02
152897,2025-05-02
152898,2025-05-02
152899,2025-05-02
152900,2025-05-02
152902,2025-05-02
152903,2025-05-02
152908,2025-05-02
152910,2025-05-02
152911,2025-05-02
152913,2025-05-02
152914,2025-05-02
152915,2025-05-02
152916,2025-05-02
152917,2025-05-02
152918,2025-05-02
152919,2025-05-02
152922,2025-05-02
152923,2025-05-05
152924,2025-05-05
152925,2025-05-05
152926,2025-05-05
152927,2025-05-05
152928,2025-05-05
152929,2025-05-05
152931,2025-05-05
152932,2025-05-05
152933,2025-05-05
152934,2025-05-05
152935,2025-05-05
152936,2025-05-05
152937,2025-05-05
152938,2025-05-05
152939,2025-05-05
152940,2025-05-05
152941,2025-05-05
152942,2025-05-05
152943,2025-05-05
152944,2025-05-05
152945,2025-05-05
152946,2025-05-05
152947,2025-05-05
152948,2025-05-05
152949,2025-05-05
152950,2025-05-05
152951,2025-05-05
152952,2025-05-05
152953,2025-05-05
152954,2025-05-05
152955,2025-05-05
152956,2025-05-05
152957,2025-05-05
152958,2025-05-05
152959,2025-05-05
152960,2025-05-05
152961,2025-05-05
152962,2025-05-05
152964,2025-05-05
152965,2025-05-05
152966,2025-05-05
152967,2025-05-05
152968,2025-05-05
152969,2025-05-05
152970,2025-05-05
152971,2025-05-05
152972,2025-05-05
152973,2025-05-05
152974,2025-05-05
152975,2025-05-05
152976,2025-05-05
152977,2025-05-05
152978,2025-05-05
152979,2025-05-05
152980,2025-05-05
152981,2025-05-05
152982,2025-05-05
152984,2025-05-05
152985,2025-05-05
152986,2025-05-05
152987,2025-05-05
152988,2025-05-05
152989,2025-05-05
152990,2025-05-05
152993,2025-05-05
152994,2025-05-05
152995,2025-05-05
152996,2025-05-05
152997,2025-05-05
152998,2025-05-05
152999,2025-05-05
153000,2025-05-05
153001,2025-05-05
153002,2025-05-05
153003,2025-05-05
153004,2025-05-05
153005,2025-05-05
153006,2025-05-05
153007,2025-05-05
153008,2025-05-05
153009,2025-05-05
153010,2025-05-05
153011,2025-05-05
153014,2025-05-05
153016,2025-05-06
153017,2025-05-06
153018,2025-05-06
153019,2025-05-06
153020,2025-05-06
153021,2025-05-06
153022,2025-05-06
153024,2025-05-06
153025,2025-05-06
153026,2025-05-06
153027,2025-05-06
153028,2025-05-06
153029,2025-05-06
153030,2025-05-06
153031,2025-05-06
153032,2025-05-06
153033,2025-05-06
153034,2025-05-06
153035,2025-05-06
153037,2025-05-06
153038,2025-05-06
153039,2025-05-06
153040,2025-05-06
153041,2025-05-06
153042,2025-05-06
153043,2025-05-06
153044,2025-05-06
153045,2025-05-06
153048,2025-05-06
153049,2025-05-06
153050,2025-05-06
153051,2025-05-06
153052,2025-05-06
153053,2025-05-06
153054,2025-05-06
153055,2025-05-06
153056,2025-05-06
153058,2025-05-06
153059,2025-05-06
153060,2025-05-06
153061,2025-05-06
153062,2025-05-06
153063,2025-05-06
153064,2025-05-06
153065,2025-05-06
153066,2025-05-06
153067,2025-05-06
153068,2025-05-06
153070,2025-05-06
153071,2025-05-06
153075,2025-05-06
153076,2025-05-06
153077,2025-05-06
153078,2025-05-06
153079,2025-05-06
153080,2025-05-06
153082,2025-05-06
153083,2025-05-06
153084,2025-05-06
153085,2025-05-06
153086,2025-05-06
153087,2025-05-06
153088,2025-05-06
153089,2025-05-06
153090,2025-05-06
153091,2025-05-06
153092,2025-05-06
153093,2025-05-06
153094,2025-05-06
153095,2025-05-06
153096,2025-05-06
153097,2025-05-06
153098,2025-05-06
153099,2025-05-06
153100,2025-05-06
153101,2025-05-06
153104,2025-05-07
153105,2025-05-07
153106,2025-05-07
153107,2025-05-07
153108,2025-05-07
153109,2025-05-07
153110,2025-05-07
153111,2025-05-07
153112,2025-05-07
153113,2025-05-07
153114,2025-05-07
153115,2025-05-07
153116,2025-05-07
153117,2025-05-07
153118,2025-05-07
153119,2025-05-07
153120,2025-05-07
153121,2025-05-07
153122,2025-05-07
153123,2025-05-07
153124,2025-05-07
153125,2025-05-07
153126,2025-05-07
153127,2025-05-07
153128,2025-05-07
153129,2025-05-07
153130,2025-05-07
153131,2025-05-07
153132,2025-05-07
153133,2025-05-07
153134,2025-05-07
153135,2025-05-07
153137,2025-05-07
153138,2025-05-07
153139,2025-05-07
153140,2025-05-07
153141,2025-05-07
153142,2025-05-07
153143,2025-05-07
153144,2025-05-07
153145,2025-05-07
153146,2025-05-07
153147,2025-05-07
153148,2025-05-07
153149,2025-05-07
153150,2025-05-07
153151,2025-05-07
153152,2025-05-07
153153,2025-05-07
153155,2025-05-07
153156,2025-05-07
153157,2025-05-07
153158,2025-05-07
153159,2025-05-07
153160,2025-05-07
153161,2025-05-07
153162,2025-05-07
153163,2025-05-07
153164,2025-05-07
153166,2025-05-07
153167,2025-05-07
153168,2025-05-07
153169,2025-05-07
153170,2025-05-07
153171,2025-05-07
153172,2025-05-07
153173,2025-05-07
153174,2025-05-07
153175,2025-05-07
153176,2025-05-07
153177,2025-05-07
153178,2025-05-07
153179,2025-05-07
153180,2025-05-07
153181,2025-05-07
153182,2025-05-07
153183,2025-05-07
153184,2025-05-07
153185,2025-05-07
153186,2025-05-07
153187,2025-05-07
153188,2025-05-07
153189,2025-05-07
153190,2025-05-07
153191,2025-05-07
153192,2025-05-07
153193,2025-05-07
153194,2025-05-07
153195,2025-05-07
153196,2025-05-07
153197,2025-05-07
153198,2025-05-08
153199,2025-05-08
153200,2025-05-08
153201,2025-05-08
153202,2025-05-08
153203,2025-05-08
153206,2025-05-08
153207,2025-05-08
153208,2025-05-08
153209,2025-05-08
153212,2025-05-08
153213,2025-05-08
153215,2025-05-08
153216,2025-05-08
153217,2025-05-08
153218,2025-05-08
153220,2025-05-08
153221,2025-05-08
153222,2025-05-08
153223,2025-05-08
153224,2025-05-08
153225,2025-05-08
153226,2025-05-08
153227,2025-05-08
153228,2025-05-08
153229,2025-05-08
153231,2025-05-08
153232,2025-05-08
153233,2025-05-08
153234,2025-05-08
153235,2025-05-08
153236,2025-05-08
153237,2025-05-08
153238,2025-05-08
153239,2025-05-08
153240,2025-05-08
153242,2025-05-08
153243,2025-05-08
153244,2025-05-08
153245,2025-05-08
153246,2025-05-08
153247,2025-05-08
153248,2025-05-08
153249,2025-05-08
153250,2025-05-08
153251,2025-05-08
153252,2025-05-08
153253,2025-05-08
153254,2025-05-08
153255,2025-05-08
153256,2025-05-08
153257,2025-05-08
153258,2025-05-08
153259,2025-05-08
153260,2025-05-08
153261,2025-05-08
153262,2025-05-08
153263,2025-05-08
153264,2025-05-08
153265,2025-05-08
153266,2025-05-08
153267,2025-05-08
153268,2025-05-08
153269,2025-05-09
153270,2025-05-09
153271,2025-05-09
153272,2025-05-09
153273,2025-05-09
153274,2025-05-09
153275,2025-05-09
153276,2025-05-09
153277,2025-05-09
153278,2025-05-09
153279,2025-05-09
153280,2025-05-09
153281,2025-05-09
153282,2025-05-09
153285,2025-05-09
153286,2025-05-09
153287,2025-05-09
153288,2025-05-09
153289,2025-05-09
153290,2025-05-09
153291,2025-05-09
153292,2025-05-09
153293,2025-05-09
153294,2025-05-09
153295,2025-05-09
153296,2025-05-09
153297,2025-05-09
153298,2025-05-09
153299,2025-05-09
153300,2025-05-09
153301,2025-05-09
153302,2025-05-09
153303,2025-05-09
153304,2025-05-09
153306,2025-05-09
153307,2025-05-09
153308,2025-05-09
153309,2025-05-09
153312,2025-05-09
153313,2025-05-09
153317,2025-05-09
153318,2025-05-09
153319,2025-05-09
153320,2025-05-09
153321,2025-05-09
153322,2025-05-09
153323,2025-05-09
153324,2025-05-09
153325,2025-05-09
153326,2025-05-09
153327,2025-05-09
153328,2025-05-09
153329,2025-05-09
153330,2025-05-09
153332,2025-05-09
153335,2025-05-09
153336,2025-05-09
153337,2025-05-09
153338,2025-05-09
153339,2025-05-09
153340,2025-05-09
153341,2025-05-09
153342,2025-05-09
153343,2025-05-09
153344,2025-05-09
153346,2025-05-09
153347,2025-05-09
153348,2025-05-09
153349,2025-05-09
153350,2025-05-09
153351,2025-05-09
153352,2025-05-09
153353,2025-05-09
153354,2025-05-09
153355,2025-05-09
153356,2025-05-09
153359,2025-05-09
153362,2025-05-09
153363,2025-05-09
153364,2025-05-10
153365,2025-05-10
153366,2025-05-10
153367,2025-05-10
153368,2025-05-10
153369,2025-05-10
153370,2025-05-10
153371,2025-05-10
153372,2025-05-10
153373,2025-05-10
153374,2025-05-10
153375,2025-05-10
153378,2025-05-10
153379,2025-05-10
153380,2025-05-10
153381,2025-05-10
153382,2025-05-10
153383,2025-05-10
153384,2025-05-10
153385,2025-05-10
153386,2025-05-10
153387,2025-05-10
153388,2025-05-10
153389,2025-05-10
153390,2025-05-10
153391,2025-05-10
153392,2025-05-10
153393,2025-05-10
153394,2025-05-10
153395,2025-05-10
153396,2025-05-10
153397,2025-05-10
153398,2025-05-10
153399,2025-05-10
153400,2025-05-10
153401,2025-05-10
153402,2025-05-10
153403,2025-05-10
153404,2025-05-10
153405,2025-05-10
153406,2025-05-10
153407,2025-05-10
153408,2025-05-10
153409,2025-05-10
153410,2025-05-10
153415,2025-05-10
153416,2025-05-10
153417,2025-05-10
153418,2025-05-10
153419,2025-05-10
153420,2025-05-10
153421,2025-05-10
153424,2025-05-10
153425,2025-05-10
153426,2025-05-10
153427,2025-05-10
153430,2025-05-10
153431,2025-05-10
153432,2025-05-10
153433,2025-05-10
153434,2025-05-10
153435,2025-05-10
153436,2025-05-10
153437,2025-05-10
153438,2025-05-10
153439,2025-05-10
153440,2025-05-10
153441,2025-05-10
153442,2025-05-10
153443,2025-05-10
153444,2025-05-10
153445,2025-05-10
153446,2025-05-10
153447,2025-05-10
153448,2025-05-10
153450,2025-05-10
153451,2025-05-10
153452,2025-05-10
153453,2025-05-10
153454,2025-05-10
153455,2025-05-10
153456,2025-05-10
153457,2025-05-10
153458,2025-05-10
153459,2025-05-10
153461,2025-05-10
153464,2025-05-12
153465,2025-05-12
153466,2025-05-12
153467,2025-05-12
153468,2025-05-12
153469,2025-05-12
153470,2025-05-12
153472,2025-05-12
153473,2025-05-12
153474,2025-05-12
153475,2025-05-12
153477,2025-05-12
153478,2025-05-12
153479,2025-05-12
153480,2025-05-12
153481,2025-05-12
153482,2025-05-12
153483,2025-05-12
153484,2025-05-12
153485,2025-05-12
153486,2025-05-12
153487,2025-05-12
153488,2025-05-12
153489,2025-05-12
153490,2025-05-12
153491,2025-05-12
153492,2025-05-12
153493,2025-05-12
153494,2025-05-13
153495,2025-05-13
153496,2025-05-13
153497,2025-05-13
153498,2025-05-13
153499,2025-05-13
153500,2025-05-13
153501,2025-05-13
153502,2025-05-13
153503,2025-05-13
153504,2025-05-13
153505,2025-05-13
153506,2025-05-13
153507,2025-05-13
153508,2025-05-13
153509,2025-05-13
153510,2025-05-13
153511,2025-05-13
153512,2025-05-13
153513,2025-05-13
153514,2025-05-13
153515,2025-05-13
153516,2025-05-13
153517,2025-05-13
153518,2025-05-13
153519,2025-05-13
153520,2025-05-13
153521,2025-05-13
153523,2025-05-13
153524,2025-05-13
153526,2025-05-13
153527,2025-05-13
153528,2025-05-13
153529,2025-05-13
153530,2025-05-13
153531,2025-05-13
153532,2025-05-13
153533,2025-05-13
153534,2025-05-13
153535,2025-05-13
153536,2025-05-13
153537,2025-05-13
153538,2025-05-13
153539,2025-05-13
153540,2025-05-13
153541,2025-05-13
153542,2025-05-13
153543,2025-05-13
153545,2025-05-13
153546,2025-05-13
153547,2025-05-13
153549,2025-05-13
153550,2025-05-13
153553,2025-05-13
153554,2025-05-13
153555,2025-05-13
153556,2025-05-13
153557,2025-05-13
153558,2025-05-13
153561,2025-05-13
153562,2025-05-13
153563,2025-05-13
153564,2025-05-13
153565,2025-05-13
153566,2025-05-13
153567,2025-05-13
153568,2025-05-13
153569,2025-05-13
153570,2025-05-13
153571,2025-05-13
153572,2025-05-13
153573,2025-05-13
153574,2025-05-13
153575,2025-05-13
153576,2025-05-13
153578,2025-05-13
153579,2025-05-13
153580,2025-05-13
153581,2025-05-13
153584,2025-05-13
153586,2025-05-13
153587,2025-05-13
153589,2025-05-13
153592,2025-05-13
153594,2025-05-13
153596,2025-05-13
153598,2025-05-13
153600,2025-05-13
153602,2025-05-13
153604,2025-05-14
153605,2025-05-14
153606,2025-05-14
153607,2025-05-14
153608,2025-05-14
153609,2025-05-14
153611,2025-05-14
153612,2025-05-14
153613,2025-05-14
153614,2025-05-14
153615,2025-05-14
153616,2025-05-14
153617,2025-05-14
153618,2025-05-14
153619,2025-05-14
153620,2025-05-14
153621,2025-05-14
153622,2025-05-14
153623,2025-05-14
153624,2025-05-14
153625,2025-05-14
153627,2025-05-14
153628,2025-05-14
153629,2025-05-14
153630,2025-05-14
153631,2025-05-14
153632,2025-05-14
153633,2025-05-14
153634,2025-05-14
153635,2025-05-14
153636,2025-05-14
153637,2025-05-14
153638,2025-05-14
153639,2025-05-14
153640,2025-05-14
153641,2025-05-14
153642,2025-05-14
153643,2025-05-14
153644,2025-05-14
153645,2025-05-14
153646,2025-05-14
153647,2025-05-14
153648,2025-05-14
153649,2025-05-14
153650,2025-05-14
153651,2025-05-14
153652,2025-05-14
153653,2025-05-14
153654,2025-05-14
153655,2025-05-14
153656,2025-05-14
153661,2025-05-14
153663,2025-05-14
153665,2025-05-14
153666,2025-05-14
153667,2025-05-14
153668,2025-05-14
153670,2025-05-14
153671,2025-05-14
153672,2025-05-14
153673,2025-05-14
153674,2025-05-14
153675,2025-05-14
153676,2025-05-14
153677,2025-05-14
153678,2025-05-14
153679,2025-05-14
153680,2025-05-14
153681,2025-05-14
153682,2025-05-14
153683,2025-05-14
153685,2025-05-14
153688,2025-05-14
153691,2025-05-14
153693,2025-05-14
153696,2025-05-14
153699,2025-05-14
153701,2025-05-14
153703,2025-05-14
153705,2025-05-14
153708,2025-05-14
153711,2025-05-14
153713,2025-05-14
153715,2025-05-15
153716,2025-05-15
153717,2025-05-15
153718,2025-05-15
153719,2025-05-15
153720,2025-05-15
153721,2025-05-15
153723,2025-05-15
153724,2025-05-15
153725,2025-05-15
153727,2025-05-15
153728,2025-05-15
153730,2025-05-15
153731,2025-05-15
153733,2025-05-15
153734,2025-05-15
153735,2025-05-15
153737,2025-05-15
153738,2025-05-15
153739,2025-05-15
153741,2025-05-15
153742,2025-05-15
153743,2025-05-15
153744,2025-05-15
153745,2025-05-15
153746,2025-05-15
153747,2025-05-15
153748,2025-05-15
153749,2025-05-15
153750,2025-05-15
153752,2025-05-15
153753,2025-05-15
153754,2025-05-15
153756,2025-05-15
153757,2025-05-15
153758,2025-05-15
153759,2025-05-15
153760,2025-05-15
153761,2025-05-15
153762,2025-05-15
153763,2025-05-15
153764,2025-05-15
153765,2025-05-15
153766,2025-05-15
153768,2025-05-15
153770,2025-05-15
153771,2025-05-15
153772,2025-05-15
153773,2025-05-15
153774,2025-05-15
153775,2025-05-15
153776,2025-05-15
153777,2025-05-15
153778,2025-05-15
153779,2025-05-15
153780,2025-05-15
153781,2025-05-15
153782,2025-05-15
153783,2025-05-15
153784,2025-05-15
153785,2025-05-15
153786,2025-05-15
153787,2025-05-15
153788,2025-05-15
153789,2025-05-15
153790,2025-05-15
153791,2025-05-15
153792,2025-05-15
153793,2025-05-15
153794,2025-05-15
153795,2025-05-15
153796,2025-05-15
153797,2025-05-15
153798,2025-05-15
153799,2025-05-15
153800,2025-05-15
153801,2025-05-15
153802,2025-05-15
153803,2025-05-15
153804,2025-05-15
153805,2025-05-15
153806,2025-05-15
153807,2025-05-15
153808,2025-05-15
153809,2025-05-16
153810,2025-05-16
153811,2025-05-16
153812,2025-05-16
153813,2025-05-16
153814,2025-05-16
153815,2025-05-16
153816,2025-05-16
153817,2025-05-16
153818,2025-05-16
153819,2025-05-16
153820,2025-05-16
153821,2025-05-16
153822,2025-05-16
153823,2025-05-16
153824,2025-05-16
153825,2025-05-16
153826,2025-05-16
153827,2025-05-16
153828,2025-05-16
153829,2025-05-16
153830,2025-05-16
153831,2025-05-16
153832,2025-05-16
153833,2025-05-16
153834,2025-05-16
153836,2025-05-16
153837,2025-05-16
153838,2025-05-16
153839,2025-05-16
153840,2025-05-16
153841,2025-05-16
153842,2025-05-16
153844,2025-05-16
153847,2025-05-16
153848,2025-05-16
153849,2025-05-16
153850,2025-05-16
153851,2025-05-16
153852,2025-05-16
153853,2025-05-16
153854,2025-05-16
153855,2025-05-16
153856,2025-05-16
153857,2025-05-16
153858,2025-05-16
153859,2025-05-16
153860,2025-05-16
153861,2025-05-16
153862,2025-05-16
153863,2025-05-16
153864,2025-05-16
153865,2025-05-16
153866,2025-05-16
153867,2025-05-16
153868,2025-05-16
153869,2025-05-16
153872,2025-05-16
153873,2025-05-16
153874,2025-05-16
153875,2025-05-16
153876,2025-05-16
153877,2025-05-16
153878,2025-05-16
153879,2025-05-16
153880,2025-05-16
153881,2025-05-16
153882,2025-05-16
153883,2025-05-16
153885,2025-05-16
153886,2025-05-16
153887,2025-05-16
153888,2025-05-16
153889,2025-05-16
153890,2025-05-16
153891,2025-05-16
153892,2025-05-16
153893,2025-05-16
153894,2025-05-16
153895,2025-05-16
153896,2025-05-16
153897,2025-05-16
153898,2025-05-16
153899,2025-05-16
153901,2025-05-16
153902,2025-05-16
153904,2025-05-16
153905,2025-05-16
153906,2025-05-19
153907,2025-05-19
153908,2025-05-19
153909,2025-05-19
153910,2025-05-19
153911,2025-05-19
153912,2025-05-19
153913,2025-05-19
153914,2025-05-19
153915,2025-05-19
153916,2025-05-19
153917,2025-05-19
153918,2025-05-19
153919,2025-05-19
153920,2025-05-19
153921,2025-05-19
153922,2025-05-19
153923,2025-05-19
153924,2025-05-19
153925,2025-05-19
153926,2025-05-19
153927,2025-05-19
153928,2025-05-19
153929,2025-05-19
153930,2025-05-19
153931,2025-05-19
153932,2025-05-19
153933,2025-05-19
153934,2025-05-19
153935,2025-05-19
153936,2025-05-19
153937,2025-05-19
153938,2025-05-19
153939,2025-05-19
153940,2025-05-19
153941,2025-05-19
153942,2025-05-19
153943,2025-05-19
153944,2025-05-19
153945,2025-05-19
153946,2025-05-19
153947,2025-05-19
153948,2025-05-19
153949,2025-05-19
153950,2025-05-19
153952,2025-05-19
153953,2025-05-19
153954,2025-05-19
153955,2025-05-19
153956,2025-05-19
153957,2025-05-19
153958,2025-05-19
153959,2025-05-19
153960,2025-05-19
153961,2025-05-19
153962,2025-05-19
153963,2025-05-19
153964,2025-05-19
153966,2025-05-19
153967,2025-05-19
153968,2025-05-19
153969,2025-05-19
153970,2025-05-19
153971,2025-05-19
153972,2025-05-19
153973,2025-05-19
153974,2025-05-19
153975,2025-05-19
153976,2025-05-19
153977,2025-05-19
153978,2025-05-19
153979,2025-05-19
153980,2025-05-19
153981,2025-05-19
153982,2025-05-19
153983,2025-05-19
153984,2025-05-19
153985,2025-05-20
153986,2025-05-20
153987,2025-05-20
153988,2025-05-20
153989,2025-05-20
153990,2025-05-20
153992,2025-05-20
153993,2025-05-20
153994,2025-05-20
153995,2025-05-20
153996,2025-05-20
153997,2025-05-20
153998,2025-05-20
153999,2025-05-20
154000,2025-05-20
154001,2025-05-20
154002,2025-05-20
154003,2025-05-20
154004,2025-05-20
154005,2025-05-20
154006,2025-05-20
154007,2025-05-20
154008,2025-05-20
154009,2025-05-20
154010,2025-05-20
154011,2025-05-20
154012,2025-05-20
154013,2025-05-20
154014,2025-05-20
154015,2025-05-20
154016,2025-05-20
154017,2025-05-20
154018,2025-05-20
154021,2025-05-20
154022,2025-05-20
154023,2025-05-20
154024,2025-05-20
154025,2025-05-20
154026,2025-05-20
154027,2025-05-20
154028,2025-05-20
154029,2025-05-20
154030,2025-05-20
154031,2025-05-20
154032,2025-05-20
154033,2025-05-20
154034,2025-05-20
154035,2025-05-20
154036,2025-05-20
154037,2025-05-20
154039,2025-05-20
154040,2025-05-20
154041,2025-05-20
154042,2025-05-20
154043,2025-05-20
154044,2025-05-20
154045,2025-05-20
154046,2025-05-20
154047,2025-05-20
154048,2025-05-20
154049,2025-05-20
154050,2025-05-20
154051,2025-05-20
154053,2025-05-20
154054,2025-05-20
154056,2025-05-20
154057,2025-05-20
154058,2025-05-20
154059,2025-05-20
154060,2025-05-20
154061,2025-05-20
154062,2025-05-20
154063,2025-05-20
154064,2025-05-20
154065,2025-05-20
154066,2025-05-20
154067,2025-05-20
154068,2025-05-20
154069,2025-05-20
154070,2025-05-20
154071,2025-05-20
154072,2025-05-20
154074,2025-05-20
154075,2025-05-20
154076,2025-05-20
154077,2025-05-20
154078,2025-05-20
154079,2025-05-20
154080,2025-05-20
154081,2025-05-20
154082,2025-05-20
154084,2025-05-20
154085,2025-05-20
154086,2025-05-21
154087,2025-05-21
154088,2025-05-21
154089,2025-05-21
154090,2025-05-21
154091,2025-05-21
154094,2025-05-21
154095,2025-05-21
154096,2025-05-21
154097,2025-05-21
154100,2025-05-21
154102,2025-05-21
154103,2025-05-21
154104,2025-05-21
154105,2025-05-21
154107,2025-05-21
154108,2025-05-21
154109,2025-05-21
154110,2025-05-21
154111,2025-05-21
154112,2025-05-21
154113,2025-05-21
154114,2025-05-21
154116,2025-05-21
154117,2025-05-21
154118,2025-05-21
154119,2025-05-21
154120,2025-05-21
154121,2025-05-21
154122,2025-05-21
154123,2025-05-21
154124,2025-05-21
154126,2025-05-21
154127,2025-05-21
154128,2025-05-21
154130,2025-05-21
154131,2025-05-21
154132,2025-05-21
154133,2025-05-21
154134,2025-05-21
154138,2025-05-21
154139,2025-05-21
154140,2025-05-21
154141,2025-05-21
154142,2025-05-21
154143,2025-05-21
154145,2025-05-21
154146,2025-05-21
154147,2025-05-21
154148,2025-05-21
154153,2025-05-21
154154,2025-05-21
154155,2025-05-21
154156,2025-05-21
154157,2025-05-21
154160,2025-05-21
154161,2025-05-21
154162,2025-05-21
154163,2025-05-21
154168,2025-05-21
154173,2025-05-21
154174,2025-05-21
154176,2025-05-21
154177,2025-05-21
154178,2025-05-21
154179,2025-05-21
154180,2025-05-21
154181,2025-05-21
154182,2025-05-21
154183,2025-05-21
154184,2025-05-21
154185,2025-05-21
154186,2025-05-21
154188,2025-05-21
154192,2025-05-22
154193,2025-05-22
154194,2025-05-22
154195,2025-05-22
154196,2025-05-22
154197,2025-05-22
154198,2025-05-22
154199,2025-05-22
154201,2025-05-22
154202,2025-05-22
154203,2025-05-22
154204,2025-05-22
154205,2025-05-22
154206,2025-05-22
154209,2025-05-22
154211,2025-05-22
154212,2025-05-22
154213,2025-05-22
154214,2025-05-22
154215,2025-05-22
154216,2025-05-22
154217,2025-05-22
154218,2025-05-22
154219,2025-05-22
154220,2025-05-22
154221,2025-05-22
154222,2025-05-22
154223,2025-05-22
154224,2025-05-22
154225,2025-05-22
154226,2025-05-22
154227,2025-05-22
154228,2025-05-22
154229,2025-05-22
154230,2025-05-22
154231,2025-05-22
154232,2025-05-22
154233,2025-05-22
154234,2025-05-22
154235,2025-05-22
154236,2025-05-22
154237,2025-05-22
154238,2025-05-22
154239,2025-05-22
154240,2025-05-22
154241,2025-05-22
154242,2025-05-22
154243,2025-05-22
154245,2025-05-22
154246,2025-05-22
154247,2025-05-22
154248,2025-05-22
154249,2025-05-22
154250,2025-05-22
154251,2025-05-22
154252,2025-05-22
154253,2025-05-22
154254,2025-05-22
154255,2025-05-22
154256,2025-05-22
154257,2025-05-22
154258,2025-05-22
154259,2025-05-22
154260,2025-05-22
154261,2025-05-22
154262,2025-05-22
154263,2025-05-22
154264,2025-05-22
154265,2025-05-22
154266,2025-05-22
154267,2025-05-22
154268,2025-05-22
154270,2025-05-23
154271,2025-05-23
154272,2025-05-23
154273,2025-05-23
154274,2025-05-23
154275,2025-05-23
154278,2025-05-23
154279,2025-05-23
154280,2025-05-23
154281,2025-05-23
154282,2025-05-23
154284,2025-05-23
154285,2025-05-23
154286,2025-05-23
154287,2025-05-23
154288,2025-05-23
154289,2025-05-23
154290,2025-05-23
154291,2025-05-23
154292,2025-05-23
154293,2025-05-23
154294,2025-05-23
154295,2025-05-23
154297,2025-05-23
154298,2025-05-23
154299,2025-05-23
154300,2025-05-23
154301,2025-05-23
154302,2025-05-23
154303,2025-05-23
154304,2025-05-23
154305,2025-05-23
154306,2025-05-23
154307,2025-05-23
154308,2025-05-23
154309,2025-05-23
154310,2025-05-23
154311,2025-05-23
154312,2025-05-23
154313,2025-05-23
154314,2025-05-23
154315,2025-05-23
154316,2025-05-23
154317,2025-05-23
154318,2025-05-23
154319,2025-05-23
154320,2025-05-23
154321,2025-05-23
154322,2025-05-23
154323,2025-05-23
154324,2025-05-23
154325,2025-05-23
154326,2025-05-23
154327,2025-05-23
154328,2025-05-23
154329,2025-05-23
154330,2025-05-23
154331,2025-05-23
154332,2025-05-23
154333,2025-05-23
154334,2025-05-23
154335,2025-05-23
154336,2025-05-23
154337,2025-05-23
154338,2025-05-23
154339,2025-05-23
154340,2025-05-23
154341,2025-05-23
154342,2025-05-23
154343,2025-05-23
154344,2025-05-23
154345,2025-05-23
154347,2025-05-23
154349,2025-05-23
154350,2025-05-23
154351,2025-05-23
154352,2025-05-23
154353,2025-05-23
154355,2025-05-23
154356,2025-05-23
154357,2025-05-23
154358,2025-05-23
154359,2025-05-23
154360,2025-05-23
154362,2025-05-23
154363,2025-05-23
154364,2025-05-23
154365,2025-05-23
154366,2025-05-23
154367,2025-05-23
154368,2025-05-23
154369,2025-05-23
154370,2025-05-23
154371,2025-05-23
154372,2025-05-23
154373,2025-05-23
154374,2025-05-23
154375,2025-05-23
154376,2025-05-23
154377,2025-05-23
154378,2025-05-24
154379,2025-05-24
154380,2025-05-24
154381,2025-05-24
154382,2025-05-24
154383,2025-05-24
154384,2025-05-24
154385,2025-05-24
154386,2025-05-24
154387,2025-05-24
154388,2025-05-24
154389,2025-05-24
154390,2025-05-24
154391,2025-05-24
154392,2025-05-24
154393,2025-05-24
154394,2025-05-24
154395,2025-05-24
154396,2025-05-24
154397,2025-05-24
154398,2025-05-24
154399,2025-05-24
154400,2025-05-24
154401,2025-05-24
154402,2025-05-24
154403,2025-05-24
154404,2025-05-24
154405,2025-05-24
154406,2025-05-24
154407,2025-05-24
154408,2025-05-24
154409,2025-05-24
154410,2025-05-24
154411,2025-05-24
154412,2025-05-24
154413,2025-05-24
154414,2025-05-24
154416,2025-05-24
154417,2025-05-24
154418,2025-05-24
154419,2025-05-24
154421,2025-05-24
154423,2025-05-24
154425,2025-05-24
154427,2025-05-24
154428,2025-05-24
154429,2025-05-24
154430,2025-05-24
154431,2025-05-24
154432,2025-05-24
154434,2025-05-24
154435,2025-05-24
154436,2025-05-24
154437,2025-05-24
154438,2025-05-24
154440,2025-05-24
154441,2025-05-24
154442,2025-05-24
154443,2025-05-24
154444,2025-05-24
154445,2025-05-24
154446,2025-05-24
154447,2025-05-24
154448,2025-05-24
154449,2025-05-24
154450,2025-05-24
154451,2025-05-24
154454,2025-05-24
154455,2025-05-24
154456,2025-05-24
154457,2025-05-24
154459,2025-05-24
154460,2025-05-24
154461,2025-05-24
154462,2025-05-24
154463,2025-05-24
154464,2025-05-24
154467,2025-05-24
154468,2025-05-24
154469,2025-05-26
154470,2025-05-26
154471,2025-05-26
154472,2025-05-26
154473,2025-05-26
154474,2025-05-26
154475,2025-05-26
154477,2025-05-26
154478,2025-05-26
154479,2025-05-26
154480,2025-05-26
154481,2025-05-26
154482,2025-05-26
154483,2025-05-26
154484,2025-05-26
154485,2025-05-26
154486,2025-05-26
154487,2025-05-26
154488,2025-05-26
154489,2025-05-26
154490,2025-05-26
154491,2025-05-26
154492,2025-05-26
154493,2025-05-26
154495,2025-05-26
154496,2025-05-26
154497,2025-05-26
154498,2025-05-26
154499,2025-05-26
154500,2025-05-26
154501,2025-05-26
154502,2025-05-26
154503,2025-05-26
154504,2025-05-26
154505,2025-05-26
154506,2025-05-26
154507,2025-05-26
154508,2025-05-26
154509,2025-05-26
154510,2025-05-26
154512,2025-05-26
154513,2025-05-26
154514,2025-05-26
154515,2025-05-26
154516,2025-05-26
154517,2025-05-26
154518,2025-05-26
154519,2025-05-26
154520,2025-05-26
154521,2025-05-26
154522,2025-05-26
154523,2025-05-26
154524,2025-05-26
154525,2025-05-26
154527,2025-05-26
154528,2025-05-26
154529,2025-05-26
154530,2025-05-26
154531,2025-05-26
154532,2025-05-26
154533,2025-05-26
154534,2025-05-26
154535,2025-05-26
154536,2025-05-26
154537,2025-05-26
154538,2025-05-26
154539,2025-05-26
154540,2025-05-26
154541,2025-05-26
154542,2025-05-26
154543,2025-05-26
154545,2025-05-26
154546,2025-05-26
154547,2025-05-26
154549,2025-05-26
154550,2025-05-26
154551,2025-05-26
154552,2025-05-26
154553,2025-05-26
154554,2025-05-26
154555,2025-05-26
154557,2025-05-26
154558,2025-05-26
154559,2025-05-26
154560,2025-05-27
154561,2025-05-27
154562,2025-05-27
154563,2025-05-27
154564,2025-05-27
154565,2025-05-27
154566,2025-05-27
154567,2025-05-27
154568,2025-05-27
154569,2025-05-27
154570,2025-05-27
154571,2025-05-27
154572,2025-05-27
154573,2025-05-27
154574,2025-05-27
154575,2025-05-27
154577,2025-05-27
154578,2025-05-27
154579,2025-05-27
154580,2025-05-27
154581,2025-05-27
154585,2025-05-27
154588,2025-05-27
154589,2025-05-27
154590,2025-05-27
154591,2025-05-27
154592,2025-05-27
154593,2025-05-27
154594,2025-05-27
154595,2025-05-27
154596,2025-05-27
154597,2025-05-27
154598,2025-05-27
154599,2025-05-27
154600,2025-05-27
154601,2025-05-27
154602,2025-05-27
154603,2025-05-27
154604,2025-05-27
154605,2025-05-27
154606,2025-05-27
154607,2025-05-27
154608,2025-05-27
154609,2025-05-27
154610,2025-05-27
154611,2025-05-27
154612,2025-05-27
154613,2025-05-27
154614,2025-05-27
154615,2025-05-27
154616,2025-05-27
154617,2025-05-27
154619,2025-05-27
154620,2025-05-27
154621,2025-05-27
154623,2025-05-27
154624,2025-05-27
154625,2025-05-27
154627,2025-05-27
154629,2025-05-27
154631,2025-05-27
154632,2025-05-27
154634,2025-05-27
154635,2025-05-27
154636,2025-05-27
154637,2025-05-27
154638,2025-05-27
154639,2025-05-27
154640,2025-05-27
154641,2025-05-27
154642,2025-05-27
154643,2025-05-27
154644,2025-05-27
154645,2025-05-27
154646,2025-05-27
154647,2025-05-27
154648,2025-05-28
154649,2025-05-28
154650,2025-05-28
154651,2025-05-28
154652,2025-05-28
154653,2025-05-28
154654,2025-05-28
154655,2025-05-28
154656,2025-05-28
154657,2025-05-28
154658,2025-05-28
154659,2025-05-28
154660,2025-05-28
154661,2025-05-28
154662,2025-05-28
154663,2025-05-28
154664,2025-05-28
154665,2025-05-28
154666,2025-05-28
154667,2025-05-28
154668,2025-05-28
154669,2025-05-28
154670,2025-05-28
154671,2025-05-28
154672,2025-05-28
154673,2025-05-28
154674,2025-05-28
154675,2025-05-28
154676,2025-05-28
154677,2025-05-28
154678,2025-05-28
154679,2025-05-28
154680,2025-05-28
154681,2025-05-28
154682,2025-05-28
154683,2025-05-28
154684,2025-05-28
154685,2025-05-28
154686,2025-05-28
154687,2025-05-28
154688,2025-05-28
154689,2025-05-28
154690,2025-05-28
154691,2025-05-28
154692,2025-05-28
154693,2025-05-28
154694,2025-05-28
154695,2025-05-28
154696,2025-05-28
154697,2025-05-28
154698,2025-05-28
154699,2025-05-28
154701,2025-05-28
154702,2025-05-28
154703,2025-05-28
154704,2025-05-28
154705,2025-05-28
154706,2025-05-28
154707,2025-05-28
154708,2025-05-28
154709,2025-05-28
154710,2025-05-28
154711,2025-05-28
154712,2025-05-28
154713,2025-05-28
154714,2025-05-28
154715,2025-05-28
154716,2025-05-28
154717,2025-05-28
154718,2025-05-28
154719,2025-05-28
154721,2025-05-28
154722,2025-05-28
154723,2025-05-29
154724,2025-05-29
154725,2025-05-29
154726,2025-05-29
154727,2025-05-29
154728,2025-05-29
154729,2025-05-29
154730,2025-05-29
154731,2025-05-29
154732,2025-05-29
154733,2025-05-29
154734,2025-05-29
154735,2025-05-29
154736,2025-05-29
154737,2025-05-29
154738,2025-05-29
154742,2025-05-29
154743,2025-05-29
154744,2025-05-29
154745,2025-05-29
154746,2025-05-29
154747,2025-05-29
154748,2025-05-29
154749,2025-05-29
154750,2025-05-29
154751,2025-05-29
154752,2025-05-29
154756,2025-05-29
154757,2025-05-29
154758,2025-05-29
154760,2025-05-29
154761,2025-05-29
154762,2025-05-29
154763,2025-05-29
154764,2025-05-29
154765,2025-05-29
154766,2025-05-29
154767,2025-05-29
154769,2025-05-29
154771,2025-05-29
154772,2025-05-29
154773,2025-05-29
154774,2025-05-29
154775,2025-05-29
154776,2025-05-29
154777,2025-05-29
154778,2025-05-29
154779,2025-05-29
154781,2025-05-29
154782,2025-05-29
154783,2025-05-29
154784,2025-05-29
154785,2025-05-29
154786,2025-05-29
154787,2025-05-29
154789,2025-05-29
154790,2025-05-29
154791,2025-05-29
154792,2025-05-29
154793,2025-05-29
154794,2025-05-29
154795,2025-05-29
154796,2025-05-29
154797,2025-05-29
154798,2025-05-29
154799,2025-05-29
154802,2025-05-29
154803,2025-05-30
154804,2025-05-30
154805,2025-05-30
154806,2025-05-30
154807,2025-05-30
154808,2025-05-30
154809,2025-05-30
154810,2025-05-30
154811,2025-05-30
154812,2025-05-30
154813,2025-05-30
154814,2025-05-30
154815,2025-05-30
154816,2025-05-30
154817,2025-05-30
154818,2025-05-30
154819,2025-05-30
154820,2025-05-30
154821,2025-05-30
154822,2025-05-30
154823,2025-05-30
154825,2025-05-30
154826,2025-05-30
154827,2025-05-30
154828,2025-05-30
154829,2025-05-30
154830,2025-05-30
154831,2025-05-30
154832,2025-05-30
154833,2025-05-30
154834,2025-05-30
154835,2025-05-30
154836,2025-05-30
154838,2025-05-30
154839,2025-05-30
154840,2025-05-30
154842,2025-05-30
154843,2025-05-30
154844,2025-05-30
154845,2025-05-30
154846,2025-05-30
154847,2025-05-30
154848,2025-05-30
154849,2025-05-30
154850,2025-05-30
154851,2025-05-30
154852,2025-05-30
154853,2025-05-30
154854,2025-05-30
154855,2025-05-30
154856,2025-05-30
154857,2025-05-30
154858,2025-05-30
154859,2025-05-30
154860,2025-05-30
154861,2025-05-30
154862,2025-05-30
154863,2025-05-30
154864,2025-05-30
154865,2025-05-30
154866,2025-05-30
154867,2025-05-30
154868,2025-05-30
154869,2025-05-30
154870,2025-05-30
154871,2025-05-30
154872,2025-05-30
154873,2025-05-30
154877,2025-05-30
154878,2025-05-30
154879,2025-05-30
154880,2025-05-30
154881,2025-05-30
154882,2025-05-30
154883,2025-05-30
154884,2025-05-30
154885,2025-05-30
154886,2025-05-30
154887,2025-05-30
154888,2025-05-30
154889,2025-05-30
154890,2025-05-30
154891,2025-06-02
154892,2025-06-02
154893,2025-06-02
154894,2025-06-02
154895,2025-06-02
154896,2025-06-02
154897,2025-06-02
154898,2025-06-02
154900,2025-06-02
154901,2025-06-02
154902,2025-06-02
154903,2025-06-02
154904,2025-06-02
154905,2025-06-02
154906,2025-06-02
154907,2025-06-02
154908,2025-06-02
154909,2025-06-02
154910,2025-06-02
154911,2025-06-02
154912,2025-06-02
154913,2025-06-02
154914,2025-06-02
154915,2025-06-02
154916,2025-06-02
154917,2025-06-02
154918,2025-06-02
154919,2025-06-02
154920,2025-06-02
154921,2025-06-02
154922,2025-06-02
154923,2025-06-02
154924,2025-06-02
154925,2025-06-02
154926,2025-06-02
154927,2025-06-02
154928,2025-06-02
154929,2025-06-02
154930,2025-06-02
154931,2025-06-02
154932,2025-06-02
154933,2025-06-02
154934,2025-06-02
154935,2025-06-02
154936,2025-06-02
154937,2025-06-02
154938,2025-06-02
154939,2025-06-02
154940,2025-06-02
154941,2025-06-02
154942,2025-06-02
154943,2025-06-02
154944,2025-06-02
154945,2025-06-02
154946,2025-06-02
154947,2025-06-02
154948,2025-06-02
154949,2025-06-02
154950,2025-06-02
154951,2025-06-02
154952,2025-06-02
154953,2025-06-02
154954,2025-06-02
154955,2025-06-02
154956,2025-06-02
154957,2025-06-02
154958,2025-06-02
154959,2025-06-02
154960,2025-06-02
154961,2025-06-02
154962,2025-06-02
154963,2025-06-02
154964,2025-06-02
154965,2025-06-02
154966,2025-06-02
154967,2025-06-02
154969,2025-06-02
154970,2025-06-02
154971,2025-06-02
154972,2025-06-02
154973,2025-06-02
154974,2025-06-02
154975,2025-06-02
154979,2025-06-02
154980,2025-06-02
154981,2025-06-02
154982,2025-06-02
154983,2025-06-02
154985,2025-06-02
154986,2025-06-02
154987,2025-06-02
154988,2025-06-02
154989,2025-06-02
154990,2025-06-02
154991,2025-06-02
154992,2025-06-02
154993,2025-06-02
154995,2025-06-02
154996,2025-06-02
154997,2025-06-02
154998,2025-06-02
154999,2025-06-02
155000,2025-06-02
155001,2025-06-02
155002,2025-06-02
155003,2025-06-02
155004,2025-06-02
155005,2025-06-03
155006,2025-06-03
155007,2025-06-03
155008,2025-06-03
155009,2025-06-03
155010,2025-06-03
155011,2025-06-03
155012,2025-06-03
155014,2025-06-03
155015,2025-06-03
155016,2025-06-03
155017,2025-06-03
155018,2025-06-03
155019,2025-06-03
155020,2025-06-03
155021,2025-06-03
155022,2025-06-03
155023,2025-06-03
155024,2025-06-03
155025,2025-06-03
155026,2025-06-03
155027,2025-06-03
155028,2025-06-03
155029,2025-06-03
155030,2025-06-03
155031,2025-06-03
155032,2025-06-03
155033,2025-06-03
155034,2025-06-03
155035,2025-06-03
155036,2025-06-03
155037,2025-06-03
155038,2025-06-03
155039,2025-06-03
155040,2025-06-03
155042,2025-06-03
155043,2025-06-03
155044,2025-06-03
155045,2025-06-03
155046,2025-06-03
155047,2025-06-03
155048,2025-06-03
155051,2025-06-03
155052,2025-06-03
155053,2025-06-13
155054,2025-06-13
155055,2025-06-13
155056,2025-06-13
155057,2025-06-13
155058,2025-06-13
155059,2025-06-13
155060,2025-06-13
155061,2025-06-13
155062,2025-06-13
155063,2025-06-14
155064,2025-06-14
155065,2025-06-14
155066,2025-06-14
155067,2025-06-14
155068,2025-06-14
155069,2025-06-14
155070,2025-06-14
155071,2025-06-14
155072,2025-06-14
155073,2025-06-14
155074,2025-06-14
155075,2025-06-14
155076,2025-06-14
155077,2025-06-14
155078,2025-06-14
155079,2025-06-14
155080,2025-06-14
155081,2025-06-14
155082,2025-06-14
155083,2025-06-14
155084,2025-06-14
155085,2025-06-14
155087,2025-06-14
155088,2025-06-14
155089,2025-06-14
155090,2025-06-14
155091,2025-06-14
155092,2025-06-14
155093,2025-06-14
155094,2025-06-14
155095,2025-06-14
155096,2025-06-14
155097,2025-06-14
155098,2025-06-14
155099,2025-06-14
155100,2025-06-14
155101,2025-06-14
155102,2025-06-14
155103,2025-06-14
155104,2025-06-14
155105,2025-06-14
155106,2025-06-14
155107,2025-06-14
155108,2025-06-14
155109,2025-06-14
155110,2025-06-14
155111,2025-06-14
155113,2025-06-14
155114,2025-06-14
155115,2025-06-14
155117,2025-06-14
155118,2025-06-14
155119,2025-06-14
155120,2025-06-14
155121,2025-06-14
155122,2025-06-14
155123,2025-06-14
155124,2025-06-14
155125,2025-06-14
155126,2025-06-14
155127,2025-06-14
155128,2025-06-14
155129,2025-06-14
155130,2025-06-14
155131,2025-06-14
155132,2025-06-14
155133,2025-06-14
155134,2025-06-14
155135,2025-06-14
155136,2025-06-14
155137,2025-06-14
155138,2025-06-14
155139,2025-06-14
155140,2025-06-14
155141,2025-06-14
155142,2025-06-14
155143,2025-06-14
155144,2025-06-14
155145,2025-06-14
155146,2025-06-14
155147,2025-06-14
155148,2025-06-14
155149,2025-06-14
155150,2025-06-14
155151,2025-06-14
155152,2025-06-14
155153,2025-06-14
155154,2025-06-14
155155,2025-06-14
155156,2025-06-14
155157,2025-06-14
155158,2025-06-14
155159,2025-06-14
155160,2025-06-14
155161,2025-06-14
155162,2025-06-14
155163,2025-06-14
155164,2025-06-14
155165,2025-06-14
155166,2025-06-14
155167,2025-06-14
155168,2025-06-14
155169,2025-06-14
155170,2025-06-14
155171,2025-06-14
155172,2025-06-14
155173,2025-06-14
155174,2025-06-14
155175,2025-06-14
155176,2025-06-14
155177,2025-06-14
155178,2025-06-14
155179,2025-06-14
155180,2025-06-14
155181,2025-06-14
155182,2025-06-14
155183,2025-06-14
155184,2025-06-14
155185,2025-06-14
155186,2025-06-14
155187,2025-06-14
155188,2025-06-14
155189,2025-06-15
155190,2025-06-15
155191,2025-06-15
155192,2025-06-15
155193,2025-06-15
155194,2025-06-15
155198,2025-06-15
155199,2025-06-15
155200,2025-06-15
155201,2025-06-15
155202,2025-06-15
155203,2025-06-15
155205,2025-06-15
155206,2025-06-15
155207,2025-06-15
155208,2025-06-15
155209,2025-06-15
155210,2025-06-15
155211,2025-06-15
155212,2025-06-15
155213,2025-06-15
155216,2025-06-15
155217,2025-06-15
155218,2025-06-15
155219,2025-06-15
155220,2025-06-15
155221,2025-06-15
155222,2025-06-15
155223,2025-06-15
155224,2025-06-15
155225,2025-06-15
155227,2025-06-15
155228,2025-06-15
155229,2025-06-15
155230,2025-06-16
155231,2025-06-16
155232,2025-06-16
155233,2025-06-16
155234,2025-06-16
155235,2025-06-16
155236,2025-06-16
155237,2025-06-16
155240,2025-06-16
155241,2025-06-16
155242,2025-06-16
155244,2025-06-16
155246,2025-06-16
155247,2025-06-16
155248,2025-06-16
155249,2025-06-16
155250,2025-06-16
155251,2025-06-16
155252,2025-06-16
155253,2025-06-16
155254,2025-06-16
155255,2025-06-16
155256,2025-06-16
155257,2025-06-16
155258,2025-06-16
155259,2025-06-16
155260,2025-06-16
155261,2025-06-16
155262,2025-06-16
155263,2025-06-16
155264,2025-06-16
155267,2025-06-16
155268,2025-06-16
155269,2025-06-16
155270,2025-06-16
155271,2025-06-16
155272,2025-06-16
155273,2025-06-16
155274,2025-06-16
155275,2025-06-16
155276,2025-06-16
155277,2025-06-16
155278,2025-06-16
155279,2025-06-16
155282,2025-06-16
155284,2025-06-16
155285,2025-06-16
155286,2025-06-16
155287,2025-06-16
155288,2025-06-16
155289,2025-06-16
155290,2025-06-16
155291,2025-06-16
155292,2025-06-16
155293,2025-06-16
155295,2025-06-16
155296,2025-06-16
155297,2025-06-16
155298,2025-06-16
155299,2025-06-16
155300,2025-06-16
155301,2025-06-16
155302,2025-06-16
155303,2025-06-16
155306,2025-06-16
155307,2025-06-16
155308,2025-06-16
155309,2025-06-16
155310,2025-06-16
155311,2025-06-16
155312,2025-06-16
155313,2025-06-16
155314,2025-06-16
155315,2025-06-16
155317,2025-06-16
155318,2025-06-16
155320,2025-06-16
155321,2025-06-16
155322,2025-06-16
155323,2025-06-16
155324,2025-06-16
155325,2025-06-16
155326,2025-06-16
155327,2025-06-16
155328,2025-06-16
155329,2025-06-17
155330,2025-06-17
155331,2025-06-17
155332,2025-06-17
155333,2025-06-17
155334,2025-06-17
155335,2025-06-17
155336,2025-06-17
155337,2025-06-17
155338,2025-06-17
155339,2025-06-17
155340,2025-06-17
155341,2025-06-17
155342,2025-06-17
155343,2025-06-17
155344,2025-06-17
155345,2025-06-17
155346,2025-06-17
155347,2025-06-17
155348,2025-06-17
155349,2025-06-17
155350,2025-06-17
155351,2025-06-17
155352,2025-06-17
155353,2025-06-17
155354,2025-06-17
155355,2025-06-17
155356,2025-06-17
155358,2025-06-17
155360,2025-06-17
155361,2025-06-17
155362,2025-06-17
155363,2025-06-17
155364,2025-06-17
155365,2025-06-17
155366,2025-06-17
155367,2025-06-17
155369,2025-06-17
155370,2025-06-17
155371,2025-06-17
155373,2025-06-17
155374,2025-06-17
155375,2025-06-17
155376,2025-06-17
155377,2025-06-17
155378,2025-06-17
155379,2025-06-17
155380,2025-06-17
155382,2025-06-17
155383,2025-06-17
155384,2025-06-17
155385,2025-06-17
155386,2025-06-17
155388,2025-06-17
155389,2025-06-17
155390,2025-06-17
155391,2025-06-17
155392,2025-06-17
155393,2025-06-17
155394,2025-06-17
155395,2025-06-17
155397,2025-06-17
155398,2025-06-17
155399,2025-06-17
155400,2025-06-17
155401,2025-06-17
155402,2025-06-17
155403,2025-06-17
155404,2025-06-17
155405,2025-06-17
155406,2025-06-17
155407,2025-06-17
155408,2025-06-17
155409,2025-06-17
155410,2025-06-17
155411,2025-06-17
155412,2025-06-17
155413,2025-06-17
155414,2025-06-17
155415,2025-06-17
155418,2025-06-17
155419,2025-06-17
155421,2025-06-17
155422,2025-06-17
155423,2025-06-17
155424,2025-06-17
155425,2025-06-17
155426,2025-06-17
155427,2025-06-17
155428,2025-06-17
155429,2025-06-17
155430,2025-06-17
155431,2025-06-17
155432,2025-06-17
155433,2025-06-17
155434,2025-06-17
155435,2025-06-17
155436,2025-06-17
155438,2025-06-17
155439,2025-06-18
155440,2025-06-18
155441,2025-06-18
155442,2025-06-18
155443,2025-06-18
155444,2025-06-18
155445,2025-06-18
155446,2025-06-18
155447,2025-06-18
155448,2025-06-18
155449,2025-06-18
155451,2025-06-18
155452,2025-06-18
155453,2025-06-18
155454,2025-06-18
155455,2025-06-18
155456,2025-06-18
155457,2025-06-18
155458,2025-06-18
155459,2025-06-18
155460,2025-06-18
155461,2025-06-18
155462,2025-06-18
155463,2025-06-18
155464,2025-06-18
155465,2025-06-18
155466,2025-06-18
155467,2025-06-18
155468,2025-06-18
155469,2025-06-18
155470,2025-06-18
155471,2025-06-18
155472,2025-06-18
155474,2025-06-18
155475,2025-06-18
155476,2025-06-18
155477,2025-06-18
155478,2025-06-18
155479,2025-06-18
155480,2025-06-18
155482,2025-06-18
155483,2025-06-18
155484,2025-06-18
155485,2025-06-18
155486,2025-06-18
155487,2025-06-18
155488,2025-06-18
155489,2025-06-18
155490,2025-06-18
155491,2025-06-18
155492,2025-06-18
155493,2025-06-18
155495,2025-06-18
155497,2025-06-18
155498,2025-06-18
155499,2025-06-18
155500,2025-06-18
155501,2025-06-18
155502,2025-06-18
155504,2025-06-18
155505,2025-06-18
155507,2025-06-18
155508,2025-06-18
155509,2025-06-18
155510,2025-06-18
155515,2025-06-18
155516,2025-06-18
155517,2025-06-18
155518,2025-06-18
155519,2025-06-18
155520,2025-06-18
155521,2025-06-18
155522,2025-06-18
155523,2025-06-18
155524,2025-06-18
155525,2025-06-18
155526,2025-06-18
155527,2025-06-18
155528,2025-06-18
155530,2025-06-18
155532,2025-06-18
155533,2025-06-18
155534,2025-06-18
155535,2025-06-18
155536,2025-06-18
155537,2025-06-18
155538,2025-06-18
155539,2025-06-18
155540,2025-06-18
155543,2025-06-18
155544,2025-06-18
155545,2025-06-18
155546,2025-06-18
155547,2025-06-18
155548,2025-06-19
155549,2025-06-19
155550,2025-06-19
155551,2025-06-19
155552,2025-06-19
155553,2025-06-19
155554,2025-06-19
155555,2025-06-19
155556,2025-06-19
155557,2025-06-19
155558,2025-06-19
155559,2025-06-19
155560,2025-06-19
155561,2025-06-19
155562,2025-06-19
155563,2025-06-19
155564,2025-06-19
155565,2025-06-19
155566,2025-06-19
155567,2025-06-19
155568,2025-06-19
155569,2025-06-19
155571,2025-06-19
155572,2025-06-19
155573,2025-06-19
155574,2025-06-19
155575,2025-06-19
155576,2025-06-19
155577,2025-06-19
155578,2025-06-19
155579,2025-06-19
155580,2025-06-19
155581,2025-06-19
155582,2025-06-19
155587,2025-06-19
155588,2025-06-19
155589,2025-06-19
155590,2025-06-19
155591,2025-06-19
155592,2025-06-19
155594,2025-06-19
155595,2025-06-19
155596,2025-06-19
155597,2025-06-19
155598,2025-06-19
155599,2025-06-19
155600,2025-06-19
155601,2025-06-19
155602,2025-06-19
155603,2025-06-19
155604,2025-06-19
155605,2025-06-19
155606,2025-06-19
155607,2025-06-19
155608,2025-06-19
155609,2025-06-19
155610,2025-06-19
155611,2025-06-19
155612,2025-06-19
155613,2025-06-19
155614,2025-06-19
155615,2025-06-19
155616,2025-06-19
155617,2025-06-19
155618,2025-06-19
155619,2025-06-19
155620,2025-06-19
155621,2025-06-19
155622,2025-06-19
155623,2025-06-19
155624,2025-06-19
155625,2025-06-19
155626,2025-06-19
155627,2025-06-19
155628,2025-06-19
155629,2025-06-19
155630,2025-06-19
155631,2025-06-19
155633,2025-06-19
155634,2025-06-19
155635,2025-06-19
155636,2025-06-19
155637,2025-06-19
155638,2025-06-19
155639,2025-06-20
155640,2025-06-20
155641,2025-06-20
155642,2025-06-20
155643,2025-06-20
155644,2025-06-20
155645,2025-06-20
155646,2025-06-20
155647,2025-06-20
155648,2025-06-20
155649,2025-06-20
155650,2025-06-20
155651,2025-06-20
155652,2025-06-20
155653,2025-06-20
155654,2025-06-20
155655,2025-06-20
155656,2025-06-20
155657,2025-06-20
155658,2025-06-20
155659,2025-06-20
155660,2025-06-20
155661,2025-06-20
155662,2025-06-20
155663,2025-06-20
155664,2025-06-20
155665,2025-06-20
155666,2025-06-20
155667,2025-06-20
155668,2025-06-20
155669,2025-06-20
155670,2025-06-20
155671,2025-06-20
155672,2025-06-20
155673,2025-06-20
155674,2025-06-20
155675,2025-06-20
155676,2025-06-20
155677,2025-06-20
155678,2025-06-20
155679,2025-06-20
155680,2025-06-20
155681,2025-06-20
155682,2025-06-20
155683,2025-06-20
155684,2025-06-20
155685,2025-06-20
155686,2025-06-20
155687,2025-06-20
155689,2025-06-20
155691,2025-06-20
155692,2025-06-20
155693,2025-06-20
155694,2025-06-20
155695,2025-06-20
155696,2025-06-20
155697,2025-06-20
155699,2025-06-20
155700,2025-06-20
155701,2025-06-20
155702,2025-06-20
155703,2025-06-20
155704,2025-06-20
155705,2025-06-20
155706,2025-06-20
155707,2025-06-20
155708,2025-06-20
155709,2025-06-20
155710,2025-06-20
155711,2025-06-20
155712,2025-06-20
155713,2025-06-20
155714,2025-06-20
155715,2025-06-20
155716,2025-06-20
155717,2025-06-20
155718,2025-06-20
155719,2025-06-20
155720,2025-06-20
155721,2025-06-20
155722,2025-06-20
155723,2025-06-20
155724,2025-06-20
155725,2025-06-20
155726,2025-06-20
155727,2025-06-20
155728,2025-06-20
155729,2025-06-20
155730,2025-06-20
155731,2025-06-20
155732,2025-06-20
155733,2025-06-20
155734,2025-06-20
155735,2025-06-20
155736,2025-06-20
155737,2025-06-20
155738,2025-06-20
155739,2025-06-20
155740,2025-06-20
155741,2025-06-20
155742,2025-06-20
155743,2025-06-20
155744,2025-06-20
155745,2025-06-20
155746,2025-06-20
155747,2025-06-20
155748,2025-06-21
155749,2025-06-21
155750,2025-06-21
155751,2025-06-21
155752,2025-06-21
155753,2025-06-21
155755,2025-06-21
155756,2025-06-21
155757,2025-06-21
155758,2025-06-21
155759,2025-06-21
155762,2025-06-21
155763,2025-06-21
155764,2025-06-21
155765,2025-06-21
155766,2025-06-21
155767,2025-06-21
155768,2025-06-21
155769,2025-06-21
155770,2025-06-21
155771,2025-06-21
155772,2025-06-21
155773,2025-06-21
155774,2025-06-21
155775,2025-06-21
155777,2025-06-21
155778,2025-06-21
155779,2025-06-21
155781,2025-06-21
155783,2025-06-21
155784,2025-06-21
155785,2025-06-21
155786,2025-06-21
155787,2025-06-21
155788,2025-06-21
155789,2025-06-21
155790,2025-06-21
155791,2025-06-21
155793,2025-06-21
155794,2025-06-21
155795,2025-06-21
155796,2025-06-21
155797,2025-06-21
155798,2025-06-21
155799,2025-06-21
155800,2025-06-21
155801,2025-06-21
155802,2025-06-21
155803,2025-06-21
155805,2025-06-21
155806,2025-06-21
155807,2025-06-21
155808,2025-06-21
155809,2025-06-21
155810,2025-06-21
155811,2025-06-21
155812,2025-06-21
155813,2025-06-21
155814,2025-06-21
155815,2025-06-21
155816,2025-06-21
155817,2025-06-21
155818,2025-06-21
155819,2025-06-21
155820,2025-06-21
155821,2025-06-21
155822,2025-06-21
155823,2025-06-21
155824,2025-06-21
155825,2025-06-21
155826,2025-06-21
155827,2025-06-21
155828,2025-06-21
155829,2025-06-21
155830,2025-06-21
155832,2025-06-21
155835,2025-06-21
155836,2025-06-21
155837,2025-06-21
155838,2025-06-21
155839,2025-06-21
155840,2025-06-21
155841,2025-06-21
155842,2025-06-21
155843,2025-06-21
155844,2025-06-21
155845,2025-06-21
155846,2025-06-21
155848,2025-06-21
155849,2025-06-21
155850,2025-06-21
155852,2025-06-21
155853,2025-06-21
155855,2025-06-23
155856,2025-06-23
155857,2025-06-23
155858,2025-06-23
155859,2025-06-23
155860,2025-06-23
155861,2025-06-23
155862,2025-06-23
155863,2025-06-23
155864,2025-06-23
155865,2025-06-23
155866,2025-06-23
155869,2025-06-23
155870,2025-06-23
155871,2025-06-23
155872,2025-06-23
155873,2025-06-23
155874,2025-06-23
155876,2025-06-23
155877,2025-06-23
155878,2025-06-23
155879,2025-06-23
155880,2025-06-23
155881,2025-06-23
155882,2025-06-23
155883,2025-06-23
155884,2025-06-23
155885,2025-06-23
155886,2025-06-23
155887,2025-06-23
155888,2025-06-23
155889,2025-06-23
155890,2025-06-23
155891,2025-06-23
155892,2025-06-23
155893,2025-06-23
155894,2025-06-23
155895,2025-06-23
155896,2025-06-23
155897,2025-06-23
155898,2025-06-23
155899,2025-06-23
155900,2025-06-23
155901,2025-06-23
155902,2025-06-23
155903,2025-06-23
155904,2025-06-23
155905,2025-06-23
155906,2025-06-23
155907,2025-06-23
155908,2025-06-23
155909,2025-06-23
155910,2025-06-23
155911,2025-06-23
155912,2025-06-23
155913,2025-06-23
155914,2025-06-23
155915,2025-06-23
155916,2025-06-23
155917,2025-06-23
155918,2025-06-23
155919,2025-06-23
155920,2025-06-23
155921,2025-06-23
155922,2025-06-23
155923,2025-06-23
155924,2025-06-23
155926,2025-06-23
155927,2025-06-23
155928,2025-06-23
155929,2025-06-23
155930,2025-06-23
155931,2025-06-23
155932,2025-06-23
155933,2025-06-23
155934,2025-06-23
155935,2025-06-23
155936,2025-06-23
155937,2025-06-23
155938,2025-06-23
155939,2025-06-23
155940,2025-06-23
155941,2025-06-23
155942,2025-06-23
155943,2025-06-23
155944,2025-06-23
155945,2025-06-23
155946,2025-06-23
155947,2025-06-24
155948,2025-06-24
155949,2025-06-24
155950,2025-06-24
155951,2025-06-24
155952,2025-06-24
155953,2025-06-24
155954,2025-06-24
155955,2025-06-24
155956,2025-06-24
155958,2025-06-24
155959,2025-06-24
155960,2025-06-24
155961,2025-06-24
155962,2025-06-24
155963,2025-06-24
155964,2025-06-24
155966,2025-06-24
155967,2025-06-24
155968,2025-06-24
155969,2025-06-24
155970,2025-06-24
155971,2025-06-24
155972,2025-06-24
155973,2025-06-24
155974,2025-06-24
155975,2025-06-24
155976,2025-06-24
155977,2025-06-24
155978,2025-06-24
155979,2025-06-24
155980,2025-06-24
155981,2025-06-24
155982,2025-06-24
155983,2025-06-24
155984,2025-06-24
155985,2025-06-24
155986,2025-06-24
155987,2025-06-24
155988,2025-06-24
155989,2025-06-24
155990,2025-06-24
155991,2025-06-24
155992,2025-06-24
155993,2025-06-24
155994,2025-06-24
155995,2025-06-24
155996,2025-06-24
155997,2025-06-24
155998,2025-06-24
155999,2025-06-24
156000,2025-06-24
156001,2025-06-24
156002,2025-06-24
156003,2025-06-24
156004,2025-06-24
156005,2025-06-24
156006,2025-06-24
156008,2025-06-24
156009,2025-06-24
156011,2025-06-24
156012,2025-06-24
156013,2025-06-24
156014,2025-06-24
156015,2025-06-24
156016,2025-06-24
156017,2025-06-24
156018,2025-06-24
156019,2025-06-24
156020,2025-06-24
156021,2025-06-24
156022,2025-06-24
156023,2025-06-24
156025,2025-06-24
156026,2025-06-24
156028,2025-06-24
156029,2025-06-24
156030,2025-06-24
156031,2025-06-24
156032,2025-06-24
156033,2025-06-24
156034,2025-06-24
156035,2025-06-24
156036,2025-06-24
156037,2025-06-24
156038,2025-06-24
156039,2025-06-24
156040,2025-06-24
156041,2025-06-24
156042,2025-06-24
156043,2025-06-24
156044,2025-06-24
156045,2025-06-25
156046,2025-06-25
156047,2025-06-25
156048,2025-06-25
156049,2025-06-25
156050,2025-06-25
156052,2025-06-25
156054,2025-06-25
156056,2025-06-25
156057,2025-06-25
156058,2025-06-25
156059,2025-06-25
156060,2025-06-25
156061,2025-06-25
156062,2025-06-25
156063,2025-06-25
156064,2025-06-25
156065,2025-06-25
156066,2025-06-25
156067,2025-06-25
156068,2025-06-25
156069,2025-06-25
156070,2025-06-25
156071,2025-06-25
156072,2025-06-25
156073,2025-06-25
156074,2025-06-25
156075,2025-06-25
156076,2025-06-25
156077,2025-06-25
156078,2025-06-25
156080,2025-06-25
156081,2025-06-25
156082,2025-06-25
156083,2025-06-25
156084,2025-06-25
156085,2025-06-25
156086,2025-06-25
156087,2025-06-25
156088,2025-06-25
156089,2025-06-25
156090,2025-06-25
156091,2025-06-25
156092,2025-06-25
156093,2025-06-25
156094,2025-06-25
156095,2025-06-25
156096,2025-06-25
156097,2025-06-25
156098,2025-06-25
156099,2025-06-25
156100,2025-06-25
156101,2025-06-25
156102,2025-06-25
156103,2025-06-25
156104,2025-06-25
156105,2025-06-25
156106,2025-06-25
156107,2025-06-25
156108,2025-06-25
156109,2025-06-25
156110,2025-06-25
156111,2025-06-25
156112,2025-06-25
156113,2025-06-25
156114,2025-06-25
156115,2025-06-25
156118,2025-06-25
156119,2025-06-25
156120,2025-06-25
156121,2025-06-25
156122,2025-06-25
156123,2025-06-25
156124,2025-06-25
156125,2025-06-25
156126,2025-06-25
156127,2025-06-25
156128,2025-06-25
156129,2025-06-25
156130,2025-06-25
156132,2025-06-25
156133,2025-06-25
156134,2025-06-25
156135,2025-06-25
156136,2025-06-25
156137,2025-06-25
156138,2025-06-25
156139,2025-06-25
156140,2025-06-25
156141,2025-06-26
156142,2025-06-26
156143,2025-06-26
156144,2025-06-26
156145,2025-06-26
156146,2025-06-26
156147,2025-06-26
156148,2025-06-26
156149,2025-06-26
156150,2025-06-26
156151,2025-06-26
156152,2025-06-26
156153,2025-06-26
156154,2025-06-26
156155,2025-06-26
156156,2025-06-26
156157,2025-06-26
156158,2025-06-26
156159,2025-06-26
156160,2025-06-26
156161,2025-06-26
156162,2025-06-26
156163,2025-06-26
156164,2025-06-26
156165,2025-06-26
156166,2025-06-26
156167,2025-06-26
156168,2025-06-26
156169,2025-06-26
156170,2025-06-26
156171,2025-06-26
156172,2025-06-26
156173,2025-06-26
156174,2025-06-26
156176,2025-06-26
156177,2025-06-26
156178,2025-06-26
156179,2025-06-26
156180,2025-06-26
156181,2025-06-26
156182,2025-06-26
156184,2025-06-26
156185,2025-06-26
156186,2025-06-26
156187,2025-06-26
156188,2025-06-26
156189,2025-06-26
156190,2025-06-26
156191,2025-06-26
156192,2025-06-26
156193,2025-06-26
156194,2025-06-26
156195,2025-06-26
156196,2025-06-26
156197,2025-06-26
156198,2025-06-26
156199,2025-06-26
156200,2025-06-26
156201,2025-06-26
156203,2025-06-26
156205,2025-06-26
156206,2025-06-26
156207,2025-06-26
156208,2025-06-26
156209,2025-06-26
156210,2025-06-26
156211,2025-06-26
156212,2025-06-26
156213,2025-06-26
156214,2025-06-26
156215,2025-06-26
156216,2025-06-26
156217,2025-06-26
156218,2025-06-26
156219,2025-06-26
156220,2025-06-26
156221,2025-06-26
156222,2025-06-26
156223,2025-06-26
156224,2025-06-26
156225,2025-06-26
156226,2025-06-26
156227,2025-06-26
156228,2025-06-26
156229,2025-06-26
156230,2025-06-26
156231,2025-06-26
156232,2025-06-26
156233,2025-06-26
156234,2025-06-26
156235,2025-06-26
156236,2025-06-26
156237,2025-06-26
156238,2025-06-26
156239,2025-06-26
156240,2025-06-26
156241,2025-06-26
156242,2025-06-26
156243,2025-06-26
156244,2025-06-26
156245,2025-06-26
156246,2025-06-26
156247,2025-06-26
156248,2025-06-26
156249,2025-06-26
156250,2025-06-26
156251,2025-06-26
156252,2025-06-26
156253,2025-06-26
156254,2025-06-26
156255,2025-06-26
156256,2025-06-26
156260,2025-06-26
156261,2025-06-26
156262,2025-06-26
156263,2025-06-26
156264,2025-06-27
156265,2025-06-27
156266,2025-06-27
156267,2025-06-27
156268,2025-06-27
156269,2025-06-27
156270,2025-06-27
156277,2025-06-27
156278,2025-06-27
156280,2025-06-27
156281,2025-06-27
156282,2025-06-27
156283,2025-06-27
156284,2025-06-27
156285,2025-06-27
156286,2025-06-27
156287,2025-06-27
156288,2025-06-27
156289,2025-06-27
156290,2025-06-27
156291,2025-06-27
156292,2025-06-27
156293,2025-06-27
156295,2025-06-27
156296,2025-06-27
156305,2025-06-27
156306,2025-06-27
156317,2025-06-27
156318,2025-06-27
156324,2025-06-27
156325,2025-06-27
156326,2025-06-27
156327,2025-06-27
156330,2025-06-27
156331,2025-06-27
156347,2025-06-27
156348,2025-06-27
156349,2025-06-27
156350,2025-06-27
156351,2025-06-27
156352,2025-06-27
156353,2025-06-27
156354,2025-06-27
156355,2025-06-27
156356,2025-06-27
156357,2025-06-27
156358,2025-06-27
156359,2025-06-27
156360,2025-06-27
156361,2025-06-27
156362,2025-06-27
156363,2025-06-27
156364,2025-06-27
156365,2025-06-27
156366,2025-06-27
156367,2025-06-27
156368,2025-06-27
156369,2025-06-27
156370,2025-06-27
156371,2025-06-27
156372,2025-06-27
156373,2025-06-27
156374,2025-06-27
156375,2025-06-27
156376,2025-06-27
156377,2025-06-27
156378,2025-06-27
156379,2025-06-27
156380,2025-06-27
156381,2025-06-27
156382,2025-06-28
156383,2025-06-28
156384,2025-06-28
156385,2025-06-28
156386,2025-06-28
156387,2025-06-28
156388,2025-06-28
156389,2025-06-28
156390,2025-06-28
156391,2025-06-28
156392,2025-06-28
156393,2025-06-28
156394,2025-06-28
156396,2025-06-28
156397,2025-06-28
156398,2025-06-28
156399,2025-06-28
156400,2025-06-28
156401,2025-06-28
156402,2025-06-28
156403,2025-06-28
156404,2025-06-28
156405,2025-06-28
156406,2025-06-28
156408,2025-06-28
156409,2025-06-28
156410,2025-06-28
156411,2025-06-28
156412,2025-06-28
156413,2025-06-28
156414,2025-06-28
156415,2025-06-28
156416,2025-06-28
156417,2025-06-28
156418,2025-06-28
156419,2025-06-28
156420,2025-06-28
156421,2025-06-28
156422,2025-06-28
156423,2025-06-28
156424,2025-06-28
156425,2025-06-28
156426,2025-06-28
156427,2025-06-28
156428,2025-06-28
156429,2025-06-28
156430,2025-06-28
156431,2025-06-28
156432,2025-06-28
156434,2025-06-28
156435,2025-06-28
156436,2025-06-28
156437,2025-06-28
156438,2025-06-28
156439,2025-06-28
156440,2025-06-28
156441,2025-06-28
156442,2025-06-28
156443,2025-06-28
156444,2025-06-28
156445,2025-06-28
156446,2025-06-28
156447,2025-06-28
156448,2025-06-28
156449,2025-06-28
156450,2025-06-28
156451,2025-06-28
156452,2025-06-28
156453,2025-06-28
156454,2025-06-28
156455,2025-06-28
156456,2025-06-28
156457,2025-06-28
156458,2025-06-28
156459,2025-06-28
156460,2025-06-28
156461,2025-06-28
156462,2025-06-28
156463,2025-06-28
156467,2025-06-28
156468,2025-06-28
156469,2025-06-28
156472,2025-06-28
156473,2025-06-28
156474,2025-06-28
156475,2025-06-28
156476,2025-06-28
156477,2025-06-28
156478,2025-06-28
156480,2025-06-28
156481,2025-06-28
156482,2025-06-28
156483,2025-06-28
156484,2025-06-28
156485,2025-06-28
156486,2025-06-28
156487,2025-06-28
156488,2025-06-28
156489,2025-06-28
156490,2025-06-30
156491,2025-06-30
156492,2025-06-30
156493,2025-06-30
156494,2025-06-30
156495,2025-06-30
156496,2025-06-30
156497,2025-06-30
156499,2025-06-30
156500,2025-06-30
156501,2025-06-30
156502,2025-06-30
156504,2025-06-30
156505,2025-06-30
156506,2025-06-30
156507,2025-06-30
156509,2025-06-30
156510,2025-06-30
156511,2025-06-30
156512,2025-06-30
156513,2025-06-30
156514,2025-06-30
156515,2025-06-30
156516,2025-06-30
156517,2025-06-30
156518,2025-06-30
156519,2025-06-30
156520,2025-06-30
156521,2025-06-30
156522,2025-06-30
156523,2025-06-30
156524,2025-06-30
156525,2025-06-30
156526,2025-06-30
156527,2025-06-30
156528,2025-06-30
156531,2025-06-30
156535,2025-06-30
156536,2025-06-30
156537,2025-06-30
156538,2025-06-30
156539,2025-06-30
156540,2025-06-30
156541,2025-06-30
156542,2025-06-30
156543,2025-06-30
156544,2025-06-30
156545,2025-06-30
156546,2025-06-30
156547,2025-06-30
156548,2025-06-30
156550,2025-06-30
156551,2025-06-30
156554,2025-06-30
156556,2025-06-30
156559,2025-06-30
156560,2025-06-30
156561,2025-06-30
156562,2025-06-30
156563,2025-06-30
156564,2025-06-30
156565,2025-06-30
156567,2025-06-30
156569,2025-06-30
156570,2025-06-30
156571,2025-06-30
156572,2025-06-30
156573,2025-06-30
156574,2025-06-30
156575,2025-06-30
156576,2025-06-30
156577,2025-06-30
156578,2025-06-30
156580,2025-06-30
156581,2025-06-30
156582,2025-06-30
156583,2025-06-30
156584,2025-06-30
156585,2025-06-30
156586,2025-06-30
156587,2025-06-30
156588,2025-06-30
156589,2025-06-30
156591,2025-06-30
156592,2025-06-30
156593,2025-06-30
156594,2025-06-30
156595,2025-06-30
156596,2025-06-30
156597,2025-06-30
156598,2025-06-30
156599,2025-06-30
156600,2025-06-30
156601,2025-06-30
156602,2025-06-30
156603,2025-06-30
156604,2025-06-30
156606,2025-06-30
156607,2025-06-30
156608,2025-07-01
156609,2025-07-01
156610,2025-07-01
156611,2025-07-01
156612,2025-07-01
156613,2025-07-01
156614,2025-07-01
156616,2025-07-01
156617,2025-07-01
156618,2025-07-01
156619,2025-07-01
156620,2025-07-01
156621,2025-07-01
156622,2025-07-01
156623,2025-07-01
156624,2025-07-01
156625,2025-07-01
156626,2025-07-01
156627,2025-07-01
156628,2025-07-01
156630,2025-07-01
156631,2025-07-01
156632,2025-07-01
156633,2025-07-01
156634,2025-07-01
156635,2025-07-01
156636,2025-07-01
156637,2025-07-01
156638,2025-07-01
156639,2025-07-01
156640,2025-07-01
156641,2025-07-01
156642,2025-07-01
156643,2025-07-01
156644,2025-07-01
156645,2025-07-01
156646,2025-07-01
156647,2025-07-01
156648,2025-07-01
156649,2025-07-01
156650,2025-07-01
156651,2025-07-01
156652,2025-07-01
156653,2025-07-01
156654,2025-07-01
156657,2025-07-01
156658,2025-07-01
156659,2025-07-01
156664,2025-07-01
156670,2025-07-01
156672,2025-07-01
156673,2025-07-01
156674,2025-07-01
156675,2025-07-01
156676,2025-07-01
156677,2025-07-01
156681,2025-07-01
156682,2025-07-01
156683,2025-07-01
156686,2025-07-01
156687,2025-07-01
156688,2025-07-01
156689,2025-07-01
156690,2025-07-01
156692,2025-07-01
156693,2025-07-01
156695,2025-07-01
156698,2025-07-01
156699,2025-07-01
156700,2025-07-01
156701,2025-07-01
156705,2025-07-01
156706,2025-07-01
156708,2025-07-01
156709,2025-07-01
156710,2025-07-01
156711,2025-07-01
156712,2025-07-01
156713,2025-07-01
156714,2025-07-01
156715,2025-07-01
156716,2025-07-02
156717,2025-07-02
156718,2025-07-02
156719,2025-07-02
156720,2025-07-02
156721,2025-07-02
156722,2025-07-02
156723,2025-07-02
156724,2025-07-02
156725,2025-07-02
156726,2025-07-02
156727,2025-07-02
156728,2025-07-02
156729,2025-07-02
156730,2025-07-02
156731,2025-07-02
156732,2025-07-02
156733,2025-07-02
156734,2025-07-02
156735,2025-07-02
156739,2025-07-02
156740,2025-07-02
156742,2025-07-02
156743,2025-07-02
156745,2025-07-02
156746,2025-07-02
156748,2025-07-02
156751,2025-07-02
156752,2025-07-02
156754,2025-07-02
156755,2025-07-02
156756,2025-07-02
156758,2025-07-02
156759,2025-07-02
156760,2025-07-02
156761,2025-07-02
156762,2025-07-02
156763,2025-07-02
156764,2025-07-02
156765,2025-07-02
156766,2025-07-02
156767,2025-07-02
156768,2025-07-02
156769,2025-07-02
156770,2025-07-02
156771,2025-07-02
156772,2025-07-02
156773,2025-07-02
156774,2025-07-02
156776,2025-07-02
156777,2025-07-02
156778,2025-07-02
156780,2025-07-02
156781,2025-07-02
156782,2025-07-02
156783,2025-07-02
156784,2025-07-02
156785,2025-07-02
156786,2025-07-02
156787,2025-07-02
156788,2025-07-02
156789,2025-07-02
156790,2025-07-02
156791,2025-07-02
156792,2025-07-02
156793,2025-07-02
156794,2025-07-02
156795,2025-07-02
156796,2025-07-02
156797,2025-07-02
156798,2025-07-02
156799,2025-07-02
156800,2025-07-02
156801,2025-07-02
156802,2025-07-02
156803,2025-07-02
156804,2025-07-02
156805,2025-07-02
156806,2025-07-02
156807,2025-07-02
156808,2025-07-02
156809,2025-07-02
156810,2025-07-02
156811,2025-07-02
156812,2025-07-02
156813,2025-07-03
156814,2025-07-03
156815,2025-07-03
156816,2025-07-03
156817,2025-07-03
156818,2025-07-03
156819,2025-07-03
156820,2025-07-03
156821,2025-07-03
156823,2025-07-03
156824,2025-07-03
156825,2025-07-03
156826,2025-07-03
156827,2025-07-03
156828,2025-07-03
156829,2025-07-03
156830,2025-07-03
156831,2025-07-03
156832,2025-07-03
156833,2025-07-03
156834,2025-07-03
156835,2025-07-03
156836,2025-07-03
156837,2025-07-03
156838,2025-07-03
156839,2025-07-03
156840,2025-07-03
156841,2025-07-03
156842,2025-07-03
156843,2025-07-03
156844,2025-07-03
156845,2025-07-03
156846,2025-07-03
156847,2025-07-03
156848,2025-07-03
156849,2025-07-03
156850,2025-07-03
156851,2025-07-03
156853,2025-07-03
156854,2025-07-03
156855,2025-07-03
156856,2025-07-03
156858,2025-07-03
156861,2025-07-03
156862,2025-07-03
156863,2025-07-03
156864,2025-07-03
156865,2025-07-03
156868,2025-07-03
156869,2025-07-03
156870,2025-07-03
156871,2025-07-03
156872,2025-07-03
156873,2025-07-03
156874,2025-07-03
156875,2025-07-03
156876,2025-07-03
156877,2025-07-03
156878,2025-07-03
156879,2025-07-03
156880,2025-07-03
156881,2025-07-03
156882,2025-07-03
156883,2025-07-03
156884,2025-07-03
156887,2025-07-03
156888,2025-07-03
156889,2025-07-03
156890,2025-07-03
156891,2025-07-03
156893,2025-07-03
156894,2025-07-03
156895,2025-07-03
156898,2025-07-03
156899,2025-07-03
156900,2025-07-03
156903,2025-07-03
156904,2025-07-03
156908,2025-07-03
156909,2025-07-03
156910,2025-07-03
156911,2025-07-03
156912,2025-07-03
156914,2025-07-03
156916,2025-07-03
156917,2025-07-03
156918,2025-07-03
156919,2025-07-03
156920,2025-07-03
156921,2025-07-03
156923,2025-07-03
156924,2025-07-03
156925,2025-07-03
156926,2025-07-03
156927,2025-07-04
156928,2025-07-04
156929,2025-07-04
156930,2025-07-04
156931,2025-07-04
156932,2025-07-04
156933,2025-07-04
156934,2025-07-04
156935,2025-07-04
156936,2025-07-04
156937,2025-07-04
156938,2025-07-04
156939,2025-07-04
156940,2025-07-04
156941,2025-07-04
156942,2025-07-04
156943,2025-07-04
156944,2025-07-04
156945,2025-07-04
156946,2025-07-04
156947,2025-07-04
156948,2025-07-04
156949,2025-07-04
156950,2025-07-04
156951,2025-07-04
156952,2025-07-04
156953,2025-07-04
156954,2025-07-04
156956,2025-07-04
156957,2025-07-04
156958,2025-07-04
156960,2025-07-04
156961,2025-07-04
156962,2025-07-04
156963,2025-07-04
156965,2025-07-04
156966,2025-07-04
156967,2025-07-04
156968,2025-07-04
156969,2025-07-04
156970,2025-07-04
156971,2025-07-04
156972,2025-07-04
156974,2025-07-04
156975,2025-07-04
156976,2025-07-04
156978,2025-07-04
156979,2025-07-04
156981,2025-07-04
156982,2025-07-04
156983,2025-07-04
156984,2025-07-04
156985,2025-07-04
156987,2025-07-04
156988,2025-07-04
156989,2025-07-04
156990,2025-07-04
156993,2025-07-04
156994,2025-07-04
156995,2025-07-04
156996,2025-07-04
156997,2025-07-04
156998,2025-07-04
156999,2025-07-04
157000,2025-07-04
157002,2025-07-04
157003,2025-07-04
157004,2025-07-04
157005,2025-07-04
157006,2025-07-04
157008,2025-07-04
157009,2025-07-04
157012,2025-07-04
157013,2025-07-04
157014,2025-07-04
157015,2025-07-04
157016,2025-07-04
157017,2025-07-04
157018,2025-07-04
157019,2025-07-04
157020,2025-07-04
157021,2025-07-04
157022,2025-07-04
157023,2025-07-04
157025,2025-07-04
157026,2025-07-04
157027,2025-07-04
157030,2025-07-04
157031,2025-07-04
157032,2025-07-04
157033,2025-07-04
157034,2025-07-04
157035,2025-07-04
157036,2025-07-04
157037,2025-07-05
157038,2025-07-05
157039,2025-07-05
157040,2025-07-05
157041,2025-07-05
157042,2025-07-05
157043,2025-07-05
157045,2025-07-05
157046,2025-07-05
157047,2025-07-05
157048,2025-07-05
157049,2025-07-05
157050,2025-07-05
157051,2025-07-05
157052,2025-07-05
157053,2025-07-05
157054,2025-07-05
157055,2025-07-05
157056,2025-07-05
157057,2025-07-05
157059,2025-07-05
157060,2025-07-05
157061,2025-07-05
157062,2025-07-05
157063,2025-07-05
157064,2025-07-05
157065,2025-07-05
157066,2025-07-05
157067,2025-07-05
157068,2025-07-05
157069,2025-07-05
157070,2025-07-05
157071,2025-07-05
157072,2025-07-05
157073,2025-07-05
157074,2025-07-05
157075,2025-07-05
157076,2025-07-05
157078,2025-07-05
157079,2025-07-05
157082,2025-07-05
157083,2025-07-05
157084,2025-07-05
157085,2025-07-05
157086,2025-07-05
157087,2025-07-05
157088,2025-07-05
157089,2025-07-05
157090,2025-07-05
157091,2025-07-05
157094,2025-07-05
157096,2025-07-05
157098,2025-07-05
157105,2025-07-05
157108,2025-07-05
157111,2025-07-05
157114,2025-07-05
157117,2025-07-05
157120,2025-07-05
157123,2025-07-05
157124,2025-07-05
157125,2025-07-05
157127,2025-07-05
157129,2025-07-05
157131,2025-07-05
157132,2025-07-05
157134,2025-07-05
157137,2025-07-05
157140,2025-07-05
157141,2025-07-05
157142,2025-07-05
157146,2025-07-05
157148,2025-07-05
157150,2025-07-05
157151,2025-07-05
157152,2025-07-05
157153,2025-07-05
157154,2025-07-05
157155,2025-07-05
157156,2025-07-05
157157,2025-07-05
157158,2025-07-05
157159,2025-07-05
157160,2025-07-05
157161,2025-07-05
157164,2025-07-05
157165,2025-07-05
157166,2025-07-05
157167,2025-07-05
157168,2025-07-05
157169,2025-07-05
157172,2025-07-05
157173,2025-07-05
157174,2025-07-05
157175,2025-07-05
157176,2025-07-06
157177,2025-07-06
157178,2025-07-06
157179,2025-07-06
157180,2025-07-06
157181,2025-07-06
157182,2025-07-06
157183,2025-07-06
157184,2025-07-06
157186,2025-07-07
157187,2025-07-07
157188,2025-07-07
157189,2025-07-07
157190,2025-07-07
157191,2025-07-07
157193,2025-07-07
157194,2025-07-07
157195,2025-07-07
157196,2025-07-07
157197,2025-07-07
157198,2025-07-07
157199,2025-07-07
157200,2025-07-07
157201,2025-07-07
157202,2025-07-07
157203,2025-07-07
157204,2025-07-07
157206,2025-07-07
157207,2025-07-07
157208,2025-07-07
157209,2025-07-07
157210,2025-07-07
157212,2025-07-07
157213,2025-07-07
157214,2025-07-07
157215,2025-07-07
157216,2025-07-07
157217,2025-07-07
157218,2025-07-07
157219,2025-07-07
157220,2025-07-07
157221,2025-07-07
157222,2025-07-07
157223,2025-07-07
157224,2025-07-07
157225,2025-07-07
157226,2025-07-07
157227,2025-07-07
157228,2025-07-07
157229,2025-07-07
157230,2025-07-07
157231,2025-07-07
157232,2025-07-07
157233,2025-07-07
157234,2025-07-07
157235,2025-07-07
157236,2025-07-07
157237,2025-07-07
157238,2025-07-07
157239,2025-07-07
157240,2025-07-07
157241,2025-07-07
157242,2025-07-07
157243,2025-07-07
157244,2025-07-07
157245,2025-07-07
157246,2025-07-07
157247,2025-07-07
157248,2025-07-07
157249,2025-07-07
157250,2025-07-07
157251,2025-07-07
157252,2025-07-07
157253,2025-07-07
157254,2025-07-07
157255,2025-07-07
157256,2025-07-07
157257,2025-07-07
157258,2025-07-07
157259,2025-07-07
157260,2025-07-07
157261,2025-07-07
157262,2025-07-07
157263,2025-07-07
157264,2025-07-07
157265,2025-07-07
157266,2025-07-07
157267,2025-07-07
157268,2025-07-07
157269,2025-07-07
157270,2025-07-07
157271,2025-07-07
157272,2025-07-07
157273,2025-07-07
157274,2025-07-07
157275,2025-07-07
157276,2025-07-07
157277,2025-07-07
157278,2025-07-07
157279,2025-07-07
157281,2025-07-07
157282,2025-07-07
157283,2025-07-07
157284,2025-07-07
157285,2025-07-07
157286,2025-07-07
157287,2025-07-07
157288,2025-07-07
157289,2025-07-07
157291,2025-07-07
157292,2025-07-07
157294,2025-07-07
157295,2025-07-07
157297,2025-07-07
157298,2025-07-08
157299,2025-07-08
157300,2025-07-08
157301,2025-07-08
157302,2025-07-08
157303,2025-07-08
157304,2025-07-08
157305,2025-07-08
157306,2025-07-08
157307,2025-07-08
157308,2025-07-08
157309,2025-07-08
157310,2025-07-08
157311,2025-07-08
157312,2025-07-08
157313,2025-07-08
157314,2025-07-08
157315,2025-07-08
157316,2025-07-08
157317,2025-07-08
157318,2025-07-08
157319,2025-07-08
157320,2025-07-08
157321,2025-07-08
157322,2025-07-08
157323,2025-07-08
157324,2025-07-08
157325,2025-07-08
157326,2025-07-08
157327,2025-07-08
157328,2025-07-08
157329,2025-07-08
157330,2025-07-08
157331,2025-07-08
157332,2025-07-08
157333,2025-07-08
157334,2025-07-08
157335,2025-07-08
157336,2025-07-08
157337,2025-07-08
157338,2025-07-08
157340,2025-07-08
157341,2025-07-08
157342,2025-07-08
157343,2025-07-08
157344,2025-07-08
157345,2025-07-08
157346,2025-07-08
157347,2025-07-08
157348,2025-07-08
157349,2025-07-08
157350,2025-07-08
157351,2025-07-08
157352,2025-07-08
157353,2025-07-08
157354,2025-07-08
157355,2025-07-08
157356,2025-07-08
157357,2025-07-08
157358,2025-07-08
157360,2025-07-08
157363,2025-07-08
157366,2025-07-08
157368,2025-07-08
157369,2025-07-08
157370,2025-07-08
157371,2025-07-08
157372,2025-07-08
157373,2025-07-08
157374,2025-07-08
157375,2025-07-08
157376,2025-07-08
157377,2025-07-08
157378,2025-07-08
157379,2025-07-08
157380,2025-07-08
157381,2025-07-08
157382,2025-07-08
157383,2025-07-08
157384,2025-07-08
157385,2025-07-08
157386,2025-07-08
157387,2025-07-08
157388,2025-07-08
157389,2025-07-08
157390,2025-07-08
157391,2025-07-08
157392,2025-07-08
157393,2025-07-08
157394,2025-07-08
157395,2025-07-08
157396,2025-07-08
157397,2025-07-09
157398,2025-07-09
157399,2025-07-09
157400,2025-07-09
157401,2025-07-09
157402,2025-07-09
157405,2025-07-09
157406,2025-07-09
157407,2025-07-09
157410,2025-07-09
157411,2025-07-09
157412,2025-07-09
157413,2025-07-09
157414,2025-07-09
157415,2025-07-09
157416,2025-07-09
157417,2025-07-09
157418,2025-07-09
157419,2025-07-09
157421,2025-07-09
157422,2025-07-09
157423,2025-07-09
157424,2025-07-09
157425,2025-07-09
157426,2025-07-09
157427,2025-07-09
157429,2025-07-09
157430,2025-07-09
157432,2025-07-09
157433,2025-07-09
157434,2025-07-09
157435,2025-07-09
157436,2025-07-09
157437,2025-07-09
157442,2025-07-09
157445,2025-07-09
157447,2025-07-09
157449,2025-07-09
157450,2025-07-09
157451,2025-07-09
157453,2025-07-09
157454,2025-07-09
157455,2025-07-09
157456,2025-07-09
157457,2025-07-09
157458,2025-07-09
157459,2025-07-09
157460,2025-07-09
157461,2025-07-09
157462,2025-07-09
157464,2025-07-09
157465,2025-07-09
157466,2025-07-09
157467,2025-07-09
157468,2025-07-09
157469,2025-07-09
157470,2025-07-09
157471,2025-07-09
157472,2025-07-09
157473,2025-07-09
157474,2025-07-09
157475,2025-07-09
157476,2025-07-09
157477,2025-07-09
157478,2025-07-09
157479,2025-07-09
157480,2025-07-09
157481,2025-07-09
157482,2025-07-09
157483,2025-07-09
157484,2025-07-09
157485,2025-07-09
157486,2025-07-09
157487,2025-07-09
157488,2025-07-09
157490,2025-07-09
157493,2025-07-09
157494,2025-07-09
157495,2025-07-09
157496,2025-07-09
157497,2025-07-09
157498,2025-07-09
157499,2025-07-09
157500,2025-07-09
157501,2025-07-09
157502,2025-07-09
157503,2025-07-09
157505,2025-07-09
157506,2025-07-09
157507,2025-07-09
157508,2025-07-09
157509,2025-07-10
157510,2025-07-10
157511,2025-07-10
157512,2025-07-10
157513,2025-07-10
157514,2025-07-10
157515,2025-07-10
157516,2025-07-10
157517,2025-07-10
157518,2025-07-10
157519,2025-07-10
157520,2025-07-10
157521,2025-07-10
157522,2025-07-10
157523,2025-07-10
157524,2025-07-10
157525,2025-07-10
157526,2025-07-10
157527,2025-07-10
157528,2025-07-10
157529,2025-07-10
157530,2025-07-10
157531,2025-07-10
157533,2025-07-10
157534,2025-07-10
157535,2025-07-10
157536,2025-07-10
157537,2025-07-10
157538,2025-07-10
157539,2025-07-10
157540,2025-07-10
157541,2025-07-10
157542,2025-07-10
157543,2025-07-10
157544,2025-07-10
157545,2025-07-10
157546,2025-07-10
157547,2025-07-10
157548,2025-07-10
157549,2025-07-10
157550,2025-07-10
157552,2025-07-10
157553,2025-07-10
157555,2025-07-10
157556,2025-07-10
157558,2025-07-10
157563,2025-07-10
157565,2025-07-10
157566,2025-07-10
157567,2025-07-10
157568,2025-07-10
157569,2025-07-10
157570,2025-07-10
157571,2025-07-10
157572,2025-07-10
157573,2025-07-10
157575,2025-07-10
157577,2025-07-10
157579,2025-07-10
157580,2025-07-10
157581,2025-07-10
157583,2025-07-10
157584,2025-07-10
157585,2025-07-10
157586,2025-07-10
157587,2025-07-10
157588,2025-07-10
157590,2025-07-10
157592,2025-07-10
157594,2025-07-10
157595,2025-07-10
157596,2025-07-10
157597,2025-07-10
157624,2025-07-11
157625,2025-07-11
157626,2025-07-11
157627,2025-07-11
157628,2025-07-11
157629,2025-07-11
157630,2025-07-11
157631,2025-07-11
157634,2025-07-11
157635,2025-07-11
157636,2025-07-11
157637,2025-07-11
157638,2025-07-11
157639,2025-07-11
157640,2025-07-11
157641,2025-07-11
157642,2025-07-11
157643,2025-07-11
157644,2025-07-11
157645,2025-07-11
157646,2025-07-11
157647,2025-07-11
157648,2025-07-11
157649,2025-07-11
157650,2025-07-11
157651,2025-07-11
157652,2025-07-11
157653,2025-07-11
157654,2025-07-11
157655,2025-07-11
157656,2025-07-11
157658,2025-07-11
157659,2025-07-11
157660,2025-07-11
157661,2025-07-11
157664,2025-07-11
157665,2025-07-11
157666,2025-07-11
157667,2025-07-11
157668,2025-07-11
157669,2025-07-11
157670,2025-07-11
157671,2025-07-11
157672,2025-07-11
157673,2025-07-11
157674,2025-07-11
157675,2025-07-11
157676,2025-07-11
157677,2025-07-11
157678,2025-07-11
157679,2025-07-11
157680,2025-07-11
157681,2025-07-11
157682,2025-07-11
157683,2025-07-11
157684,2025-07-11
157685,2025-07-11
157686,2025-07-11
157687,2025-07-11
157688,2025-07-11
157689,2025-07-11
157690,2025-07-11
157691,2025-07-11
157692,2025-07-11
157693,2025-07-11
157694,2025-07-11
157695,2025-07-11
157696,2025-07-11
157697,2025-07-11
157698,2025-07-11
157699,2025-07-11
157700,2025-07-11
157701,2025-07-11
157702,2025-07-11
157703,2025-07-11
157704,2025-07-11
157705,2025-07-11
157706,2025-07-11
157707,2025-07-11
157708,2025-07-11
157709,2025-07-11
157710,2025-07-11
157711,2025-07-11
157714,2025-07-11
157715,2025-07-11
157717,2025-07-11
157719,2025-07-11
157720,2025-07-11
157723,2025-07-11
157724,2025-07-11
157725,2025-07-11
157726,2025-07-11
157727,2025-07-11
157728,2025-07-11
157729,2025-07-11
157730,2025-07-11
157731,2025-07-11
157732,2025-07-11
157733,2025-07-11
157734,2025-07-11
157735,2025-07-11
157736,2025-07-11
157737,2025-07-11
157738,2025-07-12
157739,2025-07-12
157740,2025-07-12
157741,2025-07-12
157742,2025-07-12
157743,2025-07-12
157744,2025-07-12
157745,2025-07-12
157747,2025-07-12
157748,2025-07-12
157749,2025-07-12
157750,2025-07-12
157751,2025-07-12
157753,2025-07-12
157754,2025-07-12
157755,2025-07-12
157756,2025-07-12
157757,2025-07-12
157758,2025-07-12
157759,2025-07-12
157760,2025-07-12
157761,2025-07-12
157762,2025-07-12
157763,2025-07-12
157764,2025-07-12
157765,2025-07-12
157766,2025-07-12
157767,2025-07-12
157768,2025-07-12
157769,2025-07-12
157770,2025-07-12
157771,2025-07-12
157772,2025-07-12
157773,2025-07-12
157774,2025-07-12
157775,2025-07-12
157776,2025-07-12
157777,2025-07-12
157778,2025-07-12
157779,2025-07-12
157780,2025-07-12
157781,2025-07-12
157783,2025-07-12
157784,2025-07-12
157785,2025-07-12
157786,2025-07-12
157787,2025-07-12
157788,2025-07-12
157789,2025-07-12
157790,2025-07-12
157792,2025-07-12
157793,2025-07-12
157794,2025-07-12
157795,2025-07-12
157796,2025-07-12
157797,2025-07-12
157798,2025-07-12
157799,2025-07-12
157800,2025-07-12
157801,2025-07-12
157802,2025-07-12
157803,2025-07-12
157804,2025-07-12
157805,2025-07-12
157806,2025-07-12
157807,2025-07-12
157808,2025-07-12
157809,2025-07-12
157810,2025-07-12
157811,2025-07-12
157812,2025-07-12
157815,2025-07-12
157816,2025-07-12
157817,2025-07-12
157818,2025-07-12
157819,2025-07-12
157820,2025-07-12
157821,2025-07-12
157822,2025-07-12
157823,2025-07-12
157824,2025-07-12
157825,2025-07-12
157826,2025-07-12
157827,2025-07-12
157828,2025-07-12
157829,2025-07-12
157830,2025-07-12
157831,2025-07-12
157832,2025-07-12
157833,2025-07-12
157834,2025-07-14
157835,2025-07-14
157836,2025-07-14
157837,2025-07-14
157838,2025-07-14
157839,2025-07-14
157840,2025-07-14
157841,2025-07-14
157842,2025-07-14
157843,2025-07-14
157844,2025-07-14
157846,2025-07-14
157848,2025-07-14
157849,2025-07-14
157850,2025-07-14
157851,2025-07-14
157852,2025-07-14
157853,2025-07-14
157854,2025-07-14
157855,2025-07-14
157856,2025-07-14
157857,2025-07-14
157858,2025-07-14
157859,2025-07-14
157860,2025-07-14
157861,2025-07-14
157862,2025-07-14
157863,2025-07-14
157864,2025-07-14
157865,2025-07-14
157866,2025-07-14
157867,2025-07-14
157868,2025-07-14
157869,2025-07-14
157870,2025-07-14
157871,2025-07-14
157873,2025-07-14
157874,2025-07-14
157875,2025-07-14
157876,2025-07-14
157877,2025-07-14
157878,2025-07-14
157879,2025-07-14
157880,2025-07-14
157881,2025-07-14
157882,2025-07-14
157883,2025-07-14
157884,2025-07-14
157885,2025-07-14
157886,2025-07-14
157888,2025-07-14
157889,2025-07-14
157890,2025-07-14
157891,2025-07-14
157892,2025-07-14
157893,2025-07-14
157894,2025-07-14
157895,2025-07-14
157896,2025-07-14
157897,2025-07-14
157898,2025-07-14
157899,2025-07-14
157900,2025-07-14
157901,2025-07-14
157902,2025-07-14
157903,2025-07-14
157904,2025-07-14
157905,2025-07-14
157906,2025-07-14
157907,2025-07-14
157908,2025-07-14
157909,2025-07-14
157910,2025-07-14
157911,2025-07-14
157912,2025-07-14
157913,2025-07-14
157914,2025-07-14
157915,2025-07-14
157916,2025-07-14
157917,2025-07-14
157918,2025-07-14
157919,2025-07-14
157920,2025-07-14
157921,2025-07-14
157923,2025-07-14
157924,2025-07-14
157925,2025-07-14
157926,2025-07-14
157927,2025-07-14
157928,2025-07-14
157929,2025-07-14
157930,2025-07-14
157931,2025-07-14
157932,2025-07-14
157933,2025-07-14
157934,2025-07-14
157935,2025-07-14
157936,2025-07-14
157937,2025-07-14
157938,2025-07-14
157941,2025-07-14
157942,2025-07-14
157943,2025-07-14
157944,2025-07-14
157945,2025-07-14
157946,2025-07-14
157947,2025-07-14
157948,2025-07-14
157949,2025-07-14
157950,2025-07-14
157951,2025-07-14
157952,2025-07-14
157953,2025-07-14
157954,2025-07-14
157955,2025-07-14
157956,2025-07-14
157957,2025-07-14
157958,2025-07-14
157959,2025-07-14
157961,2025-07-15
157962,2025-07-15
157963,2025-07-15
157964,2025-07-15
157965,2025-07-15
157966,2025-07-15
157968,2025-07-15
157969,2025-07-15
157970,2025-07-15
157971,2025-07-15
157972,2025-07-15
157973,2025-07-15
157975,2025-07-15
157976,2025-07-15
157977,2025-07-15
157978,2025-07-15
157979,2025-07-15
157980,2025-07-15
157981,2025-07-15
157982,2025-07-15
157983,2025-07-15
157984,2025-07-15
157985,2025-07-15
157986,2025-07-15
157987,2025-07-15
157989,2025-07-15
157990,2025-07-15
157991,2025-07-15
157992,2025-07-15
157993,2025-07-15
157994,2025-07-15
157995,2025-07-15
157996,2025-07-15
157997,2025-07-15
157998,2025-07-15
158000,2025-07-15
158001,2025-07-15
158002,2025-07-15
158003,2025-07-15
158004,2025-07-15
158005,2025-07-15
158006,2025-07-15
158008,2025-07-15
158009,2025-07-15
158010,2025-07-15
158011,2025-07-15
158012,2025-07-15
158013,2025-07-15
158014,2025-07-15
158015,2025-07-15
158016,2025-07-15
158018,2025-07-15
158019,2025-07-15
158020,2025-07-15
158023,2025-07-15
158024,2025-07-15
158025,2025-07-15
158026,2025-07-15
158027,2025-07-15
158028,2025-07-15
158029,2025-07-15
158030,2025-07-15
158031,2025-07-15
158032,2025-07-15
158033,2025-07-15
158034,2025-07-15
158036,2025-07-15
158037,2025-07-15
158038,2025-07-15
158039,2025-07-15
158040,2025-07-15
158041,2025-07-15
158042,2025-07-15
158043,2025-07-15
158044,2025-07-15
158046,2025-07-15
158047,2025-07-15
158048,2025-07-15
158049,2025-07-15
158050,2025-07-15
158051,2025-07-15
158052,2025-07-15
158053,2025-07-15
158055,2025-07-15
158056,2025-07-15
158057,2025-07-15
158058,2025-07-15
158059,2025-07-15
158060,2025-07-16
158061,2025-07-16
158062,2025-07-16
158063,2025-07-16
158064,2025-07-16
158065,2025-07-16
158066,2025-07-16
158067,2025-07-16
158068,2025-07-16
158070,2025-07-16
158071,2025-07-16
158072,2025-07-16
158073,2025-07-16
158074,2025-07-16
158075,2025-07-16
158076,2025-07-16
158078,2025-07-16
158079,2025-07-16
158080,2025-07-16
158081,2025-07-16
158082,2025-07-16
158083,2025-07-16
158084,2025-07-16
158085,2025-07-16
158086,2025-07-16
158087,2025-07-16
158088,2025-07-16
158089,2025-07-16
158091,2025-07-16
158093,2025-07-16
158094,2025-07-16
158095,2025-07-16
158097,2025-07-16
158098,2025-07-16
158099,2025-07-16
158100,2025-07-16
158101,2025-07-16
158102,2025-07-16
158103,2025-07-16
158104,2025-07-16
158105,2025-07-16
158106,2025-07-16
158107,2025-07-16
158108,2025-07-16
158109,2025-07-16
158110,2025-07-16
158111,2025-07-16
158112,2025-07-16
158113,2025-07-16
158114,2025-07-16
158115,2025-07-16
158116,2025-07-16
158119,2025-07-16
158120,2025-07-16
158121,2025-07-16
158122,2025-07-16
158123,2025-07-16
158124,2025-07-16
158125,2025-07-16
158126,2025-07-16
158127,2025-07-16
158128,2025-07-16
158130,2025-07-16
158131,2025-07-16
158132,2025-07-16
158133,2025-07-16
158134,2025-07-16
158135,2025-07-16
158137,2025-07-16
158140,2025-07-16
158141,2025-07-16
158145,2025-07-16
158146,2025-07-16
158147,2025-07-16
158148,2025-07-16
158149,2025-07-16
158150,2025-07-16
158151,2025-07-16
158152,2025-07-16
158153,2025-07-16
158154,2025-07-16
158155,2025-07-16
158156,2025-07-16
158157,2025-07-16
158158,2025-07-16
158159,2025-07-16
158161,2025-07-16
158162,2025-07-16
158163,2025-07-16
158164,2025-07-17
158165,2025-07-17
158166,2025-07-17
158167,2025-07-17
158168,2025-07-17
158169,2025-07-17
158170,2025-07-17
158171,2025-07-17
158172,2025-07-17
158173,2025-07-17
158174,2025-07-17
158175,2025-07-17
158177,2025-07-17
158178,2025-07-17
158179,2025-07-17
158180,2025-07-17
158181,2025-07-17
158182,2025-07-17
158183,2025-07-17
158184,2025-07-17
158185,2025-07-17
158192,2025-07-17
158193,2025-07-17
158201,2025-07-17
158202,2025-07-17
158204,2025-07-17
158205,2025-07-17
158206,2025-07-17
158207,2025-07-17
158208,2025-07-17
158209,2025-07-17
158210,2025-07-17
158211,2025-07-17
158212,2025-07-17
158213,2025-07-17
158215,2025-07-17
158216,2025-07-17
158217,2025-07-17
158218,2025-07-17
158219,2025-07-17
158220,2025-07-17
158221,2025-07-17
158222,2025-07-17
158223,2025-07-17
158224,2025-07-17
158225,2025-07-17
158226,2025-07-17
158227,2025-07-17
158228,2025-07-17
158229,2025-07-17
158230,2025-07-17
158231,2025-07-17
158232,2025-07-17
158235,2025-07-17
158236,2025-07-17
158238,2025-07-17
158239,2025-07-17
158241,2025-07-17
158242,2025-07-17
158244,2025-07-17
158245,2025-07-17
158246,2025-07-17
158247,2025-07-17
158248,2025-07-17
158249,2025-07-17
158251,2025-07-17
158253,2025-07-17
158255,2025-07-17
158256,2025-07-17
158257,2025-07-17
158259,2025-07-17
158260,2025-07-17
158261,2025-07-17
158262,2025-07-17
158268,2025-07-17
158269,2025-07-17
158290,2025-07-18
158291,2025-07-18
158292,2025-07-18
158293,2025-07-18
158294,2025-07-18
158295,2025-07-18
158297,2025-07-18
158298,2025-07-18
158299,2025-07-18
158300,2025-07-18
158301,2025-07-18
158302,2025-07-18
158304,2025-07-18
158308,2025-07-18
158309,2025-07-18
158310,2025-07-18
158312,2025-07-18
158314,2025-07-18
158315,2025-07-18
158316,2025-07-18
158317,2025-07-18
158318,2025-07-18
158320,2025-07-18
158321,2025-07-18
158322,2025-07-18
158323,2025-07-18
158324,2025-07-18
158325,2025-07-18
158326,2025-07-18
158327,2025-07-18
158329,2025-07-18
158330,2025-07-18
158331,2025-07-18
158332,2025-07-18
158333,2025-07-18
158335,2025-07-18
158336,2025-07-18
158337,2025-07-18
158338,2025-07-18
158339,2025-07-18
158340,2025-07-18
158341,2025-07-18
158342,2025-07-18
158343,2025-07-18
158344,2025-07-18
158345,2025-07-18
158346,2025-07-18
158347,2025-07-18
158348,2025-07-18
158349,2025-07-18
158350,2025-07-18
158351,2025-07-18
158352,2025-07-18
158353,2025-07-18
158354,2025-07-18
158355,2025-07-18
158357,2025-07-18
158358,2025-07-18
158360,2025-07-18
158361,2025-07-18
158363,2025-07-18
158364,2025-07-18
158365,2025-07-18
158366,2025-07-18
158367,2025-07-18
158368,2025-07-18
158369,2025-07-18
158370,2025-07-18
158372,2025-07-18
158374,2025-07-18
158375,2025-07-18
158376,2025-07-18
158377,2025-07-18
158378,2025-07-18
158379,2025-07-18
158380,2025-07-18
158381,2025-07-18
158382,2025-07-18
158383,2025-07-18
158384,2025-07-18
158385,2025-07-18
158386,2025-07-18
158387,2025-07-18
158388,2025-07-18
158389,2025-07-18
158390,2025-07-18
158393,2025-07-18
158394,2025-07-18
158395,2025-07-18
158396,2025-07-18
158397,2025-07-18
158398,2025-07-18
158399,2025-07-19
158400,2025-07-19
158401,2025-07-19
158402,2025-07-19
158403,2025-07-19
158404,2025-07-19
158405,2025-07-19
158406,2025-07-19
158407,2025-07-19
158408,2025-07-19
158409,2025-07-19
158410,2025-07-19
158411,2025-07-19
158412,2025-07-19
158413,2025-07-19
158414,2025-07-19
158415,2025-07-19
158416,2025-07-19
158417,2025-07-19
158418,2025-07-19
158419,2025-07-19
158420,2025-07-19
158421,2025-07-19
158422,2025-07-19
158423,2025-07-19
158424,2025-07-19
158425,2025-07-19
158426,2025-07-19
158427,2025-07-19
158428,2025-07-19
158429,2025-07-19
158430,2025-07-19
158431,2025-07-19
158432,2025-07-19
158433,2025-07-19
158434,2025-07-19
158435,2025-07-19
158436,2025-07-19
158437,2025-07-19
158438,2025-07-19
158439,2025-07-19
158440,2025-07-19
158441,2025-07-19
158442,2025-07-19
158443,2025-07-19
158444,2025-07-19
158445,2025-07-19
158446,2025-07-19
158447,2025-07-19
158448,2025-07-19
158449,2025-07-19
158450,2025-07-19
158451,2025-07-19
158452,2025-07-19
158453,2025-07-19
158454,2025-07-19
158455,2025-07-19
158456,2025-07-19
158457,2025-07-19
158458,2025-07-19
158459,2025-07-19
158462,2025-07-19
158463,2025-07-19
158464,2025-07-19
158465,2025-07-19
158466,2025-07-19
158467,2025-07-19
158468,2025-07-19
158469,2025-07-19
158470,2025-07-19
158471,2025-07-19
158472,2025-07-19
158473,2025-07-19
158474,2025-07-19
158475,2025-07-19
158476,2025-07-19
158477,2025-07-19
158478,2025-07-19
158479,2025-07-19
158480,2025-07-19
158481,2025-07-19
158482,2025-07-19
158483,2025-07-19
158484,2025-07-19
158485,2025-07-19
158486,2025-07-19
158487,2025-07-19
158488,2025-07-19
158489,2025-07-19
158490,2025-07-19
158491,2025-07-19
158492,2025-07-19
158493,2025-07-19
158494,2025-07-19
158495,2025-07-19
158496,2025-07-19
158497,2025-07-19
158499,2025-07-19
158500,2025-07-19
158501,2025-07-19
158502,2025-07-19
158503,2025-07-19
158505,2025-07-19
158506,2025-07-19
158507,2025-07-19
158508,2025-07-19
158509,2025-07-19
158512,2025-07-19
158513,2025-07-19
158517,2025-07-19
158518,2025-07-19
158519,2025-07-19
158520,2025-07-19
158522,2025-07-19
158523,2025-07-19
158524,2025-07-19
158525,2025-07-19
158526,2025-07-19
158527,2025-07-19
158528,2025-07-19
158530,2025-07-19
158531,2025-07-19
158532,2025-07-19
158533,2025-07-19
158534,2025-07-19
158535,2025-07-20
158536,2025-07-20
158538,2025-07-21
158539,2025-07-21
158540,2025-07-21
158541,2025-07-21
158542,2025-07-21
158543,2025-07-21
158544,2025-07-21
158545,2025-07-21
158546,2025-07-21
158547,2025-07-21
158548,2025-07-21
158549,2025-07-21
158550,2025-07-21
158551,2025-07-21
158552,2025-07-21
158553,2025-07-21
158554,2025-07-21
158555,2025-07-21
158557,2025-07-21
158558,2025-07-21
158560,2025-07-21
158561,2025-07-21
158562,2025-07-21
158563,2025-07-21
158564,2025-07-21
158565,2025-07-21
158566,2025-07-21
158567,2025-07-21
158571,2025-07-21
158573,2025-07-21
158574,2025-07-21
158576,2025-07-21
158577,2025-07-21
158578,2025-07-21
158579,2025-07-21
158580,2025-07-21
158582,2025-07-21
158583,2025-07-21
158584,2025-07-21
158585,2025-07-21
158586,2025-07-21
158587,2025-07-21
158588,2025-07-21
158589,2025-07-21
158590,2025-07-21
158591,2025-07-21
158592,2025-07-21
158593,2025-07-21
158594,2025-07-21
158595,2025-07-21
158596,2025-07-21
158597,2025-07-21
158599,2025-07-21
158600,2025-07-21
158604,2025-07-21
158605,2025-07-21
158606,2025-07-21
158608,2025-07-21
158611,2025-07-21
158612,2025-07-21
158613,2025-07-21
158614,2025-07-21
158615,2025-07-21
158616,2025-07-21
158617,2025-07-21
158618,2025-07-21
158619,2025-07-21
158620,2025-07-21
158621,2025-07-21
158622,2025-07-21
158623,2025-07-21
158624,2025-07-21
158625,2025-07-21
158626,2025-07-21
158627,2025-07-21
158628,2025-07-21
158629,2025-07-21
158630,2025-07-21
158631,2025-07-21
158632,2025-07-21
158633,2025-07-21
158634,2025-07-21
158635,2025-07-21
158636,2025-07-21
158637,2025-07-21
158638,2025-07-21
158640,2025-07-21
158641,2025-07-21
158642,2025-07-21
158643,2025-07-21
158644,2025-07-21
158645,2025-07-21
158646,2025-07-21
158648,2025-07-21
158649,2025-07-21
158650,2025-07-22
158651,2025-07-22
158652,2025-07-22
158653,2025-07-22
158654,2025-07-22
158656,2025-07-22
158658,2025-07-22
158659,2025-07-22
158660,2025-07-22
158661,2025-07-22
158662,2025-07-22
158663,2025-07-22
158664,2025-07-22
158665,2025-07-22
158666,2025-07-22
158667,2025-07-22
158668,2025-07-22
158669,2025-07-22
158670,2025-07-22
158671,2025-07-22
158672,2025-07-22
158673,2025-07-22
158675,2025-07-22
158676,2025-07-22
158677,2025-07-22
158678,2025-07-22
158679,2025-07-22
158680,2025-07-22
158681,2025-07-22
158682,2025-07-22
158683,2025-07-22
158684,2025-07-22
158685,2025-07-22
158686,2025-07-22
158688,2025-07-22
158689,2025-07-22
158690,2025-07-22
158691,2025-07-22
158692,2025-07-22
158693,2025-07-22
158694,2025-07-22
158695,2025-07-22
158696,2025-07-22
158697,2025-07-22
158698,2025-07-22
158699,2025-07-22
158700,2025-07-22
158701,2025-07-22
158702,2025-07-22
158703,2025-07-22
158704,2025-07-22
158705,2025-07-22
158706,2025-07-22
158708,2025-07-22
158710,2025-07-22
158712,2025-07-22
158714,2025-07-22
158716,2025-07-22
158717,2025-07-22
158718,2025-07-22
158719,2025-07-22
158720,2025-07-22
158721,2025-07-22
158723,2025-07-22
158724,2025-07-22
158725,2025-07-22
158726,2025-07-22
158727,2025-07-22
158728,2025-07-22
158729,2025-07-22
158730,2025-07-22
158731,2025-07-22
158732,2025-07-22
158733,2025-07-22
158734,2025-07-22
158735,2025-07-22
158736,2025-07-22
158737,2025-07-22
158738,2025-07-22
158739,2025-07-22
158740,2025-07-22
158741,2025-07-22
158742,2025-07-22
158743,2025-07-22
158744,2025-07-22
158745,2025-07-22
158746,2025-07-22
158747,2025-07-22
158748,2025-07-22
158749,2025-07-22
158750,2025-07-22
158751,2025-07-22
158752,2025-07-22
158753,2025-07-22
158754,2025-07-22
158755,2025-07-22
158756,2025-07-22
158757,2025-07-22
158758,2025-07-22
158759,2025-07-22
158760,2025-07-22
158761,2025-07-22
158762,2025-07-22
158763,2025-07-22
158764,2025-07-22
158765,2025-07-22
158766,2025-07-23
158768,2025-07-23
158769,2025-07-23
158770,2025-07-23
158771,2025-07-23
158772,2025-07-23
158773,2025-07-23
158775,2025-07-23
158777,2025-07-23
158780,2025-07-23
158781,2025-07-23
158782,2025-07-23
158783,2025-07-23
158784,2025-07-23
158785,2025-07-23
158786,2025-07-23
158787,2025-07-23
158788,2025-07-23
158789,2025-07-23
158790,2025-07-23
158791,2025-07-23
158792,2025-07-23
158793,2025-07-23
158794,2025-07-23
158795,2025-07-23
158796,2025-07-23
158797,2025-07-23
158798,2025-07-23
158799,2025-07-23
158800,2025-07-23
158801,2025-07-23
158802,2025-07-23
158803,2025-07-23
158804,2025-07-23
158805,2025-07-23
158806,2025-07-23
158807,2025-07-23
158808,2025-07-23
158809,2025-07-23
158810,2025-07-23
158811,2025-07-23
158812,2025-07-23
158813,2025-07-23
158814,2025-07-23
158815,2025-07-23
158816,2025-07-23
158817,2025-07-23
158818,2025-07-23
158819,2025-07-23
158820,2025-07-23
158821,2025-07-23
158822,2025-07-23
158823,2025-07-23
158824,2025-07-23
158825,2025-07-23
158826,2025-07-23
158827,2025-07-23
158828,2025-07-23
158829,2025-07-23
158830,2025-07-23
158831,2025-07-23
158832,2025-07-23
158833,2025-07-23
158834,2025-07-23
158835,2025-07-23
158836,2025-07-23
158837,2025-07-23
158838,2025-07-23
158839,2025-07-23
158840,2025-07-23
158841,2025-07-23
158842,2025-07-23
158844,2025-07-23
158845,2025-07-23
158846,2025-07-23
158847,2025-07-23
158848,2025-07-23
158849,2025-07-23
158850,2025-07-23
158851,2025-07-23
158852,2025-07-23
158853,2025-07-23
158854,2025-07-23
158855,2025-07-23
158856,2025-07-23
158857,2025-07-23
158858,2025-07-23
158859,2025-07-23
158860,2025-07-23
158862,2025-07-23
158863,2025-07-23
158864,2025-07-23
158865,2025-07-23
158866,2025-07-23
158868,2025-07-24
158869,2025-07-24
158870,2025-07-24
158871,2025-07-24
158872,2025-07-24
158874,2025-07-24
158875,2025-07-24
158876,2025-07-24
158877,2025-07-24
158878,2025-07-24
158880,2025-07-24
158881,2025-07-24
158882,2025-07-24
158883,2025-07-24
158884,2025-07-24
158885,2025-07-24
158886,2025-07-24
158888,2025-07-24
158889,2025-07-24
158890,2025-07-24
158891,2025-07-24
158892,2025-07-24
158893,2025-07-24
158894,2025-07-24
158895,2025-07-24
158896,2025-07-24
158897,2025-07-24
158898,2025-07-24
158899,2025-07-24
158901,2025-07-24
158902,2025-07-24
158904,2025-07-24
158905,2025-07-24
158906,2025-07-24
158908,2025-07-24
158909,2025-07-24
158910,2025-07-24
158911,2025-07-24
158912,2025-07-24
158913,2025-07-24
158914,2025-07-24
158915,2025-07-24
158916,2025-07-24
158917,2025-07-24
158918,2025-07-24
158919,2025-07-24
158920,2025-07-24
158921,2025-07-24
158922,2025-07-24
158923,2025-07-24
158924,2025-07-24
158925,2025-07-24
158926,2025-07-24
158927,2025-07-24
158928,2025-07-24
158929,2025-07-24
158930,2025-07-24
158931,2025-07-24
158932,2025-07-24
158933,2025-07-24
158934,2025-07-24
158935,2025-07-24
158940,2025-07-24
158942,2025-07-24
158943,2025-07-24
158944,2025-07-24
158945,2025-07-24
158946,2025-07-24
158947,2025-07-24
158950,2025-07-24
158951,2025-07-24
158953,2025-07-24
158954,2025-07-24
158955,2025-07-24
158956,2025-07-24
158957,2025-07-24
158958,2025-07-24
158959,2025-07-24
158960,2025-07-24
158961,2025-07-24
158963,2025-07-24
158964,2025-07-24
158965,2025-07-24
158966,2025-07-24
158967,2025-07-24
158968,2025-07-24
158969,2025-07-24
158973,2025-07-25
158974,2025-07-25
158975,2025-07-25
158977,2025-07-25
158978,2025-07-25
158979,2025-07-25
158980,2025-07-25
158981,2025-07-25
158982,2025-07-25
158983,2025-07-25
158984,2025-07-25
158985,2025-07-25
158987,2025-07-25
158988,2025-07-25
158989,2025-07-25
158990,2025-07-25
158991,2025-07-25
158992,2025-07-25
158993,2025-07-25
158994,2025-07-25
158995,2025-07-25
158996,2025-07-25
158997,2025-07-25
158998,2025-07-25
158999,2025-07-25
159000,2025-07-25
159001,2025-07-25
159002,2025-07-25
159003,2025-07-25
159004,2025-07-25
159005,2025-07-25
159006,2025-07-25
159007,2025-07-25
159009,2025-07-25
159011,2025-07-25
159012,2025-07-25
159013,2025-07-25
159014,2025-07-25
159015,2025-07-25
159017,2025-07-25
159018,2025-07-25
159024,2025-07-25
159025,2025-07-25
159026,2025-07-25
159027,2025-07-25
159029,2025-07-25
159030,2025-07-25
159033,2025-07-25
159035,2025-07-25
159036,2025-07-25
159038,2025-07-25
159040,2025-07-25
159041,2025-07-25
159042,2025-07-25
159043,2025-07-25
159044,2025-07-25
159045,2025-07-25
159046,2025-07-25
159047,2025-07-25
159048,2025-07-25
159049,2025-07-25
159050,2025-07-25
159051,2025-07-25
159052,2025-07-25
159053,2025-07-25
159054,2025-07-25
159055,2025-07-25
159056,2025-07-25
159057,2025-07-25
159058,2025-07-25
159059,2025-07-25
159060,2025-07-25
159061,2025-07-25
159062,2025-07-25
159063,2025-07-25
159064,2025-07-25
159066,2025-07-25
159067,2025-07-25
159068,2025-07-25
159069,2025-07-25
159070,2025-07-25
159071,2025-07-25
159072,2025-07-25
159073,2025-07-25
159074,2025-07-25
159075,2025-07-25
159076,2025-07-25
159077,2025-07-25
159078,2025-07-26
159079,2025-07-26
159080,2025-07-26
159081,2025-07-26
159082,2025-07-26
159083,2025-07-26
159084,2025-07-26
159086,2025-07-26
159087,2025-07-26
159088,2025-07-26
159089,2025-07-26
159090,2025-07-26
159091,2025-07-26
159092,2025-07-26
159093,2025-07-26
159094,2025-07-26
159095,2025-07-26
159096,2025-07-26
159098,2025-07-26
159099,2025-07-26
159100,2025-07-26
159101,2025-07-26
159102,2025-07-26
159103,2025-07-26
159104,2025-07-26
159105,2025-07-26
159106,2025-07-26
159107,2025-07-26
159108,2025-07-26
159110,2025-07-26
159111,2025-07-26
159112,2025-07-26
159116,2025-07-26
159117,2025-07-26
159118,2025-07-26
159119,2025-07-26
159120,2025-07-26
159121,2025-07-26
159122,2025-07-26
159123,2025-07-26
159124,2025-07-26
159125,2025-07-26
159126,2025-07-26
159127,2025-07-26
159128,2025-07-26
159129,2025-07-26
159130,2025-07-26
159131,2025-07-26
159132,2025-07-26
159133,2025-07-26
159134,2025-07-26
159135,2025-07-26
159136,2025-07-26
159141,2025-07-26
159142,2025-07-26
159143,2025-07-26
159144,2025-07-26
159146,2025-07-26
159149,2025-07-26
159150,2025-07-26
159152,2025-07-26
159154,2025-07-26
159155,2025-07-26
159156,2025-07-26
159157,2025-07-26
159158,2025-07-26
159159,2025-07-26
159160,2025-07-26
159161,2025-07-26
159162,2025-07-26
159163,2025-07-26
159164,2025-07-26
159165,2025-07-26
159166,2025-07-26
159167,2025-07-26
159168,2025-07-26
159169,2025-07-26
159170,2025-07-26
159171,2025-07-26
159172,2025-07-26
159173,2025-07-26
159175,2025-07-26
159176,2025-07-26
159177,2025-07-26
159178,2025-07-26
159179,2025-07-26
159180,2025-07-26
159181,2025-07-26
159184,2025-07-26
159185,2025-07-26
159186,2025-07-26
159187,2025-07-26
159188,2025-07-26
159189,2025-07-26
159190,2025-07-26
159191,2025-07-26
159192,2025-07-26
159193,2025-07-26
159194,2025-07-26
159195,2025-07-26
159196,2025-07-26
159197,2025-07-26
159198,2025-07-26
159199,2025-07-27
159200,2025-07-27
159201,2025-07-27
159202,2025-07-27
159203,2025-07-27
159204,2025-07-27
159205,2025-07-27
159206,2025-07-27
159207,2025-07-27
159208,2025-07-27
159212,2025-07-27
159213,2025-07-27
159214,2025-07-27
159215,2025-07-27
159216,2025-07-27
159217,2025-07-27
159218,2025-07-27
159219,2025-07-27
159220,2025-07-27
159221,2025-07-27
159222,2025-07-27
159223,2025-07-27
159224,2025-07-27
159225,2025-07-27
159226,2025-07-27
159227,2025-07-27
159228,2025-07-27
159229,2025-07-27
159230,2025-07-27
159231,2025-07-27
159232,2025-07-27
159233,2025-07-27
159234,2025-07-27
159235,2025-07-27
159236,2025-07-27
159237,2025-07-27
159238,2025-07-27
159239,2025-07-27
159240,2025-07-27
159241,2025-07-27
159243,2025-07-27
159245,2025-07-27
159246,2025-07-27
159247,2025-07-27
159248,2025-07-27
159249,2025-07-27
159250,2025-07-27
159251,2025-07-27
159252,2025-07-27
159253,2025-07-27
159254,2025-07-27
159255,2025-07-27
159256,2025-07-27
159257,2025-07-27
159258,2025-07-27
159260,2025-07-27
159261,2025-07-27
159262,2025-07-27
159263,2025-07-27
159264,2025-07-27
159265,2025-07-27
159266,2025-07-27
159269,2025-07-27
159271,2025-07-27
159272,2025-07-27
159273,2025-07-27
159274,2025-07-27
159275,2025-07-27
159276,2025-07-27
159277,2025-07-27
159278,2025-07-27
159279,2025-07-27
159280,2025-07-27
159281,2025-07-27
159282,2025-07-27
159283,2025-07-27
159284,2025-07-27
159285,2025-07-27
159286,2025-07-27
159287,2025-07-27
159288,2025-07-27
159289,2025-07-27
159290,2025-07-27
159291,2025-07-27
159292,2025-07-27
159293,2025-07-27
159294,2025-07-27
159295,2025-07-27
159296,2025-07-27
159297,2025-07-27
159298,2025-07-28
159299,2025-07-28
159300,2025-07-28
159301,2025-07-28
159302,2025-07-28
159303,2025-07-28
159304,2025-07-28
159305,2025-07-28
159306,2025-07-28
159307,2025-07-28
159309,2025-07-28
159310,2025-07-28
159311,2025-07-28
159312,2025-07-28
159313,2025-07-28
159314,2025-07-28
159315,2025-07-28
159316,2025-07-28
159317,2025-07-28
159318,2025-07-28
159319,2025-07-28
159320,2025-07-28
159321,2025-07-28
159322,2025-07-28
159323,2025-07-28
159324,2025-07-28
159325,2025-07-28
159326,2025-07-28
159327,2025-07-28
159328,2025-07-28
159329,2025-07-28
159330,2025-07-28
159331,2025-07-28
159332,2025-07-28
159333,2025-07-28
159334,2025-07-28
159335,2025-07-28
159336,2025-07-28
159337,2025-07-28
159338,2025-07-28
159339,2025-07-28
159340,2025-07-28
159341,2025-07-28
159342,2025-07-28
159343,2025-07-28
159344,2025-07-28
159345,2025-07-28
159346,2025-07-28
159347,2025-07-28
159348,2025-07-28
159349,2025-07-28
159350,2025-07-28
159352,2025-07-28
159353,2025-07-28
159354,2025-07-28
159355,2025-07-28
159356,2025-07-28
159357,2025-07-28
159358,2025-07-28
159359,2025-07-28
159360,2025-07-28
159361,2025-07-28
159362,2025-07-28
159363,2025-07-28
159364,2025-07-28
159365,2025-07-28
159366,2025-07-28
159367,2025-07-28
159368,2025-07-28
159369,2025-07-28
159370,2025-07-28
159371,2025-07-28
159372,2025-07-28
159373,2025-07-28
159374,2025-07-28
159375,2025-07-28
159376,2025-07-28
159377,2025-07-28
159378,2025-07-28
159379,2025-07-28
159380,2025-07-28
159381,2025-07-28
159382,2025-07-28
159383,2025-07-28
159384,2025-07-28
159385,2025-07-28
159386,2025-07-28
159387,2025-07-28
159388,2025-07-28
159389,2025-07-28
159390,2025-07-28
159391,2025-07-28
159392,2025-07-28
159393,2025-07-28
159394,2025-07-28
159395,2025-07-28
159396,2025-07-28
159397,2025-07-28
159398,2025-07-28
159399,2025-07-28
159400,2025-07-28
159401,2025-07-29
159402,2025-07-29
159403,2025-07-29
159404,2025-07-29
159405,2025-07-29
159406,2025-07-29
159408,2025-07-29
159410,2025-07-29
159411,2025-07-29
159413,2025-07-29
159414,2025-07-29
159415,2025-07-29
159416,2025-07-29
159419,2025-07-29
159420,2025-07-29
159421,2025-07-29
159422,2025-07-29
159423,2025-07-29
159424,2025-07-29
159425,2025-07-29
159426,2025-07-29
159427,2025-07-29
159428,2025-07-29
159429,2025-07-29
159430,2025-07-29
159431,2025-07-29
159432,2025-07-29
159433,2025-07-29
159434,2025-07-29
159435,2025-07-29
159436,2025-07-29
159437,2025-07-29
159438,2025-07-29
159439,2025-07-29
159440,2025-07-29
159442,2025-07-29
159443,2025-07-29
159444,2025-07-29
159445,2025-07-29
159446,2025-07-29
159447,2025-07-29
159449,2025-07-29
159450,2025-07-29
159451,2025-07-29
159452,2025-07-29
159453,2025-07-29
159454,2025-07-29
159455,2025-07-29
159458,2025-07-29
159459,2025-07-29
159460,2025-07-29
159461,2025-07-29
159462,2025-07-29
159463,2025-07-29
159464,2025-07-29
159465,2025-07-29
159467,2025-07-29
159468,2025-07-29
159469,2025-07-29
159470,2025-07-29
159471,2025-07-29
159472,2025-07-29
159473,2025-07-29
159474,2025-07-29
159475,2025-07-29
159476,2025-07-29
159478,2025-07-29
159482,2025-07-29
159483,2025-07-29
159484,2025-07-29
159485,2025-07-29
159486,2025-07-29
159487,2025-07-29
159488,2025-07-29
159489,2025-07-29
159490,2025-07-29
159491,2025-07-29
159492,2025-07-29
159493,2025-07-29
159494,2025-07-29
159495,2025-07-29
159496,2025-07-29
159497,2025-07-29
159498,2025-07-29
159499,2025-07-29
159500,2025-07-29
159501,2025-07-29
159502,2025-07-29
159503,2025-07-29
159504,2025-07-29
159505,2025-07-29
159506,2025-07-29
159507,2025-07-29
159508,2025-07-29
159509,2025-07-29
159510,2025-07-30
159511,2025-07-30
159512,2025-07-30
159513,2025-07-30
159514,2025-07-30
159515,2025-07-30
159516,2025-07-30
159517,2025-07-30
159518,2025-07-30
159519,2025-07-30
159520,2025-07-30
159521,2025-07-30
159522,2025-07-30
159525,2025-07-30
159526,2025-07-30
159527,2025-07-30
159528,2025-07-30
159529,2025-07-30
159530,2025-07-30
159532,2025-07-30
159533,2025-07-30
159534,2025-07-30
159535,2025-07-30
159536,2025-07-30
159537,2025-07-30
159538,2025-07-30
159539,2025-07-30
159540,2025-07-30
159541,2025-07-30
159542,2025-07-30
159543,2025-07-30
159544,2025-07-30
159545,2025-07-30
159546,2025-07-30
159547,2025-07-30
159548,2025-07-30
159549,2025-07-30
159550,2025-07-30
159551,2025-07-30
159552,2025-07-30
159553,2025-07-30
159554,2025-07-30
159555,2025-07-30
159556,2025-07-30
159557,2025-07-30
159559,2025-07-30
159560,2025-07-30
159561,2025-07-30
159563,2025-07-30
159564,2025-07-30
159565,2025-07-30
159566,2025-07-30
159567,2025-07-30
159568,2025-07-30
159569,2025-07-30
159570,2025-07-30
159571,2025-07-30
159572,2025-07-30
159573,2025-07-30
159574,2025-07-30
159575,2025-07-30
159576,2025-07-30
159577,2025-07-30
159578,2025-07-30
159579,2025-07-30
159580,2025-07-30
159581,2025-07-30
159582,2025-07-30
159583,2025-07-30
159584,2025-07-30
159585,2025-07-30
159586,2025-07-30
159588,2025-07-30
159590,2025-07-30
159592,2025-07-30
159593,2025-07-30
159594,2025-07-30
159595,2025-07-30
159596,2025-07-30
159597,2025-07-30
159599,2025-07-30
159600,2025-07-30
159601,2025-07-30
159602,2025-07-30
159603,2025-07-30
159604,2025-07-30
159605,2025-07-30
159606,2025-07-30
159607,2025-07-30
159608,2025-07-30
159609,2025-07-30
159611,2025-07-30
159613,2025-07-30
159614,2025-07-30
159615,2025-07-30
159616,2025-07-30
159624,2025-07-31
159626,2025-07-31
159627,2025-07-31
159628,2025-07-31
159629,2025-07-31
159630,2025-07-31
159631,2025-07-31
159632,2025-07-31
159633,2025-07-31
159634,2025-07-31
159635,2025-07-31
159636,2025-07-31
159637,2025-07-31
159638,2025-07-31
159642,2025-07-31
159647,2025-07-31
159648,2025-07-31
159649,2025-07-31
159650,2025-07-31
159652,2025-07-31
159655,2025-07-31
159657,2025-07-31
159658,2025-07-31
159659,2025-07-31
159668,2025-07-31
159670,2025-07-31
159671,2025-07-31
159672,2025-07-31
159673,2025-07-31
159674,2025-07-31
159675,2025-07-31
159677,2025-07-31
159679,2025-07-31
159680,2025-07-31
159681,2025-07-31
159682,2025-07-31
159683,2025-07-31
159684,2025-07-31
159685,2025-07-31
159686,2025-07-31
159688,2025-07-31
159689,2025-07-31
159690,2025-07-31
159691,2025-07-31
159692,2025-07-31
159693,2025-07-31
159694,2025-07-31
159695,2025-07-31
159696,2025-07-31
159697,2025-07-31
159698,2025-07-31
159699,2025-07-31
159700,2025-07-31
159701,2025-07-31
159702,2025-07-31
159703,2025-07-31
159704,2025-07-31
159705,2025-07-31
159706,2025-07-31
159707,2025-07-31
159708,2025-07-31
159709,2025-07-31
159713,2025-07-31
159715,2025-07-31
159716,2025-07-31
159717,2025-07-31
159718,2025-07-31
159719,2025-07-31
159720,2025-07-31
159721,2025-07-31
159722,2025-07-31
159723,2025-07-31
159724,2025-07-31
159725,2025-07-31
159726,2025-07-31
159727,2025-07-31
159730,2025-07-31
159731,2025-07-31
159732,2025-07-31
159733,2025-07-31
159734,2025-07-31
159735,2025-07-31
159736,2025-07-31
159737,2025-07-31
159738,2025-07-31
159739,2025-07-31
159740,2025-07-31
159741,2025-07-31
159742,2025-07-31
159743,2025-07-31
159744,2025-07-31
159745,2025-07-31
159746,2025-07-31
159747,2025-07-31
159748,2025-07-31
159749,2025-07-31
159750,2025-07-31
159751,2025-07-31
159752,2025-07-31
159753,2025-07-31
159755,2025-07-31
159756,2025-08-01
159757,2025-08-01
159758,2025-08-01
159759,2025-08-01
159760,2025-08-01
159761,2025-08-01
159762,2025-08-01
159763,2025-08-01
159764,2025-08-01
159765,2025-08-01
159766,2025-08-01
159767,2025-08-01
159768,2025-08-01
159769,2025-08-01
159770,2025-08-01
159771,2025-08-01
159772,2025-08-01
159773,2025-08-01
159774,2025-08-01
159775,2025-08-01
159776,2025-08-01
159777,2025-08-01
159778,2025-08-01
159780,2025-08-01
159781,2025-08-01
159782,2025-08-01
159783,2025-08-01
159784,2025-08-01
159785,2025-08-01
159786,2025-08-01
159787,2025-08-01
159788,2025-08-01
159789,2025-08-01
159790,2025-08-01
159791,2025-08-01
159792,2025-08-01
159793,2025-08-01
159794,2025-08-01
159795,2025-08-01
159796,2025-08-01
159798,2025-08-01
159799,2025-08-01
159800,2025-08-01
159801,2025-08-01
159802,2025-08-01
159803,2025-08-01
159804,2025-08-01
159805,2025-08-01
159806,2025-08-01
159807,2025-08-01
159808,2025-08-01
159809,2025-08-01
159810,2025-08-01
159811,2025-08-01
159812,2025-08-01
159813,2025-08-01
159814,2025-08-01
159815,2025-08-01
159816,2025-08-01
159817,2025-08-01
159818,2025-08-01
159819,2025-08-01
159820,2025-08-01
159821,2025-08-01
159822,2025-08-01
159823,2025-08-01
159824,2025-08-01
159825,2025-08-01
159826,2025-08-01
159827,2025-08-01
159828,2025-08-01
159829,2025-08-01
159830,2025-08-01
159831,2025-08-01
159832,2025-08-01
159833,2025-08-01
159838,2025-08-01
159839,2025-08-01
159840,2025-08-01
159841,2025-08-01
159842,2025-08-01
159843,2025-08-01
159844,2025-08-01
159845,2025-08-01
159846,2025-08-01
159847,2025-08-01
159848,2025-08-01
159849,2025-08-01
159850,2025-08-01
159851,2025-08-01
159852,2025-08-01
159853,2025-08-01
159854,2025-08-01
159855,2025-08-01
159856,2025-08-01
159857,2025-08-01
159858,2025-08-01
159859,2025-08-01
159860,2025-08-01
159861,2025-08-01
159862,2025-08-01
159863,2025-08-01
159865,2025-08-01
159866,2025-08-01
159868,2025-08-01
159869,2025-08-01
159870,2025-08-01
159871,2025-08-01
159872,2025-08-01
159873,2025-08-01
159874,2025-08-02
159875,2025-08-02
159876,2025-08-02
159878,2025-08-02
159879,2025-08-02
159932,2026-05-07
159933,2026-05-07
159934,2026-05-07
159935,2026-05-07
159936,2026-05-07
159939,2026-05-07
159940,2026-05-07
159941,2026-05-07
159942,2026-05-07
159943,2026-05-07
159944,2026-05-07
159945,2026-05-07
159948,2026-05-07
159949,2026-05-07
159951,2026-05-07
159952,2026-05-07
159953,2026-05-07
159954,2026-05-07
159955,2026-05-07
159956,2026-05-07
159957,2026-05-07
159958,2026-05-07
159959,2026-05-07
159960,2026-05-07
159961,2026-05-07
159962,2026-05-07
159963,2026-05-07
159964,2026-05-07
159965,2026-05-07
159966,2026-05-07
159967,2026-05-07
159968,2026-05-07
159969,2026-05-07
159970,2026-05-08
159971,2026-05-08
159972,2026-05-08
159973,2026-05-08
159974,2026-05-08
159975,2026-05-08
159977,2026-05-08
159978,2026-05-08
159979,2026-05-08
159980,2026-05-08
159981,2026-05-08
159982,2026-05-08
159983,2026-05-08
159984,2026-05-08
159985,2026-05-08
159986,2026-05-08
159999,2026-05-08
160000,2026-05-08
160007,2026-05-09
160008,2026-05-09
160009,2026-05-09
160010,2026-05-09
160011,2026-05-09
160012,2026-05-09
160014,2026-05-09
160028,2026-05-09
160030,2026-05-11
160031,2026-05-11
160032,2026-05-11
160033,2026-05-11
160034,2026-05-11
160035,2026-05-11
160050,2026-05-11
160051,2026-05-11
160052,2026-05-11
160053,2026-05-11
160054,2026-05-11
160055,2026-05-11
160056,2026-05-11
160057,2026-05-11
160060,2026-05-12
160061,2026-05-12
160062,2026-05-12
160063,2026-05-12
160064,2026-05-12
160066,2026-05-12
160067,2026-05-12
160068,2026-05-12
160069,2026-05-12
160070,2026-05-12
160071,2026-05-12
160072,2026-05-12
160073,2026-05-12
160074,2026-05-12
160075,2026-05-13
160076,2026-05-13
160077,2026-05-13
160078,2026-05-13
160079,2026-05-13
160080,2026-05-13
160083,2026-05-13
160084,2026-05-13
160085,2026-05-13
160086,2026-05-13
160087,2026-05-13
160088,2026-05-13
160089,2026-05-13
160090,2026-05-13
160091,2026-05-13
160092,2026-05-13
160093,2026-05-13
160094,2026-05-13
160095,2026-05-13
160096,2026-05-13
160097,2026-05-13
160100,2026-05-13
160101,2026-05-13
160102,2026-05-13
160103,2026-05-13
160104,2026-05-13
160105,2026-05-13
160106,2026-05-13
160107,2026-05-13
160108,2026-05-13
160109,2026-05-13
160110,2026-05-13
160111,2026-05-13
160112,2026-05-13
160113,2026-05-13
160114,2026-05-13
160115,2026-05-13
160116,2026-05-13
160117,2026-05-13
160118,2026-05-13
160119,2026-05-13
160120,2026-05-13
160121,2026-05-13
160122,2026-05-13
160123,2026-05-13
160124,2026-05-13
160125,2026-05-13
160126,2026-05-13
160127,2026-05-13
160128,2026-05-13
160129,2026-05-13
160130,2026-05-13
160131,2026-05-13
160133,2026-05-13
160134,2026-05-13
160135,2026-05-13
160136,2026-05-13
160137,2026-05-13
160138,2026-05-13
160139,2026-05-13
160140,2026-05-13
160141,2026-05-13
160142,2026-05-13
160143,2026-05-13
160144,2026-05-13
160145,2026-05-13
160146,2026-05-13
160147,2026-05-13
160148,2026-05-13
160149,2026-05-13
160150,2026-05-13
160151,2026-05-13
160152,2026-05-13
160153,2026-05-13
160154,2026-05-13
160155,2026-05-13
160156,2026-05-13
160157,2026-05-13
160158,2026-05-13
160159,2026-05-13
160160,2026-05-13
160161,2026-05-13
160162,2026-05-13
160163,2026-05-13
160164,2026-05-13
160165,2026-05-13
160166,2026-05-13
160167,2026-05-13
160168,2026-05-13
160169,2026-05-13
160170,2026-05-13
160171,2026-05-13
160172,2026-05-13
160174,2026-05-13
160175,2026-05-13
160176,2026-05-13
160177,2026-05-13
160178,2026-05-13
160179,2026-05-13
160180,2026-05-13
160181,2026-05-13
160182,2026-05-13
160183,2026-05-13
160184,2026-05-13
160185,2026-05-14
160186,2026-05-14
160187,2026-05-14
160188,2026-05-14
160189,2026-05-14
160190,2026-05-14
160191,2026-05-15
160192,2026-05-15
160193,2026-05-15
160194,2026-05-15
160195,2026-05-15
160196,2026-05-15
160197,2026-05-15
160198,2026-05-15
160200,2026-05-15
160201,2026-05-15
160203,2026-05-15
160204,2026-05-15
160205,2026-05-15
160206,2026-05-21
160207,2026-05-21
160208,2026-05-21
160209,2026-05-21
160210,2026-05-21
160211,2026-05-21
160212,2026-05-21
160213,2026-05-21
160214,2026-05-21
160215,2026-05-21
160216,2026-05-21
160217,2026-05-21
160218,2026-05-21
160219,2026-05-21
160220,2026-05-21
160221,2026-05-21
160222,2026-05-21
160223,2026-05-21
160224,2026-05-21
160225,2026-05-21
160226,2026-05-21
160227,2026-05-21
160228,2026-05-21
160229,2026-05-21
160230,2026-05-21
160231,2026-05-21
160232,2026-05-21
160233,2026-05-21
160234,2026-05-21
160235,2026-05-21
160236,2026-05-21
160237,2026-05-21
160238,2026-05-21
160239,2026-05-21
160240,2026-05-21
160241,2026-05-21
160242,2026-05-21
160243,2026-05-21
160244,2026-05-21
160245,2026-05-21
160246,2026-05-21
160247,2026-05-21
160248,2026-05-21
160249,2026-05-21
160250,2026-05-21
160251,2026-05-21
160252,2026-05-21
160253,2026-05-21
160254,2026-05-21
160255,2026-05-21
160256,2026-05-21
160257,2026-05-21
160258,2026-05-21
160259,2026-05-21
160260,2026-05-21
160261,2026-05-21
160262,2026-05-21
160263,2026-05-21
160264,2026-05-21
160265,2026-05-21
160266,2026-05-21
160267,2026-05-21
160268,2026-05-21
160269,2026-05-21
160271,2026-05-21
160272,2026-05-21
160273,2026-05-21
160274,2026-05-21
160275,2026-05-21
160276,2026-05-21
160277,2026-05-21
160278,2026-05-21
160279,2026-05-21
160280,2026-05-21
160281,2026-05-21
160282,2026-05-21
160283,2026-05-21
160284,2026-05-21
160285,2026-05-21
160286,2026-05-21
160287,2026-05-21
160288,2026-05-21
160289,2026-05-21
160290,2026-05-21
160291,2026-05-21
160292,2026-05-21
160293,2026-05-21
160294,2026-05-21
160295,2026-05-21
160296,2026-05-21
160297,2026-05-21
160298,2026-05-21
160299,2026-05-21
160300,2026-05-21
160301,2026-05-21
160302,2026-05-21
160303,2026-05-21
160305,2026-05-21
160306,2026-05-21
160307,2026-05-21
160308,2026-05-21
160309,2026-05-21
160310,2026-05-21
160311,2026-05-21
160312,2026-05-21
160313,2026-05-21
160314,2026-05-21
160315,2026-05-21
160316,2026-05-21
160317,2026-05-21
160318,2026-05-21
160319,2026-05-21
160320,2026-05-21
160321,2026-05-21
160322,2026-05-21
160323,2026-05-21
160324,2026-05-21
160325,2026-05-21
160326,2026-05-21
160327,2026-05-21
160328,2026-05-21
160329,2026-05-21
160330,2026-05-21
160331,2026-05-21
160332,2026-05-21
160333,2026-05-21
160334,2026-05-21
160335,2026-05-21
160336,2026-05-21
160337,2026-05-21
160338,2026-05-21
160339,2026-05-21
160340,2026-05-21
160341,2026-05-21
160342,2026-05-21
160343,2026-05-21
160344,2026-05-21
160345,2026-05-21
160346,2026-05-21
160347,2026-05-21
160348,2026-05-21
160349,2026-05-21
160350,2026-05-21
160351,2026-05-21
160352,2026-05-21
160353,2026-05-21
160354,2026-05-22
160355,2026-05-22
160356,2026-05-22
160357,2026-05-22
160358,2026-05-22
160359,2026-05-22
160361,2026-05-22
160362,2026-05-22
160363,2026-05-22
160364,2026-05-22
160365,2026-05-22
160366,2026-05-22
160367,2026-05-22
160368,2026-05-22
160369,2026-05-22
160370,2026-05-22
160371,2026-05-22
160372,2026-05-22
160373,2026-05-22
160374,2026-05-22
160375,2026-05-22
160376,2026-05-22
160377,2026-05-22
160378,2026-05-22
160379,2026-05-22
160380,2026-05-22
160381,2026-05-22
160382,2026-05-22
160383,2026-05-22
160384,2026-05-22
160385,2026-05-22
160386,2026-05-22
160387,2026-05-22
160388,2026-05-22
160389,2026-05-22
160390,2026-05-22
160392,2026-05-22
160393,2026-05-22
160394,2026-05-22
160395,2026-05-22
160396,2026-05-22
160397,2026-05-22
160398,2026-05-22
160399,2026-05-22
160400,2026-05-22
160401,2026-05-22
160402,2026-05-22
160403,2026-05-22
160404,2026-05-22
160405,2026-05-22
160406,2026-05-22
160407,2026-05-22
160408,2026-05-22
160409,2026-05-22
160410,2026-05-22
160411,2026-05-22
160412,2026-05-22
160413,2026-05-22
160414,2026-05-22
160415,2026-05-22
160416,2026-05-22
160417,2026-05-22
160418,2026-05-22
160419,2026-05-22
160420,2026-05-22
160421,2026-05-22
160422,2026-05-22
160423,2026-05-22
160424,2026-05-22
160425,2026-05-22
160426,2026-05-22
160427,2026-05-22
160428,2026-05-22
160429,2026-05-22
160430,2026-05-22
160431,2026-05-22
160432,2026-05-22
160433,2026-05-22
160434,2026-05-22
160435,2026-05-22
160436,2026-05-22
160437,2026-05-22
160438,2026-05-22
160439,2026-05-22
160440,2026-05-22
160441,2026-05-22
160442,2026-05-22
160443,2026-05-22
160444,2026-05-22
160445,2026-05-22
160446,2026-05-22
160447,2026-05-22
160448,2026-05-22
160449,2026-05-22
160450,2026-05-22
160451,2026-05-22
160452,2026-05-22
160455,2026-05-22
160456,2026-05-22
160457,2026-05-22
160458,2026-05-22
160459,2026-05-22
160460,2026-05-22
160461,2026-05-22
160462,2026-05-22
160463,2026-05-22
160464,2026-05-22
160465,2026-05-22
160466,2026-05-22
160467,2026-05-22
160468,2026-05-22
160469,2026-05-22
160470,2026-05-22
160471,2026-05-22
160472,2026-05-22
160473,2026-05-22
160474,2026-05-22
160475,2026-05-22
160476,2026-05-22
160478,2026-05-22
160479,2026-05-22
160480,2026-05-22
160481,2026-05-22
160482,2026-05-22
160483,2026-05-22
160484,2026-05-22
160485,2026-05-22
160486,2026-05-22
160488,2026-05-22
160489,2026-05-22
160490,2026-05-22
160491,2026-05-22
160492,2026-05-22
160493,2026-05-22
160494,2026-05-22
160495,2026-05-22
160496,2026-05-22
160497,2026-05-22
160498,2026-05-22
160499,2026-05-22
160500,2026-05-22
160501,2026-05-22
160502,2026-05-22
160504,2026-05-22
160505,2026-05-22
160506,2026-05-22
160507,2026-05-22
160508,2026-05-22
160509,2026-05-22
160510,2026-05-22
160511,2026-05-22
160512,2026-05-22
160513,2026-05-22
160514,2026-05-22
160515,2026-05-22
160516,2026-05-22
160517,2026-05-22
160518,2026-05-22
160519,2026-05-22
160520,2026-05-22
160521,2026-05-22
160522,2026-05-22
160523,2026-05-22
160524,2026-05-22
160525,2026-05-22
160527,2026-05-22
160528,2026-05-22
160529,2026-05-22
160530,2026-05-22
160531,2026-05-22
160532,2026-05-22
160533,2026-05-22
160534,2026-05-22
160535,2026-05-22
160536,2026-05-22
160537,2026-05-22
160538,2026-05-22
160540,2026-05-22
160541,2026-05-25
160542,2026-05-25
160543,2026-05-25
160544,2026-05-25
160545,2026-05-25
160546,2026-05-25
160547,2026-05-25
160548,2026-05-25
160549,2026-05-25
160550,2026-05-25
160551,2026-05-25
160552,2026-05-25
160553,2026-05-25
160554,2026-05-25
160555,2026-05-25
160556,2026-05-25
160557,2026-05-25
160558,2026-05-25
160559,2026-05-25
160560,2026-05-25
160561,2026-05-25
160562,2026-05-25
160563,2026-05-25
160564,2026-05-25
160565,2026-05-25
160566,2026-05-25
160567,2026-05-25
160568,2026-05-25
160569,2026-05-25
160570,2026-05-25
160571,2026-05-25
160572,2026-05-25
160573,2026-05-25
160574,2026-05-25
160575,2026-05-25
160577,2026-05-25
160579,2026-05-25
160580,2026-05-25
160581,2026-05-25
160582,2026-05-25
160583,2026-05-25
160584,2026-05-25
160585,2026-05-25
160586,2026-05-25
160587,2026-05-25
160588,2026-05-25
160589,2026-05-25
160590,2026-05-25
160591,2026-05-25
160592,2026-05-25
160594,2026-05-25
160595,2026-05-25
160596,2026-05-25
160597,2026-05-25
160598,2026-05-25
160600,2026-05-25
160601,2026-05-25
160602,2026-05-25
160603,2026-05-25
160604,2026-05-25
160605,2026-05-25
160607,2026-05-25
160608,2026-05-25
160609,2026-05-25
160610,2026-05-25
160611,2026-05-25
160612,2026-05-25
160613,2026-05-25
160614,2026-05-25
160615,2026-05-25
160616,2026-05-25
160617,2026-05-25
160618,2026-05-25
160619,2026-05-25
160620,2026-05-25
160621,2026-05-25
160622,2026-05-25
160623,2026-05-25
160624,2026-05-25
160625,2026-05-25
160626,2026-05-25
160627,2026-05-25
160628,2026-05-25
160629,2026-05-25
160630,2026-05-26
160631,2026-05-26
160632,2026-05-26
160633,2026-05-26
160634,2026-05-26
160635,2026-05-26
160636,2026-05-26
160637,2026-05-26
160638,2026-05-26
160639,2026-05-26
160640,2026-05-26
160641,2026-05-26
160642,2026-05-26
160643,2026-05-26
160644,2026-05-26
160645,2026-05-26
160646,2026-05-26
160647,2026-05-26
160650,2026-05-26
160651,2026-05-26
160652,2026-05-26
160653,2026-05-26
160654,2026-05-26
160655,2026-05-26
160656,2026-05-26
160657,2026-05-26
160658,2026-05-26
160659,2026-05-26
160660,2026-05-26
160661,2026-05-26
160662,2026-05-26
160663,2026-05-26
160664,2026-05-26
160665,2026-05-26
160666,2026-05-26
160667,2026-05-26
160668,2026-05-26
160669,2026-05-26
160670,2026-05-26
160671,2026-05-26
160672,2026-05-26
160673,2026-05-26
160674,2026-05-26
160675,2026-05-26
160676,2026-05-26
160677,2026-05-26
160678,2026-05-26
160679,2026-05-26
160680,2026-05-26
160681,2026-05-26
160682,2026-05-26
160683,2026-05-26
160684,2026-05-26
160685,2026-05-26
160686,2026-05-26
160687,2026-05-26
160688,2026-05-26
160689,2026-05-26
160690,2026-05-26
160691,2026-05-26
160692,2026-05-26
160693,2026-05-26
160694,2026-05-26
160695,2026-05-26
160696,2026-05-26
160697,2026-05-26
160698,2026-05-26
160699,2026-05-26
160701,2026-05-26
160702,2026-05-26
160703,2026-05-26
160704,2026-05-26
160705,2026-05-26
160706,2026-05-26
160707,2026-05-26
160708,2026-05-26
160709,2026-05-26
160710,2026-05-26
160711,2026-05-26
160712,2026-05-26
160714,2026-05-26
160716,2026-05-26
160717,2026-05-26
160720,2026-05-26
160721,2026-05-26
160722,2026-05-26
160723,2026-05-26
160724,2026-05-26
160725,2026-05-26
160726,2026-05-26
160727,2026-05-26
160728,2026-05-26
160729,2026-05-26
160731,2026-05-26
160732,2026-05-26
160733,2026-05-26
160734,2026-05-26
160735,2026-05-26
160736,2026-05-26
160737,2026-05-26
160738,2026-05-26
160739,2026-05-26
160740,2026-05-26
160741,2026-05-26
160743,2026-05-26
160744,2026-05-26
160745,2026-05-26
160746,2026-05-27
160747,2026-05-27
160748,2026-05-27
160749,2026-05-27
160750,2026-05-27
160751,2026-05-27
160752,2026-05-27
160753,2026-05-27
160754,2026-05-27
160755,2026-05-27
160756,2026-05-27
160757,2026-05-27
160758,2026-05-27
160759,2026-05-27
160760,2026-05-27
160761,2026-05-27
160763,2026-05-27
160764,2026-05-27
160765,2026-05-27
160767,2026-05-27
160768,2026-05-27
160769,2026-05-27
160770,2026-05-27
160771,2026-05-27
160772,2026-05-27
160773,2026-05-27
160775,2026-05-27
160776,2026-05-27
160777,2026-05-27
160778,2026-05-27
160779,2026-05-27
160780,2026-05-27
160781,2026-05-27
160782,2026-05-27
160783,2026-05-27
160784,2026-05-27
160785,2026-05-27
160788,2026-05-27
160789,2026-05-27
160790,2026-05-27
160791,2026-05-27
160792,2026-05-27
160793,2026-05-27
160794,2026-05-27
160795,2026-05-27
160796,2026-05-27
160797,2026-05-27
160798,2026-05-27
160799,2026-05-27
160800,2026-05-27
160801,2026-05-27
160802,2026-05-27
160803,2026-05-27
160804,2026-05-27
160805,2026-05-27
160806,2026-05-27
160807,2026-05-27
160808,2026-05-27
160809,2026-05-27
160811,2026-05-27
160812,2026-05-27
160813,2026-05-27
160815,2026-05-27
160816,2026-05-27
160817,2026-05-27
160818,2026-05-27
160819,2026-05-27
160820,2026-05-27
160821,2026-05-27
160822,2026-05-27
160823,2026-05-27
160824,2026-05-27
160825,2026-05-27
160826,2026-05-27
160827,2026-05-27
160828,2026-05-27
160829,2026-05-27
160830,2026-05-27
160831,2026-05-27
160832,2026-05-27
160834,2026-05-27
160835,2026-05-27
160836,2026-05-27
160837,2026-05-27
160838,2026-05-27
160839,2026-05-27
160840,2026-05-28
160841,2026-05-28
160842,2026-05-28
160843,2026-05-28
160844,2026-05-28
160845,2026-05-28
160846,2026-05-28
160847,2026-05-28
160848,2026-05-28
160849,2026-05-28
160851,2026-05-28
160852,2026-05-28
160853,2026-05-28
160854,2026-05-28
160855,2026-05-28
160856,2026-05-28
160857,2026-05-28
160859,2026-05-28
160860,2026-05-28
160861,2026-05-28
160862,2026-05-28
160863,2026-05-28
160864,2026-05-28
160865,2026-05-28
160866,2026-05-28
160867,2026-05-28
160869,2026-05-28
160870,2026-05-28
160871,2026-05-28
160872,2026-05-28
160873,2026-05-28
160874,2026-05-28
160876,2026-05-28
160877,2026-05-28
160878,2026-05-28
160880,2026-05-28
160881,2026-05-28
160882,2026-05-28
160883,2026-05-28
160884,2026-05-28
160885,2026-05-28
160886,2026-05-28
160888,2026-05-28
160889,2026-05-28
160890,2026-05-28
160891,2026-05-28
160894,2026-05-28
160895,2026-05-28
160896,2026-05-28
160898,2026-05-28
160899,2026-05-28
160900,2026-05-28
160901,2026-05-28
160902,2026-05-28
160903,2026-05-28
160904,2026-05-28
160905,2026-05-28
160906,2026-05-28
160907,2026-05-28
160908,2026-05-28
160909,2026-05-28
160910,2026-05-28
160911,2026-05-28
160912,2026-05-28
160914,2026-05-28
160915,2026-05-28
160916,2026-05-28
160917,2026-05-28
160918,2026-05-28
160919,2026-05-28
160920,2026-05-28
160921,2026-05-28
160922,2026-05-28
160923,2026-05-28
160924,2026-05-28
160925,2026-05-28
160926,2026-05-28
160927,2026-05-28
160928,2026-05-28
160929,2026-05-28
160931,2026-05-28
160932,2026-05-28
160933,2026-05-28
160934,2026-05-28
160935,2026-05-28
160936,2026-05-28
160937,2026-05-28
160938,2026-05-28
160939,2026-05-28
160940,2026-05-28
160941,2026-05-29
160942,2026-05-29
160943,2026-05-29
160944,2026-05-29
160945,2026-05-29
160946,2026-05-29
160947,2026-05-29
160948,2026-05-29
160949,2026-05-29
160950,2026-05-29
160951,2026-05-29
160952,2026-05-29
160953,2026-05-29
160954,2026-05-29
160955,2026-05-29
160958,2026-05-29
160959,2026-05-29
160960,2026-05-29
160961,2026-05-29
160962,2026-05-29
160963,2026-05-29
160965,2026-05-29
160966,2026-05-29
160967,2026-05-29
160968,2026-05-29
160969,2026-05-29
160970,2026-05-29
160971,2026-05-29
160972,2026-05-29
160973,2026-05-29
160974,2026-05-29
160975,2026-05-29
160976,2026-05-29
160977,2026-05-29
160978,2026-05-29
160979,2026-05-29
160980,2026-05-29
160981,2026-05-29
160982,2026-05-29
160983,2026-05-29
160984,2026-05-29
160985,2026-05-29
160986,2026-05-29
160987,2026-05-29
160988,2026-05-29
160989,2026-05-29
160990,2026-05-29
160991,2026-05-29
160992,2026-05-29
160993,2026-05-29
160994,2026-05-29
160995,2026-05-29
160996,2026-05-29
160997,2026-05-29
160998,2026-05-29
160999,2026-05-29
161000,2026-05-29
161001,2026-05-29
161002,2026-05-29
161003,2026-05-29
161004,2026-05-29
161005,2026-05-29
161006,2026-05-29
161007,2026-05-29
161012,2026-05-29
161013,2026-05-29
161014,2026-05-29
161015,2026-05-29
161016,2026-05-29
161017,2026-05-29
161018,2026-05-29
161019,2026-05-29
161020,2026-05-29
161021,2026-05-29
161022,2026-05-29
161023,2026-05-29
161024,2026-05-29
161025,2026-05-29
161026,2026-05-29
161027,2026-05-29
161028,2026-05-29
161029,2026-05-29
161030,2026-05-29
161031,2026-05-29
161032,2026-05-29
161033,2026-05-29
161034,2026-05-29
161035,2026-05-29
161036,2026-05-29
161037,2026-05-29
161038,2026-05-29
161040,2026-05-29
161041,2026-05-29
161042,2026-05-29
161043,2026-05-29
161045,2026-05-29
161049,2026-05-29
161051,2026-05-29
161054,2026-05-29
161055,2026-05-29
161056,2026-05-29
161057,2026-05-29
161058,2026-05-29
161059,2026-05-29
161060,2026-05-29
161061,2026-05-29
161062,2026-05-29
161063,2026-05-29
161064,2026-05-30
161065,2026-05-30
161066,2026-05-30
161067,2026-05-30
161068,2026-05-30
161069,2026-05-30
161070,2026-05-30
161073,2026-05-30
161074,2026-05-30
161075,2026-05-30
161076,2026-05-30
161077,2026-05-30
161078,2026-05-30
161079,2026-05-30
161080,2026-05-30
161081,2026-05-30
161082,2026-05-30
161083,2026-05-30
161084,2026-05-30
161085,2026-05-30
161086,2026-05-30
161087,2026-05-30
161088,2026-05-30
161089,2026-05-30
161090,2026-05-30
161091,2026-05-30
161092,2026-05-30
161093,2026-05-30
161094,2026-05-30
161095,2026-05-30
161096,2026-05-30
161097,2026-05-30
161098,2026-05-30
161100,2026-05-30
161101,2026-05-30
161102,2026-05-30
161103,2026-05-30
161104,2026-05-30
161105,2026-05-30
161106,2026-05-30
161107,2026-05-30
161108,2026-05-30
161109,2026-05-30
161110,2026-05-30
161111,2026-05-30
161112,2026-05-30
161113,2026-05-30
161114,2026-05-30
161115,2026-05-30
161116,2026-05-30
161117,2026-05-30
161118,2026-05-30
161119,2026-05-30
161120,2026-05-30
161121,2026-05-30
161122,2026-05-30
161123,2026-05-30
161124,2026-05-30
161125,2026-05-30
161126,2026-05-30
161127,2026-05-30
161128,2026-05-30
161129,2026-05-30
161130,2026-05-30
161131,2026-05-30
161132,2026-05-30
161133,2026-05-30
161134,2026-05-30
161135,2026-05-30
161136,2026-05-30
161137,2026-05-30
161138,2026-05-30
161139,2026-05-30
161140,2026-05-30
161141,2026-05-30
161142,2026-05-30
161143,2026-05-30
161144,2026-05-30
161145,2026-05-30
161146,2026-05-30
161147,2026-05-30
161148,2026-05-30
161149,2026-05-30
161150,2026-05-30
161151,2026-05-30
161152,2026-05-30
161153,2026-05-30
161154,2026-05-30
161155,2026-05-30
161156,2026-05-30
161157,2026-05-30
161158,2026-05-30
161159,2026-05-30
161160,2026-05-30
161161,2026-05-30
161162,2026-05-30
161163,2026-05-30
161164,2026-05-30
161165,2026-05-30
161166,2026-05-30
161167,2026-05-30
161168,2026-06-01
161169,2026-06-01
161170,2026-06-01
161171,2026-06-01
161173,2026-06-01
161174,2026-06-01
161175,2026-06-01
161176,2026-06-01
161177,2026-06-01
161178,2026-06-01
161179,2026-06-01
161180,2026-06-01
161181,2026-06-01
161182,2026-06-01
161184,2026-06-01
161185,2026-06-01
161186,2026-06-01
161187,2026-06-01
161188,2026-06-01
161189,2026-06-01
161190,2026-06-01
161191,2026-06-01
161192,2026-06-01
161193,2026-06-01
161194,2026-06-01
161196,2026-06-01
161198,2026-06-01
161199,2026-06-01
161200,2026-06-01
161201,2026-06-01
161202,2026-06-01
161203,2026-06-01
161204,2026-06-01
161205,2026-06-01
161206,2026-06-01
161207,2026-06-01
161208,2026-06-01
161209,2026-06-01
161210,2026-06-01
161213,2026-06-01
161214,2026-06-01
161215,2026-06-01
161216,2026-06-01
161217,2026-06-01
161218,2026-06-01
161219,2026-06-01
161220,2026-06-01
161221,2026-06-01
161222,2026-06-01
161223,2026-06-01
161224,2026-06-01
161225,2026-06-01
161226,2026-06-01
161227,2026-06-01
161228,2026-06-01
161229,2026-06-01
161230,2026-06-01
161231,2026-06-01
161233,2026-06-01
161234,2026-06-01
161235,2026-06-01
161236,2026-06-01
161237,2026-06-01
161238,2026-06-01
161239,2026-06-01
161240,2026-06-01
161241,2026-06-01
161242,2026-06-01
161243,2026-06-01
161244,2026-06-01
161245,2026-06-01
161247,2026-06-01
161248,2026-06-01
161249,2026-06-01
161250,2026-06-01
161251,2026-06-01
161252,2026-06-01
161253,2026-06-01
161254,2026-06-01
161255,2026-06-01
161256,2026-06-01
161257,2026-06-01
161258,2026-06-01
161259,2026-06-01
161260,2026-06-01
161261,2026-06-01
161263,2026-06-01
161264,2026-06-01
161265,2026-06-02
161266,2026-06-02
161267,2026-06-02
161268,2026-06-02
161269,2026-06-02
161270,2026-06-02
161271,2026-06-02
161272,2026-06-02
161273,2026-06-02
161274,2026-06-02
161275,2026-06-02
161276,2026-06-02
161277,2026-06-02
161279,2026-06-02
161280,2026-06-02
161281,2026-06-02
161282,2026-06-02
161283,2026-06-02
161285,2026-06-02
161287,2026-06-02
161288,2026-06-02
161289,2026-06-02
161290,2026-06-02
161291,2026-06-02
161293,2026-06-02
161294,2026-06-02
161295,2026-06-02
161296,2026-06-02
161297,2026-06-02
161298,2026-06-02
161299,2026-06-02
161300,2026-06-02
161301,2026-06-02
161302,2026-06-02
161303,2026-06-02
161304,2026-06-02
161305,2026-06-02
161306,2026-06-02
161307,2026-06-02
161308,2026-06-02
161309,2026-06-02
161310,2026-06-02
161311,2026-06-02
161312,2026-06-02
161313,2026-06-02
161314,2026-06-02
161315,2026-06-02
161316,2026-06-02
161317,2026-06-02
161318,2026-06-02
161319,2026-06-02
161320,2026-06-02
161321,2026-06-02
161322,2026-06-02
161323,2026-06-02
161324,2026-06-02
161325,2026-06-02
161326,2026-06-02
161327,2026-06-02
161328,2026-06-02
161329,2026-06-02
161330,2026-06-02
161331,2026-06-02
161332,2026-06-02
161333,2026-06-02
161334,2026-06-02
161335,2026-06-02
161336,2026-06-02
161337,2026-06-02
161338,2026-06-02
161339,2026-06-02
161340,2026-06-02
161341,2026-06-02
161342,2026-06-02
161343,2026-06-02
161344,2026-06-02
161345,2026-06-02
161346,2026-06-02
161347,2026-06-02
161348,2026-06-02
161349,2026-06-02
161350,2026-06-02
161351,2026-06-02
161352,2026-06-02
161353,2026-06-02
161354,2026-06-02
161355,2026-06-02
161356,2026-06-02
161357,2026-06-02
161358,2026-06-02
161360,2026-06-02
161361,2026-06-02
161362,2026-06-02
161363,2026-06-02
161364,2026-06-02
161365,2026-06-02
161366,2026-06-02
161367,2026-06-02
161368,2026-06-02
161370,2026-06-02
161372,2026-06-02
161373,2026-06-02
161374,2026-06-02
161375,2026-06-02
161376,2026-06-03
161377,2026-06-03
161378,2026-06-03
161379,2026-06-03
161380,2026-06-03
161381,2026-06-03
161383,2026-06-03
161384,2026-06-03
161385,2026-06-03
161386,2026-06-03
161387,2026-06-03
161388,2026-06-03
161389,2026-06-03
161390,2026-06-03
161391,2026-06-03
161392,2026-06-03
161394,2026-06-03
161395,2026-06-03
161396,2026-06-03
161398,2026-06-03
161399,2026-06-03
161401,2026-06-03
161402,2026-06-03
161403,2026-06-03
161404,2026-06-03
161405,2026-06-03
161406,2026-06-03
161407,2026-06-03
161408,2026-06-03
161409,2026-06-03
161410,2026-06-03
161411,2026-06-03
161412,2026-06-03
161413,2026-06-03
161414,2026-06-03
161415,2026-06-03
161416,2026-06-03
161417,2026-06-03
161418,2026-06-03
161419,2026-06-03
161420,2026-06-03
161421,2026-06-03
161422,2026-06-03
161423,2026-06-03
161424,2026-06-03
161425,2026-06-03
161426,2026-06-03
161427,2026-06-03
161428,2026-06-03
161429,2026-06-03
161430,2026-06-03
161431,2026-06-03
161432,2026-06-03
161433,2026-06-03
161434,2026-06-03
161435,2026-06-03
161436,2026-06-03
161437,2026-06-03
161438,2026-06-03
161439,2026-06-03
161440,2026-06-03
161441,2026-06-03
161442,2026-06-03
161443,2026-06-03
161444,2026-06-03
161445,2026-06-03
161446,2026-06-03
161447,2026-06-03
161448,2026-06-03
161449,2026-06-03
161450,2026-06-03
161451,2026-06-03
161452,2026-06-03
161453,2026-06-03
161454,2026-06-03
161455,2026-06-03
161456,2026-06-03
161457,2026-06-03
161458,2026-06-03
161459,2026-06-03
161460,2026-06-03
161461,2026-06-03
161462,2026-06-03
161463,2026-06-03
161464,2026-06-03
161465,2026-06-03
161466,2026-06-03
161467,2026-06-03
161468,2026-06-03
161469,2026-06-03
161470,2026-06-03
161471,2026-06-03
161472,2026-06-03
161473,2026-06-03
161474,2026-06-03
161476,2026-06-03
161477,2026-06-04
161478,2026-06-04
161479,2026-06-04
161480,2026-06-04
161481,2026-06-04
161482,2026-06-04
161483,2026-06-04
161484,2026-06-04
161485,2026-06-04
161486,2026-06-04
161487,2026-06-04
161488,2026-06-04
161489,2026-06-04
161490,2026-06-04
161491,2026-06-04
161492,2026-06-04
161493,2026-06-04
161494,2026-06-04
161495,2026-06-04
161496,2026-06-04
161497,2026-06-04
161498,2026-06-04
161499,2026-06-04
161500,2026-06-04
161501,2026-06-04
161502,2026-06-04
161503,2026-06-04
161504,2026-06-04
161505,2026-06-04
161506,2026-06-04
161507,2026-06-04
161508,2026-06-04
161509,2026-06-04
161510,2026-06-04
161511,2026-06-04
161512,2026-06-04
161513,2026-06-04
161514,2026-06-04
161515,2026-06-04
161516,2026-06-04
161517,2026-06-04
161519,2026-06-04
161520,2026-06-04
161521,2026-06-04
161522,2026-06-04
161523,2026-06-04
161525,2026-06-04
161526,2026-06-04
161527,2026-06-04
161528,2026-06-04
161529,2026-06-04
161530,2026-06-04
161531,2026-06-04
161532,2026-06-04
161533,2026-06-04
161534,2026-06-04
161535,2026-06-04
161536,2026-06-04
161537,2026-06-04
161538,2026-06-04
161539,2026-06-04
161540,2026-06-04
161541,2026-06-04
161542,2026-06-04
161543,2026-06-04
161545,2026-06-04
161546,2026-06-04
161547,2026-06-04
161548,2026-06-04
161549,2026-06-04
161550,2026-06-04
161551,2026-06-04
161552,2026-06-04
161553,2026-06-04
161554,2026-06-04
161555,2026-06-04
161556,2026-06-04
161557,2026-06-04
161558,2026-06-04
161559,2026-06-04
161560,2026-06-04
161561,2026-06-04
161562,2026-06-04
161563,2026-06-04
161564,2026-06-04
161565,2026-06-04
161566,2026-06-04
161567,2026-06-04
161568,2026-06-04
161569,2026-06-04
161570,2026-06-04
161571,2026-06-04
161572,2026-06-04
161573,2026-06-04
161574,2026-06-04
161575,2026-06-04
161576,2026-06-04
161577,2026-06-04
161578,2026-06-04
161579,2026-06-05
161580,2026-06-05
161581,2026-06-05
161582,2026-06-05
161583,2026-06-05
161584,2026-06-05
161585,2026-06-05
161586,2026-06-05
161587,2026-06-05
161588,2026-06-05
161589,2026-06-05
161590,2026-06-05
161591,2026-06-05
161592,2026-06-05
161593,2026-06-05
161594,2026-06-05
161595,2026-06-05
161596,2026-06-05
161597,2026-06-05
161598,2026-06-05
161599,2026-06-05
161600,2026-06-05
161601,2026-06-05
161602,2026-06-05
161603,2026-06-05
161604,2026-06-05
161605,2026-06-05
161606,2026-06-05
161607,2026-06-05
161608,2026-06-05
161610,2026-06-05
161611,2026-06-05
161612,2026-06-05
161613,2026-06-05
161614,2026-06-05
161615,2026-06-05
161616,2026-06-05
161617,2026-06-05
161618,2026-06-05
161619,2026-06-05
161620,2026-06-05
161621,2026-06-05
161622,2026-06-05
161623,2026-06-05
161624,2026-06-05
161625,2026-06-05
161626,2026-06-05
161627,2026-06-05
161628,2026-06-05
161629,2026-06-05
161630,2026-06-05
161636,2026-06-05
161637,2026-06-05
161638,2026-06-05
161639,2026-06-05
161640,2026-06-05
161641,2026-06-05
161642,2026-06-05
161643,2026-06-05
161644,2026-06-05
161645,2026-06-05
161646,2026-06-05
161647,2026-06-05
161648,2026-06-05
161649,2026-06-05
161650,2026-06-05
161651,2026-06-05
161652,2026-06-05
161653,2026-06-05
161654,2026-06-05
161655,2026-06-05
161656,2026-06-05
161658,2026-06-05
161661,2026-06-05
161664,2026-06-05
161665,2026-06-05
161666,2026-06-05
161667,2026-06-05
161669,2026-06-05
161670,2026-06-06
161671,2026-06-06
161672,2026-06-06
161673,2026-06-06
161674,2026-06-06
161675,2026-06-06
161676,2026-06-06
161678,2026-06-06
161679,2026-06-06
161680,2026-06-06
161681,2026-06-06
161682,2026-06-06
161683,2026-06-06
161684,2026-06-06
161685,2026-06-06
161686,2026-06-06
161687,2026-06-06
161688,2026-06-06
161689,2026-06-06
161690,2026-06-06
161691,2026-06-06
161692,2026-06-06
161693,2026-06-06
161694,2026-06-06
161695,2026-06-06
161696,2026-06-06
161697,2026-06-06
161698,2026-06-06
161699,2026-06-06
161700,2026-06-06
161701,2026-06-06
161702,2026-06-06
161703,2026-06-06
161705,2026-06-06
161706,2026-06-06
161707,2026-06-06
161708,2026-06-06
161709,2026-06-06
161710,2026-06-06
161711,2026-06-06
161712,2026-06-06
161713,2026-06-06
161714,2026-06-06
161716,2026-06-06
161717,2026-06-06
161718,2026-06-06
161719,2026-06-06
161720,2026-06-06
161721,2026-06-06
161722,2026-06-06
161723,2026-06-06
161724,2026-06-06
161725,2026-06-06
161726,2026-06-06
161727,2026-06-06
161728,2026-06-06
161729,2026-06-06
161730,2026-06-06
161731,2026-06-06
161732,2026-06-06
161733,2026-06-06
161734,2026-06-06
161735,2026-06-06
161736,2026-06-06
161737,2026-06-06
161738,2026-06-06
161739,2026-06-06
161740,2026-06-06
161741,2026-06-06
161742,2026-06-06
161743,2026-06-06
161744,2026-06-06
161745,2026-06-06
161746,2026-06-06
161747,2026-06-06
161749,2026-06-06
161750,2026-06-06
161751,2026-06-06
161752,2026-06-06
161753,2026-06-06
161754,2026-06-06
161755,2026-06-06
161756,2026-06-06
161757,2026-06-06
161758,2026-06-06
161760,2026-06-06
161761,2026-06-06
161762,2026-06-06
161763,2026-06-06
161764,2026-06-06
161765,2026-06-06
161766,2026-06-06
161768,2026-06-06
161769,2026-06-06
161770,2026-06-06
161771,2026-06-06
161772,2026-06-06
161773,2026-06-06
161774,2026-06-06
161775,2026-06-06
161776,2026-06-06
161777,2026-06-06
161778,2026-06-08
161779,2026-06-08
161780,2026-06-08
161781,2026-06-08
161782,2026-06-08
161783,2026-06-08
161784,2026-06-08
161785,2026-06-08
161786,2026-06-08
161787,2026-06-08
161788,2026-06-08
161789,2026-06-08
161790,2026-06-08
161791,2026-06-08
161792,2026-06-08
161793,2026-06-08
161794,2026-06-08
161795,2026-06-08
161796,2026-06-08
161797,2026-06-08
161798,2026-06-08
161799,2026-06-08
161800,2026-06-08
161801,2026-06-08
161802,2026-06-08
161803,2026-06-08
161804,2026-06-08
161805,2026-06-08
161806,2026-06-08
161807,2026-06-08
161808,2026-06-08
161809,2026-06-08
161810,2026-06-08
161811,2026-06-08
161812,2026-06-08
161813,2026-06-08
161814,2026-06-08
161815,2026-06-08
161816,2026-06-08
161817,2026-06-08
161818,2026-06-08
161819,2026-06-08
161820,2026-06-08
161821,2026-06-08
161822,2026-06-08
161823,2026-06-08
161824,2026-06-08
161825,2026-06-08
161826,2026-06-08
161827,2026-06-08
161828,2026-06-08
161829,2026-06-08
161830,2026-06-08
161832,2026-06-08
161833,2026-06-08
161834,2026-06-08
161835,2026-06-08
161836,2026-06-08
161837,2026-06-08
161838,2026-06-08
161839,2026-06-08
161840,2026-06-08
161841,2026-06-08
161842,2026-06-08
161843,2026-06-08
161844,2026-06-08
161845,2026-06-08
161846,2026-06-08
161847,2026-06-08
161848,2026-06-08
161849,2026-06-08
161850,2026-06-08
161851,2026-06-08
161852,2026-06-08
161853,2026-06-08
161854,2026-06-08
161855,2026-06-08
161856,2026-06-08
161858,2026-06-08
161859,2026-06-08
161860,2026-06-09
161861,2026-06-09
161862,2026-06-09
161863,2026-06-09
161864,2026-06-09
161865,2026-06-09
161866,2026-06-09
161867,2026-06-09
161869,2026-06-09
161870,2026-06-09
161871,2026-06-09
161872,2026-06-09
161873,2026-06-09
161875,2026-06-09
161878,2026-06-09
161879,2026-06-09
161880,2026-06-09
161883,2026-06-09
161884,2026-06-09
161885,2026-06-09
161886,2026-06-09
161887,2026-06-09
161888,2026-06-09
161889,2026-06-09
161890,2026-06-09
161891,2026-06-09
161892,2026-06-09
161893,2026-06-09
161894,2026-06-09
161895,2026-06-09
161896,2026-06-09
161897,2026-06-09
161898,2026-06-09
161899,2026-06-09
161900,2026-06-09
161901,2026-06-09
161902,2026-06-09
161903,2026-06-09
161904,2026-06-09
161905,2026-06-09
161906,2026-06-09
161907,2026-06-09
161908,2026-06-09
161909,2026-06-09
161910,2026-06-09
161911,2026-06-09
161912,2026-06-09
161913,2026-06-09
161914,2026-06-09
161915,2026-06-09
161916,2026-06-09
161917,2026-06-09
161918,2026-06-09
161919,2026-06-09
161920,2026-06-09
161921,2026-06-09
161922,2026-06-09
161923,2026-06-09
161924,2026-06-09
161925,2026-06-09
161926,2026-06-09
161927,2026-06-09
161928,2026-06-09
161929,2026-06-09
161930,2026-06-09
161931,2026-06-09
161932,2026-06-09
161933,2026-06-09
161934,2026-06-09
161935,2026-06-09
161936,2026-06-09
161937,2026-06-09
161938,2026-06-09
161939,2026-06-09
161940,2026-06-09
161941,2026-06-09
161942,2026-06-09
161943,2026-06-09
161944,2026-06-09
161945,2026-06-09
161946,2026-06-09
161947,2026-06-09
161948,2026-06-09
161949,2026-06-09
161950,2026-06-09
161951,2026-06-09
161952,2026-06-09
161953,2026-06-09
161954,2026-06-09
161955,2026-06-09
161956,2026-06-09
161957,2026-06-09
161958,2026-06-09
161959,2026-06-09
161960,2026-06-09
161961,2026-06-09
161962,2026-06-09
161963,2026-06-09
161964,2026-06-10
161965,2026-06-10
161966,2026-06-10
161967,2026-06-10
161968,2026-06-10
161969,2026-06-10
161970,2026-06-10
161971,2026-06-10
161972,2026-06-10
161974,2026-06-10
161975,2026-06-10
161976,2026-06-10
161977,2026-06-10
161978,2026-06-10
161979,2026-06-10
161981,2026-06-10
161984,2026-06-10
161985,2026-06-10
161986,2026-06-10
161987,2026-06-10
161988,2026-06-10
161989,2026-06-10
161990,2026-06-10
161991,2026-06-10
161992,2026-06-10
161993,2026-06-10
161995,2026-06-10
161997,2026-06-10
161998,2026-06-10
161999,2026-06-10
162000,2026-06-10
162001,2026-06-10
162002,2026-06-10
162003,2026-06-10
162004,2026-06-10
162005,2026-06-10
162006,2026-06-10
162007,2026-06-10
162008,2026-06-10
162009,2026-06-10
162010,2026-06-10
162011,2026-06-10
162012,2026-06-10
162014,2026-06-10
162015,2026-06-10
162016,2026-06-10
162017,2026-06-10
162018,2026-06-10
162019,2026-06-10
162020,2026-06-10
162021,2026-06-10
162022,2026-06-10
162023,2026-06-10
162024,2026-06-10
162025,2026-06-10
162026,2026-06-10
162027,2026-06-10
162028,2026-06-10
162029,2026-06-10
162030,2026-06-10
162031,2026-06-10
162033,2026-06-10
162034,2026-06-10
162035,2026-06-10
162036,2026-06-10
162037,2026-06-10
162038,2026-06-10
162039,2026-06-10
162040,2026-06-10
162041,2026-06-10
162042,2026-06-10
162043,2026-06-10
162044,2026-06-10
162048,2026-06-10
162049,2026-06-10
162050,2026-06-10
162052,2026-06-10
162053,2026-06-10
162054,2026-06-10
162055,2026-06-10
162056,2026-06-10
162057,2026-06-10
162061,2026-06-10
162062,2026-06-10
162063,2026-06-10
162064,2026-06-10
162065,2026-06-10
162066,2026-06-10
162068,2026-06-10
162069,2026-06-10
162070,2026-06-10
162071,2026-06-10
162072,2026-06-10
162073,2026-06-11
162074,2026-06-11
162075,2026-06-11
162076,2026-06-11
162077,2026-06-11
162078,2026-06-11
162079,2026-06-11
162080,2026-06-11
162081,2026-06-11
162083,2026-06-11
162085,2026-06-11
162086,2026-06-11
162087,2026-06-11
162088,2026-06-11
162089,2026-06-11
162090,2026-06-11
162092,2026-06-11
162093,2026-06-11
162094,2026-06-11
162095,2026-06-11
162096,2026-06-11
162097,2026-06-11
162098,2026-06-11
162099,2026-06-11
162100,2026-06-11
162101,2026-06-11
162102,2026-06-11
162103,2026-06-11
162104,2026-06-11
162105,2026-06-11
162106,2026-06-11
162107,2026-06-11
162108,2026-06-11
162109,2026-06-11
162110,2026-06-11
162111,2026-06-11
162112,2026-06-11
162113,2026-06-11
162114,2026-06-11
162115,2026-06-11
162116,2026-06-11
162117,2026-06-11
162118,2026-06-11
162119,2026-06-11
162120,2026-06-11
162121,2026-06-11
162122,2026-06-11
162123,2026-06-11
162124,2026-06-11
162125,2026-06-11
162126,2026-06-11
162127,2026-06-11
162128,2026-06-11
162129,2026-06-11
162130,2026-06-11
162131,2026-06-11
162132,2026-06-11
162133,2026-06-11
162134,2026-06-11
162135,2026-06-11
162136,2026-06-11
162137,2026-06-11
162138,2026-06-11
162139,2026-06-11
162140,2026-06-11
162141,2026-06-11
162143,2026-06-11
162144,2026-06-11
162145,2026-06-11
162146,2026-06-11
162147,2026-06-11
162148,2026-06-11
162149,2026-06-11
162150,2026-06-11
162151,2026-06-11
162152,2026-06-11
162153,2026-06-11
162154,2026-06-11
162156,2026-06-11
162157,2026-06-11
162158,2026-06-11
162160,2026-06-11
162161,2026-06-11
162163,2026-06-11
162164,2026-06-11
162166,2026-06-11
162167,2026-06-11
162168,2026-06-11
162169,2026-06-11
162170,2026-06-11
162171,2026-06-11
162173,2026-06-11
162174,2026-06-11
162175,2026-06-11
162176,2026-06-11
162177,2026-06-11
162178,2026-06-11
162179,2026-06-11
162180,2026-06-12
162181,2026-06-12
162182,2026-06-12
162183,2026-06-12
162184,2026-06-12
162185,2026-06-12
162186,2026-06-12
162194,2026-06-12
162195,2026-06-12
162196,2026-06-12
162197,2026-06-12
162198,2026-06-12
162200,2026-06-12
162201,2026-06-12
162202,2026-06-12
162203,2026-06-12
162204,2026-06-12
162205,2026-06-12
162206,2026-06-12
162207,2026-06-12
162208,2026-06-12
162209,2026-06-12
162210,2026-06-12
162211,2026-06-12
162212,2026-06-12
162213,2026-06-12
162214,2026-06-12
162215,2026-06-12
162216,2026-06-12
162217,2026-06-12
162218,2026-06-12
162220,2026-06-12
162221,2026-06-12
162222,2026-06-12
162223,2026-06-12
162224,2026-06-12
162225,2026-06-12
162227,2026-06-12
162228,2026-06-12
162229,2026-06-12
162231,2026-06-12
162232,2026-06-12
162233,2026-06-12
162234,2026-06-12
162235,2026-06-12
162236,2026-06-12
162237,2026-06-12
162238,2026-06-12
162239,2026-06-12
162240,2026-06-12
162241,2026-06-12
162242,2026-06-12
162243,2026-06-12
162244,2026-06-12
162245,2026-06-12
162246,2026-06-12
162247,2026-06-12
162248,2026-06-12
162251,2026-06-12
162252,2026-06-12
162253,2026-06-12
162254,2026-06-12
162255,2026-06-12
162256,2026-06-12
162257,2026-06-12
162258,2026-06-12
162259,2026-06-12
162260,2026-06-12
162261,2026-06-12
162262,2026-06-12
162264,2026-06-12
162265,2026-06-12
162266,2026-06-12
162267,2026-06-12
162268,2026-06-12
162269,2026-06-12
162270,2026-06-12
162271,2026-06-12
162272,2026-06-12
162273,2026-06-12
162274,2026-06-12
162275,2026-06-12
162276,2026-06-12
162277,2026-06-12
162278,2026-06-12
162279,2026-06-12
162280,2026-06-12
162281,2026-06-12
162282,2026-06-12
162284,2026-06-13
162285,2026-06-13
162286,2026-06-13
162288,2026-06-13
162289,2026-06-13
162290,2026-06-13
162292,2026-06-13
162295,2026-06-13
162296,2026-06-13
162297,2026-06-13
162298,2026-06-13
162299,2026-06-13
162300,2026-06-13
162301,2026-06-13
162302,2026-06-13
162303,2026-06-13
162304,2026-06-13
162305,2026-06-13
162306,2026-06-13
162307,2026-06-13
162309,2026-06-13
162310,2026-06-13
162311,2026-06-13
162312,2026-06-13
162313,2026-06-13
162314,2026-06-13
162317,2026-06-13
162318,2026-06-13
162319,2026-06-13
162320,2026-06-13
162322,2026-06-13
162324,2026-06-13
162325,2026-06-13
162326,2026-06-13
162328,2026-06-13
162329,2026-06-13
162330,2026-06-13
162331,2026-06-13
162332,2026-06-13
162333,2026-06-13
162334,2026-06-13
162335,2026-06-13
162336,2026-06-13
162338,2026-06-13
162341,2026-06-13
162342,2026-06-13
162344,2026-06-13
162345,2026-06-13
162347,2026-06-13
162348,2026-06-13
162349,2026-06-13
162350,2026-06-13
162352,2026-06-13
162353,2026-06-13
162354,2026-06-13
162355,2026-06-13
162356,2026-06-13
162357,2026-06-13
162358,2026-06-13
162359,2026-06-13
162360,2026-06-13
162361,2026-06-13
162362,2026-06-13
162364,2026-06-13
162365,2026-06-13
162366,2026-06-13
162367,2026-06-13
162368,2026-06-13
162369,2026-06-13
162370,2026-06-13
162371,2026-06-13
162372,2026-06-13
162373,2026-06-13
162374,2026-06-13
162375,2026-06-13
162378,2026-06-13
162379,2026-06-13
162380,2026-06-13
162381,2026-06-13
162382,2026-06-13
162383,2026-06-13
162384,2026-06-13
162385,2026-06-13
162386,2026-06-13
162388,2026-06-13
162389,2026-06-13
162390,2026-06-13
162391,2026-06-13
162392,2026-06-13
162393,2026-06-13
162394,2026-06-13
162395,2026-06-15
162396,2026-06-15
162397,2026-06-15
162398,2026-06-15
162399,2026-06-15
162400,2026-06-15
162402,2026-06-15
162403,2026-06-15
162404,2026-06-15
162405,2026-06-15
162407,2026-06-15
162408,2026-06-15
162411,2026-06-15
162412,2026-06-15
162413,2026-06-15
162415,2026-06-15
162416,2026-06-15
162417,2026-06-15
162418,2026-06-15
162420,2026-06-15
162421,2026-06-15
162424,2026-06-15
162425,2026-06-15
162426,2026-06-15
162427,2026-06-15
162428,2026-06-15
162429,2026-06-15
162430,2026-06-15
162431,2026-06-15
162432,2026-06-15
162433,2026-06-15
162434,2026-06-15
162435,2026-06-15
162436,2026-06-15
162437,2026-06-15
162438,2026-06-15
162439,2026-06-15
162440,2026-06-15
162441,2026-06-15
162442,2026-06-15
162443,2026-06-15
162444,2026-06-15
162445,2026-06-15
162446,2026-06-15
162447,2026-06-15
162448,2026-06-15
162449,2026-06-15
162450,2026-06-15
162451,2026-06-15
162453,2026-06-15
162454,2026-06-15
162455,2026-06-15
162456,2026-06-15
162457,2026-06-15
162458,2026-06-15
162459,2026-06-15
162460,2026-06-15
162461,2026-06-15
162462,2026-06-15
162463,2026-06-15
162464,2026-06-15
162465,2026-06-15
162466,2026-06-15
162467,2026-06-15
162468,2026-06-15
162469,2026-06-15
162470,2026-06-15
162471,2026-06-15
162473,2026-06-15
162474,2026-06-15
162475,2026-06-15
162476,2026-06-15
162477,2026-06-15
162478,2026-06-15
162479,2026-06-15
162481,2026-06-15
162482,2026-06-15
162483,2026-06-15
162484,2026-06-16
162485,2026-06-16
162486,2026-06-16
162487,2026-06-16
162488,2026-06-16
162489,2026-06-16
162490,2026-06-16
162491,2026-06-16
162492,2026-06-16
162493,2026-06-16
162494,2026-06-16
162495,2026-06-16
162496,2026-06-16
162497,2026-06-16
162498,2026-06-16
162499,2026-06-16
162500,2026-06-16
162501,2026-06-16
162502,2026-06-16
162503,2026-06-16
162504,2026-06-16
162505,2026-06-16
162506,2026-06-16
162507,2026-06-16
162508,2026-06-16
162509,2026-06-16
162510,2026-06-16
162511,2026-06-16
162512,2026-06-16
162513,2026-06-16
162514,2026-06-16
162515,2026-06-16
162516,2026-06-16
162517,2026-06-16
162518,2026-06-16
162519,2026-06-16
162520,2026-06-16
162522,2026-06-16
162523,2026-06-16
162524,2026-06-16
162525,2026-06-16
162526,2026-06-16
162527,2026-06-16
162528,2026-06-16
162529,2026-06-16
162530,2026-06-16
162531,2026-06-16
162532,2026-06-16
162533,2026-06-16
162534,2026-06-16
162535,2026-06-16
162536,2026-06-16
162537,2026-06-16
162538,2026-06-16
162539,2026-06-16
162540,2026-06-16
162541,2026-06-16
162542,2026-06-16
162543,2026-06-16
162544,2026-06-16
162545,2026-06-16
162546,2026-06-16
162547,2026-06-16
162548,2026-06-16
162549,2026-06-16
162550,2026-06-16
162551,2026-06-16
162552,2026-06-16
162553,2026-06-16
162554,2026-06-16
162556,2026-06-16
162557,2026-06-16
162558,2026-06-16
162559,2026-06-16
162560,2026-06-16
162561,2026-06-16
162562,2026-06-16
162564,2026-06-16
162565,2026-06-16
162566,2026-06-16
162567,2026-06-16
162568,2026-06-16
162569,2026-06-16
162570,2026-06-16
162571,2026-06-16
162572,2026-06-16
162573,2026-06-16
162574,2026-06-17
162575,2026-06-17
162576,2026-06-17
162577,2026-06-17
162578,2026-06-17
162579,2026-06-17
162580,2026-06-17
162581,2026-06-17
162582,2026-06-17
162583,2026-06-17
162584,2026-06-17
162585,2026-06-17
162586,2026-06-17
162587,2026-06-17
162588,2026-06-17
162589,2026-06-17
162591,2026-06-17
162592,2026-06-17
162593,2026-06-17
162594,2026-06-17
162595,2026-06-17
162596,2026-06-17
162597,2026-06-17
162598,2026-06-17
162599,2026-06-17
162600,2026-06-17
162601,2026-06-17
162602,2026-06-17
162603,2026-06-17
162605,2026-06-17
162606,2026-06-17
162607,2026-06-17
162608,2026-06-17
162609,2026-06-17
162610,2026-06-17
162611,2026-06-17
162612,2026-06-17
162613,2026-06-17
162614,2026-06-17
162615,2026-06-17
162616,2026-06-17
162617,2026-06-17
162618,2026-06-17
162619,2026-06-17
162620,2026-06-17
162621,2026-06-17
162622,2026-06-17
162623,2026-06-17
162624,2026-06-17
162632,2026-06-17
162633,2026-06-17
162634,2026-06-17
162636,2026-06-17
162637,2026-06-17
162638,2026-06-17
162639,2026-06-17
162640,2026-06-17
162641,2026-06-17
162642,2026-06-17
162643,2026-06-17
162644,2026-06-17
162645,2026-06-17
162646,2026-06-17
162647,2026-06-17
162649,2026-06-17
162650,2026-06-17
162651,2026-06-17
162653,2026-06-17
162654,2026-06-17
162655,2026-06-17
162656,2026-06-17
162657,2026-06-17
162658,2026-06-17
162659,2026-06-17
162660,2026-06-17
162661,2026-06-17
162662,2026-06-17
162663,2026-06-17
162664,2026-06-17
162665,2026-06-17
162666,2026-06-17
162667,2026-06-17
162668,2026-06-17
162669,2026-06-17
162670,2026-06-17
162671,2026-06-17
162673,2026-06-17
162675,2026-06-17
162676,2026-06-17
162677,2026-06-17
162678,2026-06-17
162679,2026-06-17
162680,2026-06-17
162681,2026-06-18
162682,2026-06-18
162683,2026-06-18
162684,2026-06-18
162685,2026-06-18
162686,2026-06-18
162688,2026-06-18
162689,2026-06-18
162690,2026-06-18
162691,2026-06-18
162692,2026-06-18
162693,2026-06-18
162694,2026-06-18
162695,2026-06-18
162696,2026-06-18
162697,2026-06-18
162698,2026-06-18
162699,2026-06-18
162700,2026-06-18
162701,2026-06-18
162702,2026-06-18
162703,2026-06-18
162704,2026-06-18
162705,2026-06-18
162706,2026-06-18
162707,2026-06-18
162708,2026-06-18
162709,2026-06-18
162711,2026-06-18
162712,2026-06-18
162713,2026-06-18
162737,2026-07-03
162742,2026-07-03
162743,2026-07-03
162744,2026-07-03
162745,2026-07-03
162746,2026-07-03
